PRIMA	O	O	O	O	
PARTE	O	O	O	O	
.	O	O	O	O	

....	O	O	O	O	
fiori	O	O	O	O	
animati	O	O	O	O	
esperti	O	O	O	O	
de	O	O	O	O	
la	O	O	O	O	
gioia	O	O	O	O	
e	O	O	O	O	
de	O	O	O	O	
l	O	O	O	O	
'	O	O	O	O	
affanno	O	O	O	O	
.	O	O	O	O	

I	O	O	O	O	
.	O	O	O	O	

S	O	O	O	O	
'	O	O	O	O	
eran	O	O	O	O	
conosciuti	O	O	O	O	
,	O	O	O	O	
una	O	O	O	O	
mattina	O	O	O	O	
di	O	O	O	O	
vento	O	O	O	O	
e	O	O	O	O	
di	O	O	O	O	
sole	B-LOC	O	O	O	
,	O	O	O	O	
in	O	O	O	O	
un	B-GPE	O	O	O	
piccolo	I-GPE	O	O	O	
paese	I-GPE	O	O	O	
sulle	O	O	O	O	
rive	B-LOC	O	O	O	
del	I-LOC	O	O	O	
lago	I-LOC	O	O	O	
.	O	O	O	O	

Egli	O	O	O	O	
aveva	O	O	O	O	
otto	O	O	O	O	
anni	O	O	O	O	
e	O	O	O	O	
si	O	O	O	O	
chiamava	O	O	O	O	
Brunello	B-PER	O	O	O	
.	O	O	O	O	

Un	O	O	O	O	
giorno	O	O	O	O	
doveva	O	O	O	O	
essere	O	O	O	O	
il	O	B-PER	O	O	
conte	O	I-PER	O	O	
Bruno	O	I-PER	O	O	
Traldi	O	I-PER	O	O	
di	O	I-PER	O	O	
San	B-GPE	I-PER	O	O	
Pietro	I-GPE	I-PER	O	O	
,	O	O	O	O	
con	O	O	O	O	
un	O	O	O	O	
largo	O	O	O	O	
stemma	O	O	O	O	
,	O	O	O	O	
varii	O	O	O	O	
titoli	O	O	O	O	
d	O	O	O	O	
'	O	O	O	O	
antichi	O	O	O	O	
dominii	O	O	O	O	
perduti	O	O	O	O	
e	O	O	O	O	
quel	O	O	O	O	
tanto	O	O	O	O	
di	O	O	O	O	
patrimonio	O	O	O	O	
che	O	O	O	O	
Fabiano	B-PER	O	O	O	
suo	I-PER	O	O	O	
padre	I-PER	O	O	O	
,	I-PER	O	O	O	
giuocatore	I-PER	O	O	O	
,	O	O	O	O	
avrebbe	O	O	O	O	
potuto	O	O	O	O	
lasciargli	O	O	O	O	
.	O	O	O	O	

Ella	O	O	O	O	
si	O	O	O	O	
chiamava	O	O	O	O	
semplicemente	O	O	O	O	
Nicoletta	B-PER	O	O	O	
Dossena	I-PER	O	O	O	
,	O	O	O	O	
apparteneva	O	O	O	O	
a	O	O	O	O	
famiglia	B-PER	O	O	O	
borghese	I-PER	O	O	O	
arricchitasi	O	O	O	O	
nell	O	O	O	O	
'	O	O	O	O	
industria	O	O	O	O	
;	O	O	O	O	
contava	O	O	O	O	
diciotto	O	O	O	O	
anni	O	O	O	O	
,	O	O	O	O	
era	O	O	O	O	
dritta	O	O	O	O	
nell	O	O	O	O	
'	O	O	O	O	
anima	O	O	O	O	
come	O	O	O	O	
nel	O	O	O	O	
corpo	O	O	O	O	
;	O	O	O	O	
alta	O	O	O	O	
e	O	O	O	O	
formosa	O	O	O	O	
.	O	O	O	O	

Il	B-PER	O	O	O	
piccolo	I-PER	O	O	O	
Bruno	I-PER	O	O	O	
aveva	O	O	O	O	
già	O	O	O	O	
girato	O	O	O	O	
il	B-LOC	O	O	O	
mondo	I-LOC	O	O	O	
.	O	O	O	O	

Recava	O	O	O	O	
dentro	O	O	O	O	
di	O	O	O	O	
sè	O	O	O	O	
una	O	O	O	O	
malinconia	O	O	O	O	
e	O	O	O	O	
una	O	O	O	O	
rabbia	O	O	O	O	
di	O	O	O	O	
ribellione	O	O	O	O	
,	O	O	O	O	
un	O	O	O	O	
germe	O	O	O	O	
di	O	O	O	O	
scoramento	O	O	O	O	
e	O	O	O	O	
una	O	O	O	O	
volontà	O	O	O	O	
d	O	O	O	O	
'	O	O	O	O	
ostinazione	O	O	O	O	
meditata	O	O	O	O	
,	O	O	O	O	
un	O	O	O	O	
gusto	O	O	O	O	
di	O	O	O	O	
beffardaggine	O	O	O	O	
incosciente	O	O	O	O	
,	O	O	O	O	
che	O	O	O	O	
in	O	O	O	O	
così	O	O	O	O	
tenera	O	O	O	O	
anima	O	O	O	O	
sbigottivano	O	O	O	O	
e	O	O	O	O	
parevano	O	O	O	O	
straordinarii	O	O	O	O	
.	O	O	O	O	

Non	O	O	O	O	
aveva	O	O	O	O	
mai	O	O	O	O	
potuto	O	O	O	O	
vivere	O	O	O	O	
in	O	O	O	O	
pace	O	O	O	O	
quei	O	O	O	O	
suoi	O	O	O	O	
pochi	O	O	O	O	
anni	O	O	O	O	
di	O	O	O	O	
vita	O	O	O	O	
.	O	O	O	O	

La	B-PER	O	O	O	
madre	I-PER	O	O	O	
,	I-PER	O	O	O	
Clara	I-PER	O	O	O	
Dolores	I-PER	O	O	O	
,	O	O	O	O	
divisa	O	O	O	O	
dal	O	O	O	O	
conte	B-PER	O	O	O	
Fabiano	I-PER	O	O	O	
,	O	O	O	O	
voleva	O	O	O	O	
il	B-PER	O	O	O	
figlio	I-PER	O	O	O	
;	O	O	O	O	
il	B-PER	O	O	O	
padre	I-PER	O	O	O	
lo	O	O	O	O	
toglieva	O	O	O	O	
alla	O	O	O	O	
madre	B-PER	O	O	O	
:	O	O	O	O	
Bruno	B-PER	O	O	O	
stava	O	O	O	O	
ora	O	O	O	O	
con	O	O	O	O	
l	B-PER	O	O	O	
'	I-PER	O	O	O	
una	I-PER	O	O	O	
,	O	O	O	O	
ora	O	O	O	O	
con	O	O	O	O	
l	B-PER	O	O	O	
'	I-PER	O	O	O	
altro	I-PER	O	O	O	
;	O	O	O	O	
più	O	O	O	O	
spesso	O	O	O	O	
col	O	O	O	O	
padre	B-PER	O	O	O	
,	O	O	O	O	
più	O	O	O	O	
volontieri	O	O	O	O	
con	O	O	O	O	
la	B-PER	O	O	O	
madre	I-PER	O	O	O	
;	O	O	O	O	
avvenivano	O	O	O	O	
liti	O	O	O	O	
,	O	O	O	O	
lavoravano	O	O	O	O	
avvocati	B-PER	O	O	O	
,	O	O	O	O	
si	O	O	O	O	
scambiavano	O	O	O	O	
lettere	O	O	O	O	
e	O	O	O	O	
telegrammi	O	O	O	O	
e	O	O	O	O	
carta	O	O	O	O	
bollata	O	O	O	O	
per	O	O	O	O	
averlo	O	O	O	O	
.	O	O	O	O	

E	O	O	O	O	
da	O	O	O	O	
ultimo	O	O	O	O	
era	O	O	O	O	
intervenuta	O	O	O	O	
anche	O	O	O	O	
la	O	B-PER	O	O	
famiglia	O	I-PER	O	O	
del	O	I-PER	O	O	
conte	B-PER	I-PER	O	O	
Fabiano	I-PER	I-PER	O	O	
,	O	I-PER	O	O	
madre	B-PER	I-PER	O	O	
e	O	I-PER	O	O	
fratelli	B-PER	I-PER	O	O	
,	O	O	O	O	
per	O	O	O	O	
toglierlo	O	O	O	O	
ai	O	O	O	O	
due	B-PER	O	O	O	
coniugi	I-PER	O	O	O	
in	O	O	O	O	
guerra	O	O	O	O	
e	O	O	O	O	
metterlo	O	O	O	O	
in	O	O	O	O	
collegio	B-ORG	O	O	O	
.	O	O	O	O	

Quand	O	O	O	O	
'	O	O	O	O	
era	O	O	O	O	
con	O	O	O	O	
Fabiano	B-PER	O	O	O	
,	O	O	O	O	
godeva	O	O	O	O	
una	O	O	O	O	
libertà	O	O	O	O	
pericolosa	O	O	O	O	
e	O	O	O	O	
piena	O	O	O	O	
;	O	O	O	O	
la	B-PER	O	O	O	
madre	I-PER	O	O	O	
lo	O	O	O	O	
teneva	O	O	O	O	
nascosto	O	O	O	O	
come	O	O	O	O	
un	O	O	O	O	
gioiello	O	O	O	O	
perchè	O	O	O	O	
non	O	O	O	O	
glielo	O	O	O	O	
portassero	O	O	O	O	
via	O	O	O	O	
;	O	O	O	O	
i	B-PER	O	O	O	
parenti	I-PER	O	O	O	
non	O	O	O	O	
erano	O	O	O	O	
riusciti	O	O	O	O	
ancora	O	O	O	O	
ad	O	O	O	O	
averlo	O	O	O	O	
,	O	O	O	O	
e	O	O	O	O	
gli	B-PER	O	O	O	
uomini	I-PER	O	O	O	
di	I-PER	O	O	O	
legge	I-PER	O	O	O	
avevan	O	O	O	O	
trovato	O	O	O	O	
ragione	O	O	O	O	
a	O	O	O	O	
costruire	O	O	O	O	
sulle	O	O	O	O	
pretensioni	O	O	O	O	
di	O	O	O	O	
quella	B-PER	O	O	O	
famiglia	I-PER	O	O	O	
un	O	O	O	O	
edificio	O	O	O	O	
di	O	O	O	O	
cause	O	O	O	O	
e	O	O	O	O	
di	O	O	O	O	
beghe	O	O	O	O	
,	O	O	O	O	
il	O	O	O	O	
quale	O	O	O	O	
non	O	O	O	O	
sarebbe	O	O	O	O	
finito	O	O	O	O	
mai	O	O	O	O	
più	O	O	O	O	
,	O	O	O	O	
ma	O	O	O	O	
fruttava	O	O	O	O	
molto	O	O	O	O	
agli	O	O	O	O	
avvocati	B-PER	O	O	O	
delle	O	O	O	O	
varie	O	O	O	O	
parti	O	O	O	O	
.	O	O	O	O	

Per	O	O	O	O	
tutte	O	O	O	O	
queste	O	O	O	O	
ragioni	O	O	O	O	
degli	O	O	O	O	
altri	O	O	O	O	
,	O	O	O	O	
Bruno	B-PER	O	O	O	
aveva	O	O	O	O	
corso	O	O	O	O	
il	B-LOC	O	O	O	
mondo	I-LOC	O	O	O	
,	O	O	O	O	
ora	O	O	O	O	
con	O	O	O	O	
la	B-PER	O	O	O	
mamma	I-PER	O	O	O	
,	O	O	O	O	
ora	O	O	O	O	
col	O	O	O	O	
papà	B-PER	O	O	O	
,	O	O	O	O	
e	O	O	O	O	
ricordava	O	O	O	O	
d	O	O	O	O	
'	O	O	O	O	
aver	O	O	O	O	
visto	O	O	O	O	
sfilare	O	O	O	O	
sotto	O	O	O	O	
gli	O	O	O	O	
occhi	O	O	O	O	
le	B-GPE	O	O	O	
città	I-GPE	O	O	O	
,	O	O	O	O	
le	B-LOC	O	O	O	
campagne	I-LOC	O	O	O	
,	O	O	O	O	
i	B-LOC	O	O	O	
monti	I-LOC	O	O	O	
,	O	O	O	O	
in	O	O	O	O	
treno	B-VEH	O	O	O	
,	O	O	O	O	
in	O	O	O	O	
carrozza	B-VEH	O	O	O	
,	O	O	O	O	
in	O	O	O	O	
diligenza	O	O	O	O	
,	O	O	O	O	
a	O	O	O	O	
dorso	O	O	O	O	
di	O	O	O	O	
muletto	O	O	O	O	
.	O	O	O	O	

Era	O	O	O	O	
riuscito	O	O	O	O	
,	O	O	O	O	
tra	O	O	O	O	
quel	O	O	O	O	
tumulto	O	O	O	O	
,	O	O	O	O	
a	O	O	O	O	
imparare	O	O	O	O	
a	O	O	O	O	
leggere	O	O	O	O	
e	O	O	O	O	
a	O	O	O	O	
scrivere	O	O	O	O	
e	O	O	O	O	
si	O	O	O	O	
dava	O	O	O	O	
grandi	O	O	O	O	
arie	O	O	O	O	
per	O	O	O	O	
questo	O	O	O	O	
coi	O	O	O	O	
piccoli	B-PER	O	O	O	
amici	I-PER	O	O	O	
che	O	O	O	O	
veniva	O	O	O	O	
a	O	O	O	O	
conoscere	O	O	O	O	
qua	O	O	O	O	
e	O	O	O	O	
là	O	O	O	O	
,	O	O	O	O	
in	O	O	O	O	
un	B-FAC	O	O	O	
albergo	I-FAC	O	O	O	
di	I-FAC	O	O	O	
prim	I-FAC	O	O	O	
'	I-FAC	O	O	O	
ordine	I-FAC	O	O	O	
o	O	O	O	O	
in	O	O	O	O	
una	B-FAC	O	O	O	
casupola	I-FAC	O	O	O	
di	I-FAC	O	O	O	
contadini	I-FAC	O	O	O	
.	O	O	O	O	

Suo	B-PER	O	O	O	
padre	I-PER	O	O	O	
gli	O	O	O	O	
insegnava	O	O	O	O	
qualche	O	O	O	O	
cosa	O	O	O	O	
,	O	O	O	O	
di	O	O	O	O	
tanto	O	O	O	O	
in	O	O	O	O	
tanto	O	O	O	O	
,	O	O	O	O	
per	O	O	O	O	
capriccio	O	O	O	O	
;	O	O	O	O	
sua	B-PER	O	O	O	
madre	I-PER	O	O	O	
lo	O	O	O	O	
istruiva	O	O	O	O	
meglio	O	O	O	O	
,	O	O	O	O	
con	O	O	O	O	
maggior	O	O	O	O	
costanza	O	O	O	O	
.	O	O	O	O	

Aveva	O	O	O	O	
avuto	O	O	O	O	
qualche	B-PER	O	O	O	
maestro	I-PER	O	O	O	
privato	I-PER	O	O	O	
,	O	O	O	O	
una	B-PER	O	O	O	
istitutrice	I-PER	O	O	O	
giovane	I-PER	O	O	O	
e	I-PER	O	O	O	
bruna	I-PER	O	O	O	
che	O	O	O	O	
stava	O	O	O	O	
presso	O	O	O	O	
suo	B-PER	O	O	O	
padre	I-PER	O	O	O	
,	O	O	O	O	
e	O	O	O	O	
di	O	O	O	O	
cui	O	O	O	O	
udiva	O	O	O	O	
parlar	O	O	O	O	
molto	O	O	O	O	
male	O	O	O	O	
da	O	O	O	O	
sua	B-PER	O	O	O	
madre	I-PER	O	O	O	
.	O	O	O	O	

Egli	O	O	O	O	
non	O	O	O	O	
ascoltava	O	O	O	O	
se	O	O	O	O	
non	O	O	O	O	
ciò	O	O	O	O	
che	O	O	O	O	
poteva	O	O	O	O	
divertirlo	O	O	O	O	
,	O	O	O	O	
si	O	O	O	O	
faceva	O	O	O	O	
una	O	O	O	O	
specie	O	O	O	O	
di	O	O	O	O	
coltura	O	O	O	O	
a	O	O	O	O	
brani	O	O	O	O	
,	O	O	O	O	
e	O	O	O	O	
un	O	O	O	O	
giorno	O	O	O	O	
voleva	O	O	O	O	
dipingere	O	O	O	O	
come	O	O	O	O	
Clara	B-PER	O	O	O	
Dolores	I-PER	O	O	O	
,	O	O	O	O	
un	O	O	O	O	
altro	O	O	O	O	
prender	O	O	O	O	
le	O	O	O	O	
sue	O	O	O	O	
note	O	O	O	O	
di	O	O	O	O	
viaggio	O	O	O	O	
come	O	O	O	O	
Fabiano	B-PER	O	O	O	
,	O	O	O	O	
un	O	O	O	O	
terzo	O	O	O	O	
vivere	O	O	O	O	
non	O	O	O	O	
facendo	O	O	O	O	
nulla	O	O	O	O	
o	O	O	O	O	
guidando	O	O	O	O	
i	O	O	O	O	
cavalli	O	O	O	O	
.	O	O	O	O	

Il	B-PER	O	O	O	
conte	I-PER	O	O	O	
Fabiano	I-PER	O	O	O	
aveva	O	O	O	O	
venduto	O	O	O	O	
,	O	O	O	O	
ricomprato	O	O	O	O	
,	O	O	O	O	
tornato	O	O	O	O	
a	O	O	O	O	
vendere	O	O	O	O	
la	B-FAC	O	O	O	
sua	I-FAC	O	O	O	
scuderia	I-FAC	O	O	O	
;	O	O	O	O	
ma	O	O	O	O	
dovunque	O	O	O	O	
andava	O	O	O	O	
,	O	O	O	O	
teneva	O	O	O	O	
carrozza	B-VEH	O	O	O	
;	O	O	O	O	
sontuosa	O	O	O	O	
o	O	O	O	O	
no	O	O	O	O	
,	O	O	O	O	
a	O	O	O	O	
seconda	O	O	O	O	
dei	O	O	O	O	
colpi	O	O	O	O	
di	O	O	O	O	
fortuna	O	O	O	O	
.	O	O	O	O	

Talora	O	O	O	O	
egli	O	O	O	O	
e	O	O	O	O	
il	B-PER	O	O	O	
bambino	I-PER	O	O	O	
erano	O	O	O	O	
ricchi	O	O	O	O	
e	O	O	O	O	
scialavano	O	O	O	O	
;	O	O	O	O	
talora	O	O	O	O	
veniva	O	O	O	O	
una	O	O	O	O	
raffica	O	O	O	O	
dal	O	O	O	O	
tappeto	O	O	O	O	
verde	O	O	O	O	
,	O	O	O	O	
che	O	O	O	O	
portava	O	O	O	O	
via	O	O	O	O	
quasi	O	O	O	O	
tutto	O	O	O	O	
.	O	O	O	O	

Scendevano	O	O	O	O	
allora	O	O	O	O	
dall	O	O	O	O	
'	O	O	O	O	
albergo	B-FAC	O	O	O	
di	I-FAC	O	O	O	
prim	I-FAC	O	O	O	
'	I-FAC	O	O	O	
ordine	I-FAC	O	O	O	
a	O	O	O	O	
qualche	B-FAC	O	O	O	
albergo	I-FAC	O	O	O	
pieno	O	O	O	O	
di	O	O	O	O	
poesia	O	O	O	O	
e	O	O	O	O	
d	O	O	O	O	
'	O	O	O	O	
incomodi	O	O	O	O	
,	O	O	O	O	
in	O	O	O	O	
un	B-GPE	O	O	O	
paesetto	I-GPE	O	O	O	
qualsiasi	I-GPE	O	O	O	
;	O	O	O	O	
la	B-VEH	O	O	O	
carrozza	I-VEH	O	O	O	
spariva	O	O	O	O	
;	O	O	O	O	
si	O	O	O	O	
vedevano	O	O	O	O	
intorno	O	O	O	O	
a	O	O	O	O	
Fabiano	B-PER	O	O	O	
certi	B-PER	O	O	O	
uomini	I-PER	O	O	O	
melliflui	I-PER	O	O	O	
e	I-PER	O	O	O	
diffidenti	I-PER	O	O	O	
che	O	O	O	O	
gli	O	O	O	O	
procuravan	O	O	O	O	
danari	O	O	O	O	
.	O	O	O	O	

E	O	O	O	O	
allora	O	O	O	O	
Fabiano	B-PER	O	O	O	
e	O	O	O	O	
Brunello	B-PER	O	O	O	
ripartivano	O	O	O	O	
,	O	O	O	O	
riprendevano	O	O	O	O	
la	O	O	O	O	
vita	O	O	O	O	
grande	O	O	O	O	
,	O	O	O	O	
sin	O	O	O	O	
che	O	O	O	O	
la	B-PER	O	O	O	
mamma	I-PER	O	O	O	
sopraggiungeva	O	O	O	O	
,	O	O	O	O	
faceva	O	O	O	O	
una	O	O	O	O	
scena	O	O	O	O	
a	O	O	O	O	
Fabiano	B-PER	O	O	O	
e	O	O	O	O	
si	O	O	O	O	
portava	O	O	O	O	
via	O	O	O	O	
Brunello	B-PER	O	O	O	
.	O	O	O	O	

Con	O	O	O	O	
lei	O	O	O	O	
,	O	O	O	O	
il	B-PER	O	O	O	
bambino	I-PER	O	O	O	
tornava	O	O	O	O	
bambino	B-PER	O	O	O	
;	O	O	O	O	
andava	O	O	O	O	
a	O	O	O	O	
letto	O	O	O	O	
presto	O	O	O	O	
,	O	O	O	O	
mangiava	O	O	O	O	
regolarmente	O	O	O	O	
tre	O	O	O	O	
volte	O	O	O	O	
al	O	O	O	O	
giorno	O	O	O	O	
,	O	O	O	O	
in	O	O	O	O	
ore	O	O	O	O	
fisse	O	O	O	O	
:	O	O	O	O	
studiava	O	O	O	O	
un	O	O	O	O	
poco	O	O	O	O	
,	O	O	O	O	
giuocava	O	O	O	O	
,	O	O	O	O	
non	O	O	O	O	
aveva	O	O	O	O	
per	O	O	O	O	
amici	B-PER	O	O	O	
i	B-PER	O	O	O	
domestici	I-PER	O	O	O	
e	O	O	O	O	
i	B-PER	O	O	O	
cocchieri	I-PER	O	O	O	
,	O	O	O	O	
ma	O	O	O	O	
altri	B-PER	O	O	O	
piccoli	I-PER	O	O	O	
ragazzi	I-PER	O	O	O	
,	O	O	O	O	
che	O	O	O	O	
gli	O	O	O	O	
parevano	O	O	O	O	
molto	O	O	O	O	
stupidi	O	O	O	O	
;	O	O	O	O	
si	O	O	O	O	
lasciava	O	O	O	O	
cullare	O	O	O	O	
da	O	O	O	O	
tenerezze	O	O	O	O	
continue	O	O	O	O	
e	O	O	O	O	
si	O	O	O	O	
annoiava	O	O	O	O	
leggermente	O	O	O	O	
.	O	O	O	O	

Aveva	O	O	O	O	
al	O	O	O	O	
suo	O	O	O	O	
seguito	O	O	O	O	
un	O	O	O	O	
cane	O	O	O	O	
di	O	O	O	O	
Terranova	B-GPE	O	O	O	
con	O	O	O	O	
pochissime	O	O	O	O	
pulci	O	O	O	O	
,	O	O	O	O	
mentre	O	O	O	O	
il	O	O	O	O	
barbone	O	O	O	O	
del	O	O	O	O	
papà	B-PER	O	O	O	
ne	O	O	O	O	
formicolava	O	O	O	O	
un	O	O	O	O	
giorno	O	O	O	O	
e	O	O	O	O	
l	O	O	O	O	
'	O	O	O	O	
indomani	O	O	O	O	
,	O	O	O	O	
per	O	O	O	O	
improvviso	O	O	O	O	
ordine	O	O	O	O	
del	O	O	O	O	
conte	B-PER	O	O	O	
,	O	O	O	O	
pareva	O	O	O	O	
tutto	O	O	O	O	
di	O	O	O	O	
seta	O	O	O	O	
,	O	O	O	O	
e	O	O	O	O	
puzzava	O	O	O	O	
di	O	O	O	O	
mille	O	O	O	O	
profumi	O	O	O	O	
che	O	O	O	O	
lo	O	O	O	O	
facevano	O	O	O	O	
starnutare	O	O	O	O	
ad	O	O	O	O	
ogni	O	O	O	O	
passo	O	O	O	O	
.	O	O	O	O	

D	O	O	O	O	
'	O	O	O	O	
improvviso	O	O	O	O	
ricompariva	O	O	O	O	
il	B-PER	O	O	O	
papà	I-PER	O	O	O	
.	O	O	O	O	

Egli	O	O	O	O	
minacciava	O	O	O	O	
di	O	O	O	O	
bruciarsi	O	O	O	O	
le	O	O	O	O	
cervella	O	O	O	O	
se	O	O	O	O	
non	O	O	O	O	
gli	O	O	O	O	
restituivano	O	O	O	O	
il	B-PER	O	O	O	
bambino	I-PER	O	O	O	
;	O	O	O	O	
la	B-PER	O	O	O	
mamma	I-PER	O	O	O	
correva	O	O	O	O	
dall	O	O	O	O	
'	O	O	O	O	
avvocato	B-PER	O	O	O	
,	O	O	O	O	
poi	O	O	O	O	
sveniva	O	O	O	O	
,	O	O	O	O	
e	O	O	O	O	
il	B-PER	O	O	O	
bambino	I-PER	O	O	O	
finiva	O	O	O	O	
col	O	O	O	O	
riprendere	O	O	O	O	
la	B-FAC	O	O	O	
strada	I-FAC	O	O	O	
insieme	O	O	O	O	
al	O	O	O	O	
padre	B-PER	O	O	O	
.	O	O	O	O	

Brunello	B-PER	O	O	O	
viveva	O	O	O	O	
di	O	O	O	O	
questa	O	O	O	O	
vita	O	O	O	O	
,	O	O	O	O	
dalla	O	O	O	O	
nascita	O	O	O	O	
,	O	O	O	O	
attonito	O	O	O	O	
,	O	O	O	O	
impassibile	O	O	O	O	
,	O	O	O	O	
osservando	O	O	O	O	
;	O	O	O	O	
non	O	O	O	O	
poteva	O	O	O	O	
affezionarsi	O	O	O	O	
nè	O	O	O	O	
a	O	O	O	O	
luogo	O	O	O	O	
nè	O	O	O	O	
a	O	O	O	O	
persona	B-PER	O	O	O	
,	O	O	O	O	
e	O	O	O	O	
si	O	O	O	O	
contentava	O	O	O	O	
d	O	O	O	O	
'	O	O	O	O	
aver	O	O	O	O	
qualche	O	O	O	O	
preferenza	O	O	O	O	
;	O	O	O	O	
la	B-PER	O	O	O	
madre	I-PER	O	O	O	
,	O	O	O	O	
il	B-PER	O	O	O	
padre	I-PER	O	O	O	
,	O	O	O	O	
i	B-PER	O	O	O	
parenti	I-PER	O	O	O	
,	O	O	O	O	
i	B-PER	O	O	O	
conoscenti	I-PER	O	O	O	
,	O	O	O	O	
gli	O	O	O	O	
sembravano	O	O	O	O	
curiosi	O	O	O	O	
e	O	O	O	O	
simpatici	O	O	O	O	
,	O	O	O	O	
quantunque	O	O	O	O	
sentisse	O	O	O	O	
che	O	O	O	O	
poteva	O	O	O	O	
fidarsene	O	O	O	O	
mediocremente	O	O	O	O	
.	O	O	O	O	

C	O	O	O	O	
'	O	O	O	O	
era	O	O	O	O	
del	O	O	O	O	
fracasso	O	O	O	O	
,	O	O	O	O	
dell	O	O	O	O	
'	O	O	O	O	
impreveduto	O	O	O	O	
,	O	O	O	O	
della	O	O	O	O	
commedia	O	O	O	O	
,	O	O	O	O	
nella	O	O	O	O	
sua	O	O	O	O	
esistenza	O	O	O	O	
.	O	O	O	O	

Capiva	O	O	O	O	
ch	O	O	O	O	
'	O	O	O	O	
egli	O	O	O	O	
era	O	O	O	O	
causa	O	O	O	O	
o	O	O	O	O	
pretesto	O	O	O	O	
,	O	O	O	O	
o	O	O	O	O	
a	O	O	O	O	
vicenda	O	O	O	O	
pretesto	O	O	O	O	
e	O	O	O	O	
causa	O	O	O	O	
di	O	O	O	O	
tutto	O	O	O	O	
un	O	O	O	O	
congegnoso	O	O	O	O	
affanno	O	O	O	O	
;	O	O	O	O	
e	O	O	O	O	
assisteva	O	O	O	O	
,	O	O	O	O	
inconsapevole	B-PER	O	O	O	
spettatore	I-PER	O	O	O	
,	O	O	O	O	
alla	O	O	O	O	
commedia	O	O	O	O	
,	O	O	O	O	
senza	O	O	O	O	
potersi	O	O	O	O	
dire	O	O	O	O	
s	O	O	O	O	
'	O	O	O	O	
egli	O	O	O	O	
valeva	O	O	O	O	
o	O	O	O	O	
non	O	O	O	O	
valeva	O	O	O	O	
tanto	O	O	O	O	
da	O	O	O	O	
commuovere	O	O	O	O	
i	O	O	O	O	
personaggi	O	O	O	O	
,	O	O	O	O	
ch	O	O	O	O	
'	O	O	O	O	
erano	O	O	O	O	
cospicui	O	O	O	O	
e	O	O	O	O	
a	O	O	O	O	
lui	O	O	O	O	
parevano	O	O	O	O	
grandissimi	O	O	O	O	
.	O	O	O	O	

Intanto	O	O	O	O	
viaggiava	O	O	O	O	
;	O	O	O	O	
egli	O	O	O	O	
,	O	O	O	O	
il	B-PER	O	O	O	
padre	I-PER	O	O	O	
,	O	O	O	O	
il	O	O	O	O	
cane	O	O	O	O	
barbone	O	O	O	O	
che	O	O	O	O	
si	O	O	O	O	
chiamava	O	O	O	O	
Tiè	O	O	O	O	
,	O	O	O	O	
e	O	O	O	O	
molti	O	O	O	O	
bauli	O	O	O	O	
;	O	O	O	O	
un	O	O	O	O	
intero	O	O	O	O	
baule	O	O	O	O	
serviva	O	O	O	O	
pei	O	O	O	O	
balocchi	O	O	O	O	
,	O	O	O	O	
magnifici	O	O	O	O	
e	O	O	O	O	
varii	O	O	O	O	
,	O	O	O	O	
acquistati	O	O	O	O	
da	O	O	O	O	
Fabiano	B-PER	O	O	O	
con	O	O	O	O	
la	O	O	O	O	
prodigalità	O	O	O	O	
che	O	O	O	O	
questi	O	O	O	O	
usava	O	O	O	O	
in	O	O	O	O	
tutte	O	O	O	O	
le	O	O	O	O	
cose	O	O	O	O	
di	O	O	O	O	
sua	O	O	O	O	
vita	O	O	O	O	
.	O	O	O	O	

Ma	O	O	O	O	
qualche	O	O	O	O	
volta	O	O	O	O	
Bruno	B-PER	O	O	O	
era	O	O	O	O	
colto	O	O	O	O	
da	O	O	O	O	
malinconia	O	O	O	O	
e	O	O	O	O	
da	O	O	O	O	
scoramento	O	O	O	O	
.	O	O	O	O	

Voleva	O	O	O	O	
la	B-PER	O	O	O	
mamma	I-PER	O	O	O	
,	O	O	O	O	
se	O	O	O	O	
era	O	O	O	O	
col	O	O	O	O	
papà	B-PER	O	O	O	
;	O	O	O	O	
o	O	O	O	O	
voleva	O	O	O	O	
il	B-PER	O	O	O	
papà	I-PER	O	O	O	
,	O	O	O	O	
se	O	O	O	O	
era	O	O	O	O	
con	O	O	O	O	
la	B-PER	O	O	O	
mamma	I-PER	O	O	O	
.	O	O	O	O	

Quei	B-PER	O	O	O	
due	I-PER	O	O	O	
non	O	O	O	O	
potevano	O	O	O	O	
star	O	O	O	O	
mai	O	O	O	O	
insieme	O	O	O	O	
e	O	O	O	O	
in	O	O	O	O	
pace	O	O	O	O	
;	O	O	O	O	
e	O	O	O	O	
questo	O	O	O	O	
inconveniente	O	O	O	O	
lo	O	O	O	O	
disturbava	O	O	O	O	
molto	O	O	O	O	
.	O	O	O	O	

Arrivavano	O	O	O	O	
in	O	O	O	O	
un	B-GPE	O	O	O	
paese	I-GPE	O	O	O	
,	O	O	O	O	
gli	O	O	O	O	
portavano	O	O	O	O	
nella	O	O	O	O	
camera	B-FAC	O	O	O	
il	O	O	O	O	
baule	O	O	O	O	
perchè	O	O	O	O	
si	O	O	O	O	
divertisse	O	O	O	O	
,	O	O	O	O	
e	O	O	O	O	
Bruno	B-PER	O	O	O	
toglieva	O	O	O	O	
dalla	O	O	O	O	
compagnia	O	O	O	O	
delle	O	O	O	O	
marionette	O	O	O	O	
il	B-PER	O	O	O	
Re	I-PER	O	O	O	
moro	I-PER	O	O	O	
,	O	O	O	O	
e	O	O	O	O	
arrampicatosi	O	O	O	O	
con	O	O	O	O	
quello	O	O	O	O	
sul	O	O	O	O	
coperchio	O	O	O	O	
,	O	O	O	O	
rimaneva	O	O	O	O	
seduto	O	O	O	O	
malinconico	O	O	O	O	
a	O	O	O	O	
sognare	O	O	O	O	
.	O	O	O	O	

Poi	O	O	O	O	
c	O	O	O	O	
'	O	O	O	O	
erano	O	O	O	O	
i	O	O	O	O	
giorni	O	O	O	O	
in	O	O	O	O	
cui	O	O	O	O	
pioveva	O	O	O	O	
e	O	O	O	O	
nevicava	O	O	O	O	
.	O	O	O	O	

In	O	O	O	O	
alcune	B-GPE	O	O	O	
città	I-GPE	O	O	O	
,	O	O	O	O	
la	O	O	O	O	
pioggia	O	O	O	O	
e	O	O	O	O	
la	O	O	O	O	
neve	O	O	O	O	
parevan	O	O	O	O	
più	O	O	O	O	
uggiose	O	O	O	O	
che	O	O	O	O	
in	O	O	O	O	
qualunque	O	O	O	O	
altro	O	O	O	O	
luogo	O	O	O	O	
del	O	O	O	O	
mondo	B-LOC	O	O	O	
;	O	O	O	O	
non	O	O	O	O	
s	O	O	O	O	
'	O	O	O	O	
udiva	O	O	O	O	
che	O	O	O	O	
il	O	O	O	O	
rumore	O	O	O	O	
di	O	O	O	O	
qualche	B-VEH	O	O	O	
carrozza	I-VEH	O	O	O	
,	O	O	O	O	
lo	O	O	O	O	
scalpito	O	O	O	O	
d	O	O	O	O	
'	O	O	O	O	
un	O	O	O	O	
ronzino	O	O	O	O	
,	O	O	O	O	
a	O	O	O	O	
lunghi	O	O	O	O	
intervalli	O	O	O	O	
.	O	O	O	O	

Bruno	B-PER	O	O	O	
passava	O	O	O	O	
ore	O	O	O	O	
con	O	O	O	O	
la	O	O	O	O	
fronte	O	O	O	O	
e	O	O	O	O	
il	O	O	O	O	
naso	O	O	O	O	
schiacciato	O	O	O	O	
contro	O	O	O	O	
il	O	O	O	O	
vetro	O	O	O	O	
d	O	O	O	O	
'	O	O	O	O	
una	O	O	O	O	
finestra	O	O	O	O	
a	O	O	O	O	
guardar	O	O	O	O	
nella	O	O	O	O	
via	O	O	O	O	
una	O	O	O	O	
processione	O	O	O	O	
d	O	O	O	O	
'	O	O	O	O	
ombrelli	O	O	O	O	
,	O	O	O	O	
o	O	O	O	O	
su	O	O	O	O	
in	O	O	O	O	
alto	O	O	O	O	
qualche	O	O	O	O	
raro	O	O	O	O	
volo	O	O	O	O	
di	O	O	O	O	
colombi	O	O	O	O	
e	O	O	O	O	
di	O	O	O	O	
passeri	O	O	O	O	
.	O	O	O	O	

Erano	O	O	O	O	
i	O	O	O	O	
giorni	O	O	O	O	
in	O	O	O	O	
cui	O	O	O	O	
non	O	O	O	O	
si	O	O	O	O	
faceva	O	O	O	O	
niente	O	O	O	O	
di	O	O	O	O	
bello	O	O	O	O	
,	O	O	O	O	
non	O	O	O	O	
si	O	O	O	O	
usciva	O	O	O	O	
a	O	O	O	O	
passeggio	O	O	O	O	
,	O	O	O	O	
non	O	O	O	O	
si	O	O	O	O	
andava	O	O	O	O	
a	O	O	O	O	
teatro	B-FAC	O	O	O	
,	O	O	O	O	
non	O	O	O	O	
si	O	O	O	O	
mangiavano	O	O	O	O	
i	O	O	O	O	
dolci	O	O	O	O	
nelle	O	O	O	O	
pasticcerie	B-FAC	O	O	O	
;	O	O	O	O	
e	O	O	O	O	
non	O	O	O	O	
perchè	O	O	O	O	
pioveva	O	O	O	O	
o	O	O	O	O	
nevicava	O	O	O	O	
,	O	O	O	O	
ma	O	O	O	O	
perchè	O	O	O	O	
il	B-PER	O	O	O	
babbo	I-PER	O	O	O	
aveva	O	O	O	O	
pochi	O	O	O	O	
quattrini	O	O	O	O	
o	O	O	O	O	
anche	O	O	O	O	
non	O	O	O	O	
ne	O	O	O	O	
aveva	O	O	O	O	
punti	O	O	O	O	
,	O	O	O	O	
e	O	O	O	O	
stava	O	O	O	O	
ad	O	O	O	O	
aspettarli	O	O	O	O	
.	O	O	O	O	

Bruno	B-PER	O	O	O	
aspettava	O	O	O	O	
egli	O	O	O	O	
pure	O	O	O	O	
,	O	O	O	O	
soffiando	O	O	O	O	
sui	O	O	O	O	
vetri	O	O	O	O	
e	O	O	O	O	
disegnando	O	O	O	O	
pupazzi	O	O	O	O	
col	O	O	O	O	
ditino	O	O	O	O	
nel	O	O	O	O	
velo	O	O	O	O	
del	O	O	O	O	
fiato	O	O	O	O	
;	O	O	O	O	
ma	O	O	O	O	
ciò	O	O	O	O	
non	O	O	O	O	
bastava	O	O	O	O	
a	O	O	O	O	
divertirlo	O	O	O	O	
.	O	O	O	O	

Finalmente	O	O	O	O	
Fabiano	B-PER	O	O	O	
aveva	O	O	O	O	
avuto	O	O	O	O	
una	O	O	O	O	
buona	O	O	O	O	
idea	O	O	O	O	
ed	O	O	O	O	
era	O	O	O	O	
partito	O	O	O	O	
col	O	O	O	O	
figlio	B-PER	O	O	O	
per	O	O	O	O	
una	B-GPE	O	O	O	
città	I-GPE	O	O	O	
che	O	O	O	O	
sorgeva	O	O	O	O	
di	O	O	O	O	
là	O	O	O	O	
dalle	O	O	O	O	
pianure	B-LOC	O	O	O	
e	O	O	O	O	
dalle	O	O	O	O	
montagne	B-LOC	O	O	O	
,	O	O	O	O	
oltre	B-LOC	O	O	O	
i	I-LOC	O	O	O	
fiumi	I-LOC	O	O	O	
mormoranti	I-LOC	O	O	O	
nella	I-LOC	O	O	O	
loro	I-LOC	O	O	O	
spuma	I-LOC	O	O	O	
argentea	I-LOC	O	O	O	
.	O	O	O	O	

E	O	O	O	O	
dentro	O	O	O	O	
la	B-GPE	O	O	O	
città	I-GPE	O	O	O	
,	O	O	O	O	
Bruno	B-PER	O	O	O	
aveva	O	O	O	O	
trovato	O	O	O	O	
un	O	O	O	O	
tramestìo	O	O	O	O	
che	O	O	O	O	
non	O	O	O	O	
aveva	O	O	O	O	
mai	O	O	O	O	
visto	O	O	O	O	
,	O	O	O	O	
un	O	O	O	O	
passaggio	O	O	O	O	
continuo	O	O	O	O	
di	O	O	O	O	
carrozze	B-VEH	O	O	O	
e	O	O	O	O	
di	O	O	O	O	
omnibus	B-VEH	O	O	O	
a	I-VEH	O	O	O	
tre	I-VEH	O	O	O	
cavalli	I-VEH	O	O	O	
e	O	O	O	O	
di	O	O	O	O	
carri	B-VEH	O	O	O	
e	O	O	O	O	
di	O	O	O	O	
carrette	B-VEH	O	O	O	
,	O	O	O	O	
e	O	O	O	O	
gente	B-PER	O	O	O	
che	O	O	O	O	
galoppava	O	O	O	O	
tutto	O	O	O	O	
il	O	O	O	O	
giorno	O	O	O	O	
e	O	O	O	O	
fracasso	O	O	O	O	
e	O	O	O	O	
urti	O	O	O	O	
e	O	O	O	O	
fretta	O	O	O	O	
e	O	O	O	O	
scalpitar	O	O	O	O	
di	O	O	O	O	
zoccoli	O	O	O	O	
ferrati	O	O	O	O	
sul	O	O	O	O	
selciato	O	O	O	O	
liscio	O	O	O	O	
.	O	O	O	O	

Di	O	O	O	O	
sera	O	O	O	O	
,	O	O	O	O	
una	O	O	O	O	
festa	O	O	O	O	
di	O	O	O	O	
lumi	O	O	O	O	
ovunque	O	O	O	O	
,	O	O	O	O	
in	O	O	O	O	
lunghe	O	O	O	O	
file	O	O	O	O	
sulle	O	O	O	O	
rive	B-LOC	O	O	O	
d	I-LOC	O	O	O	
'	I-LOC	O	O	O	
un	I-LOC	O	O	O	
fiume	I-LOC	O	O	O	
,	O	O	O	O	
a	O	O	O	O	
tondo	O	O	O	O	
sulle	O	O	O	O	
piazze	B-LOC	O	O	O	
,	O	O	O	O	
in	O	O	O	O	
alto	O	O	O	O	
dentro	O	O	O	O	
le	B-FAC	O	O	O	
case	I-FAC	O	O	O	
,	O	O	O	O	
nei	O	O	O	O	
larghi	O	O	O	O	
spazii	O	O	O	O	
delle	O	O	O	O	
vetrine	O	O	O	O	
;	O	O	O	O	
e	O	O	O	O	
lo	O	O	O	O	
scalpito	O	O	O	O	
e	O	O	O	O	
il	O	O	O	O	
tumulto	O	O	O	O	
non	O	O	O	O	
cessavano	O	O	O	O	
mai	O	O	O	O	
.	O	O	O	O	

La	O	B-FAC	O	O	
casa	O	I-FAC	O	O	
di	O	I-FAC	O	O	
Fabiano	B-PER	I-FAC	O	O	
fu	O	O	O	O	
subito	O	O	O	O	
frequentata	O	O	O	O	
da	O	O	O	O	
ufficiali	B-PER	O	O	O	
che	O	O	O	O	
vestivano	O	O	O	O	
chiassosamente	O	O	O	O	
coi	O	O	O	O	
calzoni	O	O	O	O	
rossi	O	O	O	O	
,	O	O	O	O	
le	O	O	O	O	
giacche	O	O	O	O	
azzurre	O	O	O	O	
e	O	O	O	O	
gli	O	O	O	O	
alamari	O	O	O	O	
bianchi	O	O	O	O	
alle	O	O	O	O	
giacche	O	O	O	O	
;	O	O	O	O	
e	O	O	O	O	
venivano	O	O	O	O	
anche	O	O	O	O	
damine	B-PER	O	O	O	
gentili	I-PER	O	O	O	
molto	O	O	O	O	
odorose	O	O	O	O	
.	O	O	O	O	

Tutti	B-PER	O	O	O	
parlavano	O	O	O	O	
una	O	O	O	O	
lingua	O	O	O	O	
diversa	O	O	O	O	
dall	O	O	O	O	
'	O	O	O	O	
italiano	O	O	O	O	
;	O	O	O	O	
chiacchieravano	O	O	O	O	
,	O	O	O	O	
ridevano	O	O	O	O	
,	O	O	O	O	
--	O	O	O	O	
il	B-FAC	O	O	O	
salotto	I-FAC	O	O	O	
pareva	O	O	O	O	
un	O	O	O	O	
'	O	O	O	O	
uccelliera	O	O	O	O	
coi	O	O	O	O	
più	O	O	O	O	
garruli	O	O	O	O	
uccelli	O	O	O	O	
,	O	O	O	O	
--	O	O	O	O	
prendevano	O	O	O	O	
il	O	O	O	O	
tè	O	O	O	O	
col	O	O	O	O	
babbo	B-PER	O	O	O	
,	O	O	O	O	
che	O	O	O	O	
parlava	O	O	O	O	
quella	O	O	O	O	
lingua	O	O	O	O	
speditamente	O	O	O	O	
,	O	O	O	O	
ciò	O	O	O	O	
che	O	O	O	O	
a	O	O	O	O	
Brunello	B-PER	O	O	O	
dava	O	O	O	O	
idea	O	O	O	O	
che	O	O	O	O	
anche	O	O	O	O	
suo	B-PER	O	O	O	
padre	I-PER	O	O	O	
fosse	O	O	O	O	
uno	B-PER	O	O	O	
straniero	I-PER	O	O	O	
.	O	O	O	O	

C	O	O	O	O	
'	O	O	O	O	
era	O	O	O	O	
in	O	O	O	O	
salotto	B-FAC	O	O	O	
un	O	O	O	O	
bel	O	O	O	O	
piano	O	O	O	O	
a	O	O	O	O	
coda	O	O	O	O	
ornato	O	O	O	O	
di	O	O	O	O	
ricchi	O	O	O	O	
bronzi	O	O	O	O	
,	O	O	O	O	
e	O	O	O	O	
ora	O	O	O	O	
un	B-PER	O	O	O	
ufficiale	I-PER	O	O	O	
vi	O	O	O	O	
si	O	O	O	O	
sedeva	O	O	O	O	
innanzi	O	O	O	O	
a	O	O	O	O	
suonare	O	O	O	O	
un	O	O	O	O	
ballabile	O	O	O	O	
senza	O	O	O	O	
freno	O	O	O	O	
,	O	O	O	O	
ora	O	O	O	O	
una	B-PER	O	O	O	
giovane	I-PER	O	O	O	
,	O	O	O	O	
--	O	O	O	O	
tutte	B-PER	O	O	O	
le	I-PER	O	O	O	
donne	I-PER	O	O	O	
che	O	O	O	O	
venivano	O	O	O	O	
per	O	O	O	O	
casa	B-FAC	O	O	O	
erano	O	O	O	O	
giovani	B-PER	O	O	O	
,	O	O	O	O	
--	O	O	O	O	
cantava	O	O	O	O	
una	O	O	O	O	
lenta	O	O	O	O	
languida	O	O	O	O	
romanza	O	O	O	O	
.	O	O	O	O	

Bruno	B-PER	O	O	O	
era	O	O	O	O	
accompagnato	O	O	O	O	
in	O	O	O	O	
salotto	B-FAC	O	O	O	
all	O	O	O	O	
'	O	O	O	O	
ora	O	O	O	O	
del	O	O	O	O	
tè	O	O	O	O	
.	O	O	O	O	

Le	B-PER	O	O	O	
damine	I-PER	O	O	O	
gli	O	O	O	O	
si	O	O	O	O	
affollavano	O	O	O	O	
intorno	O	O	O	O	
ad	O	O	O	O	
accarezzarlo	O	O	O	O	
;	O	O	O	O	
ma	O	O	O	O	
di	O	O	O	O	
molte	O	O	O	O	
parole	O	O	O	O	
che	O	O	O	O	
gli	O	O	O	O	
si	O	O	O	O	
rivolgevano	O	O	O	O	
egli	O	O	O	O	
non	O	O	O	O	
capiva	O	O	O	O	
che	O	O	O	O	
il	O	O	O	O	
suo	O	O	O	O	
nome	O	O	O	O	
un	O	O	O	O	
po	O	O	O	O	
'	O	O	O	O	
stroppiato	O	O	O	O	
nelle	O	O	O	O	
vocali	O	O	O	O	
;	O	O	O	O	
e	O	O	O	O	
seguivano	O	O	O	O	
espressioni	O	O	O	O	
che	O	O	O	O	
dovevano	O	O	O	O	
essere	O	O	O	O	
graziosissime	O	O	O	O	
,	O	O	O	O	
perchè	O	O	O	O	
tutti	B-PER	O	O	O	
sorridevano	O	O	O	O	
approvando	O	O	O	O	
.	O	O	O	O	

Solo	O	O	O	O	
il	B-PER	O	O	O	
bambino	I-PER	O	O	O	
sbuffava	O	O	O	O	
impaziente	O	O	O	O	
.	O	O	O	O	

Il	B-PER	O	O	O	
papà	I-PER	O	O	O	
gli	O	O	O	O	
dava	O	O	O	O	
un	O	O	O	O	
bacio	O	O	O	O	
,	O	O	O	O	
e	O	O	O	O	
lo	O	O	O	O	
lasciava	O	O	O	O	
tra	O	O	O	O	
quelle	B-PER	O	O	O	
sottane	I-PER	O	O	O	
,	O	O	O	O	
perchè	O	O	O	O	
egli	O	O	O	O	
stava	O	O	O	O	
giuocando	O	O	O	O	
,	O	O	O	O	
seduto	O	O	O	O	
a	O	O	O	O	
un	O	O	O	O	
tavolino	O	O	O	O	
con	O	O	O	O	
gli	B-PER	O	O	O	
ufficiali	I-PER	O	O	O	
.	O	O	O	O	

Molto	O	O	O	O	
danaro	O	O	O	O	
e	O	O	O	O	
un	O	O	O	O	
mazzo	O	O	O	O	
di	O	O	O	O	
carte	O	O	O	O	
attraevan	O	O	O	O	
tutta	O	O	O	O	
la	O	O	O	O	
loro	O	O	O	O	
attenzione	O	O	O	O	
,	O	O	O	O	
e	O	O	O	O	
da	O	O	O	O	
quell	O	O	O	O	
'	O	O	O	O	
angolo	O	O	O	O	
non	O	O	O	O	
venivano	O	O	O	O	
risate	O	O	O	O	
.	O	O	O	O	

Le	B-PER	O	O	O	
donne	I-PER	O	O	O	
facevan	O	O	O	O	
musica	O	O	O	O	
,	O	O	O	O	
cinguettando	O	O	O	O	
,	O	O	O	O	
si	O	O	O	O	
prendevan	O	O	O	O	
Bruno	B-PER	O	O	O	
come	O	O	O	O	
una	B-PER	O	O	O	
piccola	I-PER	O	O	O	
scimmia	I-PER	O	O	O	
innocua	I-PER	O	O	O	
e	O	O	O	O	
se	O	O	O	O	
lo	O	O	O	O	
mettevan	O	O	O	O	
sulle	O	O	O	O	
ginocchia	O	O	O	O	
;	O	O	O	O	
o	O	O	O	O	
lo	O	O	O	O	
lasciavan	O	O	O	O	
dormire	O	O	O	O	
in	O	O	O	O	
un	O	O	O	O	
cantuccio	O	O	O	O	
del	O	O	O	O	
divano	O	O	O	O	
,	O	O	O	O	
o	O	O	O	O	
lo	O	O	O	O	
portavano	O	O	O	O	
in	O	O	O	O	
braccio	O	O	O	O	
,	O	O	O	O	
o	O	O	O	O	
se	O	O	O	O	
lo	O	O	O	O	
facevano	O	O	O	O	
arrampicare	O	O	O	O	
sul	O	O	O	O	
collo	O	O	O	O	
o	O	O	O	O	
si	O	O	O	O	
sdraiavano	O	O	O	O	
a	O	O	O	O	
terra	O	O	O	O	
con	O	O	O	O	
lui	O	O	O	O	
a	O	O	O	O	
giuocare	O	O	O	O	
coi	O	O	O	O	
soldatini	O	O	O	O	
.	O	O	O	O	

Egli	O	O	O	O	
s	O	O	O	O	
'	O	O	O	O	
era	O	O	O	O	
abituato	O	O	O	O	
così	O	O	O	O	
ai	O	O	O	O	
profumi	O	O	O	O	
,	O	O	O	O	
alle	O	O	O	O	
vesti	O	O	O	O	
seriche	O	O	O	O	
,	O	O	O	O	
alle	O	O	O	O	
mani	O	O	O	O	
dalle	O	O	O	O	
unghie	O	O	O	O	
dipinte	O	O	O	O	
,	O	O	O	O	
agli	O	O	O	O	
occhi	O	O	O	O	
ombreggiati	O	O	O	O	
,	O	O	O	O	
ai	O	O	O	O	
colli	O	O	O	O	
bianchi	O	O	O	O	
,	O	O	O	O	
ai	O	O	O	O	
capelli	O	O	O	O	
morbidi	O	O	O	O	
,	O	O	O	O	
che	O	O	O	O	
sprigionavano	O	O	O	O	
olezzi	O	O	O	O	
misteriosi	O	O	O	O	
,	O	O	O	O	
alle	O	O	O	O	
caviglie	O	O	O	O	
sottili	O	O	O	O	
,	O	O	O	O	
a	O	O	O	O	
tutte	O	O	O	O	
le	O	O	O	O	
malizie	O	O	O	O	
dell	O	O	O	O	
'	O	O	O	O	
eleganza	O	O	O	O	
;	O	O	O	O	
e	O	O	O	O	
precocemente	O	O	O	O	
aveva	O	O	O	O	
capito	O	O	O	O	
che	O	O	O	O	
le	B-PER	O	O	O	
giovani	I-PER	O	O	O	
eran	O	O	O	O	
balocchi	O	O	O	O	
degli	O	O	O	O	
uomini	O	O	O	O	
;	O	O	O	O	
ogni	B-PER	O	O	O	
ufficiale	I-PER	O	O	O	
n	O	O	O	O	
'	O	O	O	O	
aveva	O	O	O	O	
una	O	O	O	O	
;	O	O	O	O	
com	O	O	O	O	
'	O	O	O	O	
egli	O	O	O	O	
era	O	O	O	O	
un	B-PER	O	O	O	
balocco	I-PER	O	O	O	
tra	O	O	O	O	
quei	B-PER	O	O	O	
balocchi	I-PER	O	O	O	
di	I-PER	O	O	O	
lusso	I-PER	O	O	O	
.	O	O	O	O	

Viveva	O	O	O	O	
da	O	O	O	O	
piccolo	O	O	O	O	
animale	O	O	O	O	
non	O	O	O	O	
anco	O	O	O	O	
pericoloso	O	O	O	O	
,	O	O	O	O	
tollerato	O	O	O	O	
e	O	O	O	O	
un	O	O	O	O	
poco	O	O	O	O	
beffeggiato	O	O	O	O	
,	O	O	O	O	
piuttosto	O	O	O	O	
sul	O	O	O	O	
tappeto	O	O	O	O	
e	O	O	O	O	
sul	O	O	O	O	
divano	O	O	O	O	
che	O	O	O	O	
dritto	O	O	O	O	
in	O	O	O	O	
piedi	O	O	O	O	
;	O	O	O	O	
e	O	O	O	O	
la	O	O	O	O	
sua	O	O	O	O	
crudeltà	O	O	O	O	
infantile	O	O	O	O	
si	O	O	O	O	
scapricciava	O	O	O	O	
con	O	O	O	O	
quelle	B-PER	O	O	O	
ragazze	I-PER	O	O	O	
,	O	O	O	O	
calpestandole	O	O	O	O	
,	O	O	O	O	
pungendole	O	O	O	O	
,	O	O	O	O	
scompigliandone	O	O	O	O	
i	O	O	O	O	
capelli	O	O	O	O	
,	O	O	O	O	
come	O	O	O	O	
la	O	O	O	O	
crudeltà	O	O	O	O	
degli	O	O	O	O	
altri	B-PER	O	O	O	
bambini	I-PER	O	O	O	
si	O	O	O	O	
sazia	O	O	O	O	
torturando	O	O	O	O	
le	O	O	O	O	
mosche	O	O	O	O	
.	O	O	O	O	

Ma	O	O	O	O	
avveniva	O	O	O	O	
che	O	O	O	O	
d	O	O	O	O	
'	O	O	O	O	
improvviso	O	O	O	O	
,	O	O	O	O	
ricordando	O	O	O	O	
d	O	O	O	O	
'	O	O	O	O	
avere	O	O	O	O	
un	B-PER	O	O	O	
figlio	I-PER	O	O	O	
e	O	O	O	O	
di	O	O	O	O	
doverne	O	O	O	O	
rispondere	O	O	O	O	
,	O	O	O	O	
Fabiano	B-PER	O	O	O	
non	O	O	O	O	
si	O	O	O	O	
occupasse	O	O	O	O	
che	O	O	O	O	
di	O	O	O	O	
lui	O	O	O	O	
.	O	O	O	O	

E	O	O	O	O	
non	O	O	O	O	
era	O	O	O	O	
piacevole	O	O	O	O	
,	O	O	O	O	
quantunque	O	O	O	O	
avessero	O	O	O	O	
detto	O	O	O	O	
a	O	O	O	O	
Bruno	B-PER	O	O	O	
i	B-PER	O	O	O	
maestri	I-PER	O	O	O	
e	O	O	O	O	
le	B-PER	O	O	O	
istitutrici	I-PER	O	O	O	
che	O	O	O	O	
l	O	O	O	O	
'	O	O	O	O	
amore	O	O	O	O	
paterno	O	O	O	O	
e	O	O	O	O	
l	O	O	O	O	
'	O	O	O	O	
amore	O	O	O	O	
materno	O	O	O	O	
sono	O	O	O	O	
due	O	O	O	O	
grandi	O	O	O	O	
tesori	O	O	O	O	
nella	O	O	O	O	
vita	O	O	O	O	
.	O	O	O	O	

Fabiano	B-PER	O	O	O	
voleva	O	O	O	O	
troppo	O	O	O	O	
dal	O	O	O	O	
piccolo	O	O	O	O	
,	O	O	O	O	
che	O	O	O	O	
a	O	O	O	O	
sei	O	O	O	O	
anni	O	O	O	O	
sapeva	O	O	O	O	
leggere	O	O	O	O	
e	O	O	O	O	
scrivere	O	O	O	O	
;	O	O	O	O	
lo	O	O	O	O	
ingozzava	O	O	O	O	
di	O	O	O	O	
somme	O	O	O	O	
e	O	O	O	O	
di	O	O	O	O	
sottrazioni	O	O	O	O	
e	O	O	O	O	
di	O	O	O	O	
geografia	O	O	O	O	
,	O	O	O	O	
così	O	O	O	O	
che	O	O	O	O	
il	B-PER	O	O	O	
bambino	I-PER	O	O	O	
se	O	O	O	O	
ne	O	O	O	O	
sognava	O	O	O	O	
anche	O	O	O	O	
di	O	O	O	O	
notte	O	O	O	O	
,	O	O	O	O	
e	O	O	O	O	
aveva	O	O	O	O	
più	O	O	O	O	
paura	O	O	O	O	
delle	O	O	O	O	
cinque	O	O	O	O	
parti	O	O	O	O	
del	O	O	O	O	
mondo	B-LOC	O	O	O	
che	O	O	O	O	
del	O	O	O	O	
diavolo	B-PER	O	O	O	
.	O	O	O	O	

E	O	O	O	O	
l	O	O	O	O	
'	O	O	O	O	
indomani	O	O	O	O	
,	O	O	O	O	
colto	O	O	O	O	
da	O	O	O	O	
una	O	O	O	O	
tenerezza	O	O	O	O	
repente	O	O	O	O	
,	O	O	O	O	
il	B-PER	O	O	O	
papà	I-PER	O	O	O	
conduceva	O	O	O	O	
Bruno	B-PER	O	O	O	
con	O	O	O	O	
la	B-VEH	O	O	O	
carrozza	I-VEH	O	O	O	
a	I-VEH	O	O	O	
due	I-VEH	O	O	O	
cavalli	I-VEH	O	O	O	
in	O	O	O	O	
un	B-LOC	O	O	O	
immenso	I-LOC	O	O	O	
parco	I-LOC	O	O	O	
,	O	O	O	O	
per	O	O	O	O	
le	O	O	O	O	
andàne	O	O	O	O	
del	O	O	O	O	
quale	O	O	O	O	
s	O	O	O	O	
'	O	O	O	O	
incontravano	O	O	O	O	
amazzoni	O	B-PER	O	O	
belle	O	I-PER	O	O	
,	O	I-PER	O	O	
quelle	O	I-PER	O	O	
stesse	O	I-PER	O	O	
che	O	I-PER	O	O	
giuocavano	O	I-PER	O	O	
col	O	I-PER	O	O	
bambino	B-PER	I-PER	O	O	
,	O	O	O	O	
e	O	O	O	O	
cavalieri	O	B-PER	O	O	
,	O	I-PER	O	O	
quegli	O	I-PER	O	O	
stessi	O	I-PER	O	O	
che	O	I-PER	O	O	
giuocavano	O	I-PER	O	O	
col	O	I-PER	O	O	
babbo	B-PER	I-PER	O	O	
.	O	O	O	O	

In	O	O	O	O	
una	B-FAC	O	O	O	
grande	I-FAC	O	O	O	
trattoria	I-FAC	O	O	O	
elegantissima	I-FAC	O	O	O	
tra	O	O	O	O	
il	O	O	O	O	
verde	O	O	O	O	
e	O	O	O	O	
i	O	O	O	O	
fiori	O	O	O	O	
,	O	O	O	O	
al	O	O	O	O	
suono	O	O	O	O	
d	O	O	O	O	
'	O	O	O	O	
una	O	O	O	O	
musica	O	O	O	O	
invisibile	O	O	O	O	
,	O	O	O	O	
Fabiano	B-PER	O	O	O	
e	O	O	O	O	
Brunello	B-PER	O	O	O	
si	O	O	O	O	
trattenevano	O	O	O	O	
a	O	O	O	O	
colazione	O	O	O	O	
;	O	O	O	O	
e	O	O	O	O	
tutto	O	O	O	O	
il	O	O	O	O	
giorno	O	O	O	O	
era	O	O	O	O	
festa	O	O	O	O	
,	O	O	O	O	
e	O	O	O	O	
la	O	O	O	O	
sera	O	O	O	O	
il	B-FAC	O	O	O	
teatro	I-FAC	O	O	O	
,	O	O	O	O	
per	O	O	O	O	
lo	O	O	O	O	
più	O	O	O	O	
un	B-ORG	O	O	O	
Circo	I-ORG	O	O	O	
equestre	I-ORG	O	O	O	
,	O	O	O	O	
chiudeva	O	O	O	O	
degnamente	O	O	O	O	
la	O	O	O	O	
giornata	O	O	O	O	
faticosa	O	O	O	O	
.	O	O	O	O	

Bruno	B-PER	O	O	O	
era	O	O	O	O	
soddisfatto	O	O	O	O	
,	O	O	O	O	
perchè	O	O	O	O	
il	B-PER	O	O	O	
babbo	I-PER	O	O	O	
era	O	O	O	O	
stato	O	O	O	O	
sempre	O	O	O	O	
con	O	O	O	O	
lui	O	O	O	O	
e	O	O	O	O	
non	O	O	O	O	
gli	O	O	O	O	
aveva	O	O	O	O	
chiesto	O	O	O	O	
quali	O	O	O	O	
sono	O	O	O	O	
le	O	O	O	O	
cinque	O	O	O	O	
parti	O	O	O	O	
del	O	O	O	O	
mondo	B-LOC	O	O	O	
.	O	O	O	O	

Pareva	O	O	O	O	
egli	O	O	O	O	
stesso	O	O	O	O	
un	B-PER	O	O	O	
fanciullo	I-PER	O	O	O	
,	I-PER	O	O	O	
il	I-PER	O	O	O	
babbo	I-PER	O	O	O	
,	O	O	O	O	
in	O	O	O	O	
quelle	O	O	O	O	
rarissime	O	O	O	O	
giornate	O	O	O	O	
.	O	O	O	O	

A	O	O	O	O	
casa	B-FAC	O	O	O	
difendeva	O	O	O	O	
in	O	O	O	O	
lunghe	O	O	O	O	
battaglie	O	O	O	O	
ordinate	O	O	O	O	
i	O	O	O	O	
suoi	O	O	O	O	
soldatini	O	O	O	O	
di	O	O	O	O	
piombo	O	O	O	O	
contro	O	O	O	O	
i	O	O	O	O	
soldatini	O	O	O	O	
di	O	O	O	O	
Bruno	B-PER	O	O	O	
,	O	O	O	O	
o	O	O	O	O	
improvvisava	O	O	O	O	
una	O	O	O	O	
commediola	O	O	O	O	
nel	O	O	O	O	
teatrino	O	O	O	O	
di	O	O	O	O	
marionette	O	O	O	O	
;	O	O	O	O	
ad	O	O	O	O	
ogni	O	O	O	O	
scena	O	O	O	O	
che	O	O	O	O	
gli	O	O	O	O	
garbava	O	O	O	O	
,	O	O	O	O	
Bruno	B-PER	O	O	O	
chiedeva	O	O	O	O	
immediatamente	O	O	O	O	
il	O	O	O	O	
bis	O	O	O	O	
,	O	O	O	O	
e	O	O	O	O	
l	B-PER	O	O	O	
'	I-PER	O	O	O	
autore	I-PER	O	O	O	
si	O	O	O	O	
sforzava	O	O	O	O	
a	O	O	O	O	
piacer	O	O	O	O	
meno	O	O	O	O	
che	O	O	O	O	
fosse	O	O	O	O	
possibile	O	O	O	O	
per	O	O	O	O	
non	O	O	O	O	
ripetere	O	O	O	O	
,	O	O	O	O	
una	O	O	O	O	
scena	O	O	O	O	
dopo	O	O	O	O	
l	O	O	O	O	
'	O	O	O	O	
altra	O	O	O	O	
,	O	O	O	O	
tutta	O	O	O	O	
la	O	O	O	O	
rappresentazione	O	O	O	O	
.	O	O	O	O	

Ma	O	O	O	O	
piaceva	O	O	O	O	
sempre	O	O	O	O	
troppo	O	O	O	O	
,	O	O	O	O	
al	O	O	O	O	
contrario	O	O	O	O	
di	O	O	O	O	
ciò	O	O	O	O	
che	O	O	O	O	
avviene	O	O	O	O	
nella	O	O	O	O	
vita	O	O	O	O	
d	O	O	O	O	
'	O	O	O	O	
ogni	O	O	O	O	
giorno	O	O	O	O	
.	O	O	O	O	

Quando	O	O	O	O	
compariva	O	O	O	O	
il	B-PER	O	O	O	
Re	I-PER	O	O	O	
moro	I-PER	O	O	O	
,	O	O	O	O	
si	O	O	O	O	
faceva	O	O	O	O	
l	O	O	O	O	
'	O	O	O	O	
oscurità	O	O	O	O	
nella	O	O	O	O	
camera	B-FAC	O	O	O	
,	O	O	O	O	
e	O	O	O	O	
alla	O	O	O	O	
ribalta	O	O	O	O	
bruciavano	O	O	O	O	
certi	O	O	O	O	
sali	O	O	O	O	
in	O	O	O	O	
due	O	O	O	O	
salierine	O	O	O	O	
d	O	O	O	O	
'	O	O	O	O	
argento	O	O	O	O	
che	O	O	O	O	
figuravan	O	O	O	O	
da	O	O	O	O	
tripodi	O	O	O	O	
,	O	O	O	O	
e	O	O	O	O	
tutta	O	O	O	O	
la	O	O	O	O	
scena	O	O	O	O	
era	O	O	O	O	
illuminata	O	O	O	O	
da	O	O	O	O	
vapori	O	O	O	O	
azzurri	O	O	O	O	
.	O	O	O	O	

Poi	O	O	O	O	
il	B-PER	O	O	O	
Re	I-PER	O	O	O	
moro	I-PER	O	O	O	
si	O	O	O	O	
sentiva	O	O	O	O	
male	O	O	O	O	
,	O	O	O	O	
e	O	O	O	O	
cadeva	O	O	O	O	
lungo	O	O	O	O	
disteso	O	O	O	O	
sul	O	O	O	O	
palcoscenico	O	O	O	O	
.	O	O	O	O	

Bruno	B-PER	O	O	O	
aspettava	O	O	O	O	
il	O	O	O	O	
seguito	O	O	O	O	
,	O	O	O	O	
e	O	O	O	O	
non	O	O	O	O	
udendo	O	O	O	O	
voce	O	O	O	O	
,	O	O	O	O	
si	O	O	O	O	
muoveva	O	O	O	O	
dalla	O	O	O	O	
sua	O	O	O	O	
poltroncina	O	O	O	O	
e	O	O	O	O	
scopriva	O	O	O	O	
che	O	O	O	O	
il	B-PER	O	O	O	
babbo	I-PER	O	O	O	
non	O	O	O	O	
c	O	O	O	O	
'	O	O	O	O	
era	O	O	O	O	
più	O	O	O	O	
;	O	O	O	O	
se	O	O	O	O	
n	O	O	O	O	
'	O	O	O	O	
era	O	O	O	O	
andato	O	O	O	O	
alla	O	O	O	O	
chetichella	O	O	O	O	
,	O	O	O	O	
e	O	O	O	O	
Bruno	B-PER	O	O	O	
lo	O	O	O	O	
ritrovava	O	O	O	O	
nel	O	O	O	O	
suo	B-FAC	O	O	O	
studio	I-FAC	O	O	O	
a	O	O	O	O	
leggere	O	O	O	O	
o	O	O	O	O	
in	O	O	O	O	
salotto	B-FAC	O	O	O	
a	O	O	O	O	
chiacchierare	O	O	O	O	
con	O	O	O	O	
gli	B-PER	O	O	O	
amici	I-PER	O	O	O	
.	O	O	O	O	

Il	B-PER	O	O	O	
Re	I-PER	O	O	O	
moro	I-PER	O	O	O	
indicava	O	O	O	O	
con	O	O	O	O	
la	O	O	O	O	
sua	O	O	O	O	
morte	O	O	O	O	
la	O	O	O	O	
fine	O	O	O	O	
del	O	O	O	O	
dramma	O	O	O	O	
;	O	O	O	O	
epperò	O	O	O	O	
quando	O	O	O	O	
lo	O	O	O	O	
vedeva	O	O	O	O	
apparire	O	O	O	O	
,	O	O	O	O	
Bruno	B-PER	O	O	O	
gridava	O	O	O	O	
inquieto	O	O	O	O	
:	O	O	O	O	
--	O	O	O	O	
Papà	B-PER	O	O	O	
,	O	O	O	O	
non	O	O	O	O	
farlo	O	O	O	O	
cadere	O	O	O	O	
!	O	O	O	O	

Papà	B-PER	O	O	O	
,	O	O	O	O	
lascialo	O	O	O	O	
vivere	O	O	O	O	
!	O	O	O	O	

Brevi	O	O	O	O	
giorni	O	O	O	O	
di	O	O	O	O	
gioia	O	O	O	O	
,	O	O	O	O	
che	O	O	O	O	
saranno	O	O	O	O	
stati	O	O	O	O	
dieci	O	O	O	O	
,	O	O	O	O	
che	O	O	O	O	
saranno	O	O	O	O	
stati	O	O	O	O	
venti	O	O	O	O	
in	O	O	O	O	
un	O	O	O	O	
anno	O	O	O	O	
:	O	O	O	O	
gli	O	O	O	O	
altri	O	O	O	O	
,	O	O	O	O	
Bruno	B-PER	O	O	O	
se	O	O	O	O	
li	O	O	O	O	
doveva	O	O	O	O	
sbarcare	O	O	O	O	
da	O	O	O	O	
solo	O	O	O	O	
,	O	O	O	O	
ora	O	O	O	O	
coi	O	O	O	O	
domestici	B-PER	O	O	O	
,	O	O	O	O	
ora	O	O	O	O	
con	O	O	O	O	
un	B-PER	O	O	O	
maestro	I-PER	O	O	O	
che	O	O	O	O	
insegnava	O	O	O	O	
tutto	O	O	O	O	
ma	O	O	O	O	
non	O	O	O	O	
interrogava	O	O	O	O	
mai	O	O	O	O	
,	O	O	O	O	
ora	O	O	O	O	
con	O	O	O	O	
le	O	B-PER	O	O	
donnine	O	I-PER	O	O	
del	O	I-PER	O	O	
babbo	B-PER	I-PER	O	O	
.	O	O	O	O	

Disponeva	O	O	O	O	
della	O	O	O	O	
propria	O	O	O	O	
giornata	O	O	O	O	
a	O	O	O	O	
piacere	O	O	O	O	
,	O	O	O	O	
comparendo	O	O	O	O	
un	O	O	O	O	
po	O	O	O	O	
'	O	O	O	O	
dovunque	O	O	O	O	
e	O	O	O	O	
cercando	O	O	O	O	
d	O	O	O	O	
'	O	O	O	O	
esser	O	O	O	O	
vicino	O	O	O	O	
a	O	O	O	O	
suo	B-PER	O	O	O	
padre	I-PER	O	O	O	
.	O	O	O	O	

Qualche	O	O	O	O	
volta	O	O	O	O	
una	B-PER	O	O	O	
ragazza	I-PER	O	O	O	
se	O	O	O	O	
lo	O	O	O	O	
prendeva	O	O	O	O	
e	O	O	O	O	
se	O	O	O	O	
lo	O	O	O	O	
conduceva	O	O	O	O	
a	O	O	O	O	
spasso	O	O	O	O	
e	O	O	O	O	
a	O	O	O	O	
pranzo	O	O	O	O	
,	O	O	O	O	
e	O	O	O	O	
lo	O	O	O	O	
faceva	O	O	O	O	
dormire	O	O	O	O	
in	O	O	O	O	
un	O	O	O	O	
lettuccio	O	O	O	O	
improvvisato	O	O	O	O	
,	O	O	O	O	
restituendolo	O	O	O	O	
a	O	O	O	O	
casa	B-FAC	O	O	O	
dopo	O	O	O	O	
due	O	O	O	O	
o	O	O	O	O	
tre	O	O	O	O	
giorni	O	O	O	O	
.	O	O	O	O	

