Fu	O	O	O	O	
il	O	O	O	O	
30	O	O	O	O	
giugno	O	O	O	O	
,	O	O	O	O	
giorno	O	O	O	O	
degli	O	O	O	O	
esami	O	O	O	O	
al	O	O	O	O	
Politecnico	B-FAC	O	O	O	
:	O	O	O	O	
uno	B-PER	O	O	O	
studente	I-PER	O	O	O	
trentino	I-PER	O	O	O	
giunse	O	O	O	O	
in	O	O	O	O	
ritardo	O	O	O	O	
.	O	O	O	O	

Aveva	O	O	O	O	
quasi	O	O	O	O	
le	O	O	O	O	
lagrime	O	O	O	O	
agli	O	O	O	O	
occhi	O	O	O	O	
per	O	O	O	O	
la	O	O	O	O	
commozione	O	O	O	O	
.	O	O	O	O	

La	O	O	O	O	
sera	O	O	O	O	
precedente	O	O	O	O	
—	O	O	O	O	
mi	O	O	O	O	
pare	O	O	O	O	
—	O	O	O	O	
era	O	O	O	O	
scoppiata	O	O	O	O	
la	O	O	O	O	
notizia	O	O	O	O	
della	O	O	O	O	
tragedia	O	O	O	O	
di	O	O	O	O	
Seraievo	B-GPE	O	O	O	
:	O	O	O	O	
l	O	B-PER	O	O	
'	O	I-PER	O	O	
arciduca	O	I-PER	O	O	
Francesco	O	I-PER	O	O	
Ferdinando	O	I-PER	O	O	
da	O	I-PER	O	O	
Este	O	I-PER	O	O	
,	O	I-PER	O	O	
l	O	I-PER	O	O	
'	O	I-PER	O	O	
erede	O	I-PER	O	O	
al	O	I-PER	O	O	
trono	O	I-PER	O	O	
d	O	I-PER	O	O	
'	O	I-PER	O	O	
Austria	B-GPE	I-PER	O	O	
,	O	O	O	O	
era	O	O	O	O	
stato	O	O	O	O	
assassinato	O	O	O	O	
.	O	O	O	O	

—	O	O	O	O	
Giustiziato	O	O	O	O	
!	O	O	O	O	

—	O	O	O	O	
Come	O	O	O	O	
crede	O	O	O	O	
lei	O	O	O	O	
,	O	O	O	O	
mio	B-PER	O	O	O	
caro	I-PER	O	O	O	
giovine	I-PER	O	O	O	
,	O	O	O	O	
risposi	O	O	O	O	
.	O	O	O	O	

—	O	O	O	O	
Posso	O	O	O	O	
convenire	O	O	O	O	
con	O	O	O	O	
lei	O	O	O	O	
che	O	O	O	O	
la	O	O	O	O	
violenza	O	O	O	O	
rimane	O	O	O	O	
una	O	O	O	O	
delle	O	O	O	O	
cose	O	O	O	O	
più	O	O	O	O	
positive	O	O	O	O	
del	O	O	O	O	
mondo	O	O	O	O	
:	O	O	O	O	
ma	O	O	O	O	
i	O	O	O	O	
suoi	O	O	O	O	
frutti	O	O	O	O	
non	O	O	O	O	
mi	O	O	O	O	
piacciono	O	O	O	O	
.	O	O	O	O	

—	O	O	O	O	
La	O	O	O	O	
storia	O	O	O	O	
del	O	O	O	O	
mondo	B-LOC	O	O	O	
procede	O	O	O	O	
per	O	O	O	O	
atti	O	O	O	O	
di	O	O	O	O	
violenza	O	O	O	O	
!	O	O	O	O	

—	O	O	O	O	
Lo	O	O	O	O	
so	O	O	O	O	
;	O	O	O	O	
ed	O	O	O	O	
appunto	O	O	O	O	
per	O	O	O	O	
questo	O	O	O	O	
non	O	O	O	O	
è	O	O	O	O	
un	O	O	O	O	
'	O	O	O	O	
allegra	O	O	O	O	
storia	O	O	O	O	
.	O	O	O	O	

E	O	O	O	O	
quella	B-PER	O	O	O	
povera	I-PER	O	O	O	
arciduchessa	I-PER	O	O	O	
?	O	O	O	O	

—	O	O	O	O	
Una	O	O	O	O	
reazionaria	O	O	O	O	
fanatica	O	O	O	O	
,	O	O	O	O	
peggio	O	O	O	O	
di	O	O	O	O	
suo	B-PER	O	O	O	
marito	I-PER	O	O	O	
.	O	O	O	O	

—	O	O	O	O	
E	O	O	O	O	
quei	B-PER	O	O	O	
poveri	I-PER	O	O	O	
figliuoli	I-PER	O	O	O	
,	I-PER	O	O	O	
innocenti	I-PER	O	O	O	
,	O	O	O	O	
che	O	O	O	O	
non	O	O	O	O	
vedranno	O	O	O	O	
più	O	O	O	O	
i	B-PER	O	O	O	
loro	I-PER	O	O	O	
genitori	I-PER	O	O	O	
?	O	O	O	O	

—	O	O	O	O	
Questioni	O	O	O	O	
di	O	O	O	O	
dettaglio	O	O	O	O	
di	O	O	O	O	
cui	O	O	O	O	
non	O	O	O	O	
si	O	O	O	O	
può	O	O	O	O	
tener	O	O	O	O	
conto	O	O	O	O	
.	O	O	O	O	

Stetti	O	O	O	O	
un	O	O	O	O	
po	O	O	O	O	
'	O	O	O	O	
in	O	O	O	O	
silenzio	O	O	O	O	
.	O	O	O	O	

Eravamo	O	O	O	O	
appoggiati	O	O	O	O	
al	O	O	O	O	
davanzale	B-FAC	O	O	O	
della	O	O	O	O	
grande	O	O	O	O	
finestra	O	O	O	O	
:	O	O	O	O	
il	O	O	O	O	
mattino	O	O	O	O	
estivo	O	O	O	O	
traeva	O	O	O	O	
dalla	O	O	O	O	
folta	O	O	O	O	
verzura	O	O	O	O	
dei	O	O	O	O	
giardini	B-LOC	O	O	O	
pubblici	I-LOC	O	O	O	
una	O	O	O	O	
purità	O	O	O	O	
grandiosa	O	O	O	O	
e	O	O	O	O	
solenne	O	O	O	O	
.	O	O	O	O	

I	B-LOC	O	O	O	
giardini	I-LOC	O	O	O	
erano	O	O	O	O	
pieni	O	O	O	O	
di	O	O	O	O	
bimbi	B-PER	O	O	O	
in	I-PER	O	O	O	
festa	I-PER	O	O	O	
.	O	O	O	O	

I	B-PER	O	O	O	
figli	I-PER	O	O	O	
dei	I-PER	O	O	O	
due	I-PER	O	O	O	
assassinati	I-PER	O	O	O	
forse	O	O	O	O	
in	O	O	O	O	
quell	O	O	O	O	
'	O	O	O	O	
ora	O	O	O	O	
giocavano	O	O	O	O	
,	O	O	O	O	
inconsci	O	O	O	O	
,	O	O	O	O	
nel	O	O	O	O	
parco	O	B-FAC	O	O	
del	O	I-FAC	O	O	
loro	O	I-FAC	O	O	
castello	B-FAC	I-FAC	O	O	
.	O	O	O	O	

—	O	O	O	O	
Be	O	O	O	O	
'	O	O	O	O	
—	O	O	O	O	
dissi	O	O	O	O	
infine	O	O	O	O	
—	O	O	O	O	
,	O	O	O	O	
vada	O	O	O	O	
per	O	O	O	O	
la	O	O	O	O	
sua	O	O	O	O	
gioia	O	O	O	O	
!	O	O	O	O	

Un	O	O	O	O	
gran	O	O	O	O	
nemico	O	O	O	O	
—	O	O	O	O	
nemico	O	O	O	O	
aperto	O	O	O	O	
,	O	O	O	O	
conviene	O	O	O	O	
dirlo	O	O	O	O	
—	O	O	O	O	
d	O	O	O	O	
'	O	O	O	O	
Italia	B-GPE	O	O	O	
è	O	O	O	O	
scomparso	O	O	O	O	
;	O	O	O	O	
ma	O	O	O	O	
lei	O	O	O	O	
che	O	O	O	O	
cosa	O	O	O	O	
spera	O	O	O	O	
che	O	O	O	O	
venga	O	O	O	O	
fuori	O	O	O	O	
da	O	O	O	O	
tutta	O	O	O	O	
questa	O	O	O	O	
faccenda	O	O	O	O	
?	O	O	O	O	

—	O	O	O	O	
Una	O	O	O	O	
guerra	O	O	O	O	
immensa	O	O	O	O	
...	O	O	O	O	
—	O	O	O	O	
Eh	O	O	O	O	
?	O	O	O	O	

—	O	O	O	O	
Per	O	O	O	O	
forza	O	O	O	O	
!	O	O	O	O	

L	B-GPE	O	O	O	
'	I-GPE	O	O	O	
Austria	I-GPE	O	O	O	
-	I-GPE	O	O	O	
Ungheria	I-GPE	O	O	O	
,	O	O	O	O	
con	O	O	O	O	
gli	B-PER	O	O	O	
Slavi	I-PER	O	O	O	
che	O	O	O	O	
,	O	O	O	O	
ora	O	O	O	O	
,	O	O	O	O	
le	O	O	O	O	
scappano	O	O	O	O	
da	O	O	O	O	
tutte	O	O	O	O	
le	O	O	O	O	
parti	O	O	O	O	
,	O	O	O	O	
è	O	O	O	O	
messa	O	O	O	O	
in	O	O	O	O	
una	O	O	O	O	
condizione	O	O	O	O	
disperata	O	O	O	O	
.	O	O	O	O	

Cercherà	O	O	O	O	
di	O	O	O	O	
venirne	O	O	O	O	
fuori	O	O	O	O	
con	O	O	O	O	
una	O	O	O	O	
guerra	O	O	O	O	
....	O	O	O	O	
—	O	O	O	O	
Vada	O	O	O	O	
,	O	O	O	O	
vada	O	O	O	O	
—	O	O	O	O	
esclamai	O	O	O	O	
,	O	O	O	O	
—	O	O	O	O	
scelga	O	O	O	O	
un	O	O	O	O	
posto	O	O	O	O	
e	O	O	O	O	
faccia	O	O	O	O	
un	O	O	O	O	
poco	O	O	O	O	
di	O	O	O	O	
compito	O	O	O	O	
.	O	O	O	O	

—	O	O	O	O	
E	O	O	O	O	
non	O	O	O	O	
volli	O	O	O	O	
sentire	O	O	O	O	
altro	O	O	O	O	
.	O	O	O	O	

—	O	O	O	O	
Assolutamente	O	O	O	O	
non	O	O	O	O	
voglio	O	O	O	O	
sentire	O	O	O	O	
altro	O	O	O	O	
!	O	O	O	O	

Una	O	O	O	O	
guerra	O	O	O	O	
?	O	O	O	O	

La	O	O	O	O	
guerra	O	O	O	O	
?	O	O	O	O	

Un	O	O	O	O	
'	O	O	O	O	
immensa	O	O	O	O	
guerra	O	O	O	O	
?	O	O	O	O	

Ma	O	O	O	O	
si	O	O	O	O	
potevano	O	O	O	O	
dire	O	O	O	O	
più	O	O	O	O	
bestialità	O	O	O	O	
in	O	O	O	O	
poche	O	O	O	O	
parole	O	O	O	O	
?	O	O	O	O	

E	O	O	O	O	
da	O	O	O	O	
un	B-PER	O	O	O	
giovane	I-PER	O	O	O	
che	O	O	O	O	
fa	O	O	O	O	
studi	O	O	O	O	
positivi	O	O	O	O	
!	O	O	O	O	

Mi	O	O	O	O	
ricordo	O	O	O	O	
che	O	O	O	O	
proprio	O	O	O	O	
lì	O	O	O	O	
,	O	O	O	O	
al	O	O	O	O	
Politecnico	B-FAC	O	O	O	
,	O	O	O	O	
uno	B-PER	O	O	O	
dei	I-PER	O	O	O	
più	I-PER	O	O	O	
autorevoli	I-PER	O	O	O	
professori	I-PER	O	O	O	
—	I-PER	O	O	O	
oggi	I-PER	O	O	O	
deputato	I-PER	O	O	O	
—	O	O	O	O	
mi	O	O	O	O	
diceva	O	O	O	O	
un	O	O	O	O	
giorno	O	O	O	O	
:	O	O	O	O	
Ma	O	O	O	O	
sa	O	O	O	O	
lei	O	O	O	O	
che	O	O	O	O	
bisogna	O	O	O	O	
essere	O	O	O	O	
ben	B-PER	O	O	O	
letterati	I-PER	O	O	O	
,	O	O	O	O	
ben	B-PER	O	O	O	
poeti	I-PER	O	O	O	
,	O	O	O	O	
per	O	O	O	O	
credere	O	O	O	O	
alla	O	O	O	O	
possibilità	O	O	O	O	
di	O	O	O	O	
una	O	O	O	O	
guerra	O	O	O	O	
europea	O	O	O	O	
?	O	O	O	O	

La	O	O	O	O	
rete	O	O	O	O	
degli	O	O	O	O	
interessi	O	O	O	O	
è	O	O	O	O	
tale	O	O	O	O	
da	O	O	O	O	
impedire	O	O	O	O	
automaticamente	O	O	O	O	
qualunque	O	O	O	O	
guerra	O	O	O	O	
.	O	O	O	O	

Gli	O	O	O	O	
armamenti	O	O	O	O	
?	O	O	O	O	

un	O	O	O	O	
premio	O	O	O	O	
di	O	O	O	O	
assicurazione	O	O	O	O	
contro	O	O	O	O	
la	O	O	O	O	
guerra	O	O	O	O	
,	O	O	O	O	
dovuti	O	O	O	O	
anche	O	O	O	O	
ad	O	O	O	O	
un	O	O	O	O	
fattore	O	O	O	O	
economico	O	O	O	O	
di	O	O	O	O	
recente	O	O	O	O	
creazione	O	O	O	O	
:	O	O	O	O	
l	O	O	O	O	
'	O	O	O	O	
industria	O	O	O	O	
degli	O	O	O	O	
armamenti	O	O	O	O	
.	O	O	O	O	

Osservava	O	O	O	O	
un	B-PER	O	O	O	
altro	I-PER	O	O	O	
professore	I-PER	O	O	O	
come	O	O	O	O	
i	O	O	O	O	
progressi	O	O	O	O	
della	O	O	O	O	
chimica	O	O	O	O	
nella	O	O	O	O	
fabbricazione	O	O	O	O	
degli	O	O	O	O	
esplosivi	O	O	O	O	
fosse	O	O	O	O	
a	O	O	O	O	
tale	O	O	O	O	
punto	O	O	O	O	
che	O	O	O	O	
la	O	O	O	O	
guerra	O	O	O	O	
doveva	O	O	O	O	
per	O	O	O	O	
forza	O	O	O	O	
essere	O	O	O	O	
uccisa	O	O	O	O	
dalla	O	O	O	O	
guerra	O	O	O	O	
.	O	O	O	O	

Piccole	O	O	O	O	
guerre	O	O	O	O	
coloniali	O	O	O	O	
avverranno	O	O	O	O	
ancora	O	O	O	O	
—	O	O	O	O	
diceva	O	O	O	O	
un	B-PER	O	O	O	
altro	I-PER	O	O	O	
signore	I-PER	O	O	O	
—	O	O	O	O	
,	O	O	O	O	
ma	O	O	O	O	
guerre	O	O	O	O	
europee	O	O	O	O	
sono	O	O	O	O	
un	O	O	O	O	
non	O	O	O	O	
senso	O	O	O	O	
,	O	O	O	O	
un	O	O	O	O	
anacronismo	O	O	O	O	
,	O	O	O	O	
specialmente	O	O	O	O	
per	O	O	O	O	
il	O	O	O	O	
fatto	O	O	O	O	
tangibile	O	O	O	O	
,	O	O	O	O	
acquisito	O	O	O	O	
,	O	O	O	O	
pacifico	O	O	O	O	
—	O	O	O	O	
come	O	O	O	O	
dicono	O	O	O	O	
i	B-PER	O	O	O	
legali	I-PER	O	O	O	
—	O	O	O	O	
del	O	O	O	O	
maggior	O	O	O	O	
rispetto	O	O	O	O	
per	O	O	O	O	
la	O	O	O	O	
vita	O	O	O	O	
umana	O	O	O	O	
!	O	O	O	O	

Ma	O	O	O	O	
c	O	O	O	O	
'	O	O	O	O	
è	O	O	O	O	
dell	O	O	O	O	
'	O	O	O	O	
altro	O	O	O	O	
:	O	O	O	O	
i	B-ORG	O	O	O	
governi	I-ORG	O	O	O	
a	I-ORG	O	O	O	
tipo	I-ORG	O	O	O	
ancora	I-ORG	O	O	O	
feudale	I-ORG	O	O	O	
,	O	O	O	O	
bisognerà	O	O	O	O	
che	O	O	O	O	
ci	O	O	O	O	
pensino	O	O	O	O	
due	O	O	O	O	
volte	O	O	O	O	
!	O	O	O	O	

L	O	O	O	O	
'	O	O	O	O	
Internazionale	O	O	O	O	
oggi	O	O	O	O	
è	O	O	O	O	
una	O	O	O	O	
potenza	O	O	O	O	
,	O	O	O	O	
specie	O	O	O	O	
in	O	O	O	O	
Germania	B-GPE	O	O	O	
.	O	O	O	O	

Del	O	O	O	O	
resto	O	O	O	O	
il	B-PER	O	O	O	
Kaiser	I-PER	O	O	O	
,	O	O	O	O	
con	O	O	O	O	
tutti	O	O	O	O	
i	O	O	O	O	
suoi	O	O	O	O	
travestimenti	O	O	O	O	
un	O	O	O	O	
po	O	O	O	O	
'	O	O	O	O	
medievali	O	O	O	O	
,	O	O	O	O	
è	O	O	O	O	
un	B-PER	O	O	O	
garbato	I-PER	O	O	O	
signore	I-PER	O	O	O	
,	I-PER	O	O	O	
un	I-PER	O	O	O	
onesto	I-PER	O	O	O	
,	I-PER	O	O	O	
pacifico	I-PER	O	O	O	
viaggiatore	I-PER	O	O	O	
di	I-PER	O	O	O	
commercio	I-PER	O	O	O	
per	O	O	O	O	
gli	O	O	O	O	
articoli	O	O	O	O	
,	O	O	O	O	
made	O	O	O	O	
in	O	O	O	O	
Germany	B-GPE	O	O	O	
.	O	O	O	O	

Io	O	O	O	O	
questi	O	O	O	O	
ragionamenti	O	O	O	O	
li	O	O	O	O	
sento	O	O	O	O	
ancor	O	O	O	O	
vivi	O	O	O	O	
all	O	O	O	O	
'	O	O	O	O	
orecchio	O	O	O	O	
.	O	O	O	O	

E	O	O	O	O	
chi	O	O	O	O	
non	O	O	O	O	
li	O	O	O	O	
ha	O	O	O	O	
sentiti	O	O	O	O	
?	O	O	O	O	

Per	O	O	O	O	
mio	O	O	O	O	
conto	O	O	O	O	
devo	O	O	O	O	
pur	O	O	O	O	
dire	O	O	O	O	
come	O	O	O	O	
in	O	O	O	O	
me	O	O	O	O	
—	O	O	O	O	
per	O	O	O	O	
quanto	O	O	O	O	
tutti	O	O	O	O	
i	O	O	O	O	
gigli	O	O	O	O	
e	O	O	O	O	
le	O	O	O	O	
rose	O	O	O	O	
della	O	O	O	O	
fede	O	O	O	O	
nel	O	O	O	O	
buon	O	O	O	O	
divenire	O	O	O	O	
umano	O	O	O	O	
sieno	O	O	O	O	
divenuti	O	O	O	O	
fieno	O	O	O	O	
e	O	O	O	O	
stabbio	O	O	O	O	
,	O	O	O	O	
era	O	O	O	O	
come	O	O	O	O	
una	O	O	O	O	
inconsapevole	O	O	O	O	
sensazione	O	O	O	O	
che	O	O	O	O	
i	O	B-PER	O	O	
geni	O	I-PER	O	O	
dei	O	I-PER	O	O	
vari	B-PER	I-PER	O	O	
popoli	I-PER	I-PER	O	O	
d	I-PER	I-PER	O	O	
'	I-PER	I-PER	O	O	
Europa	I-PER	I-PER	O	O	
fossero	O	O	O	O	
a	O	O	O	O	
tale	O	O	O	O	
grado	O	O	O	O	
di	O	O	O	O	
maturanza	O	O	O	O	
da	O	O	O	O	
potersi	O	O	O	O	
oramai	O	O	O	O	
equilibrare	O	O	O	O	
e	O	O	O	O	
compenetrare	O	O	O	O	
fra	O	O	O	O	
loro	O	O	O	O	
senza	O	O	O	O	
più	O	O	O	O	
ricorrere	O	O	O	O	
al	O	O	O	O	
giudizio	O	O	O	O	
di	O	O	O	O	
Dio	B-PER	O	O	O	
o	O	O	O	O	
,	O	O	O	O	
meglio	O	O	O	O	
,	O	O	O	O	
del	O	O	O	O	
Diavolo	B-PER	O	O	O	
,	O	O	O	O	
a	O	O	O	O	
quella	O	O	O	O	
assisi	O	O	O	O	
orribile	O	O	O	O	
che	O	O	O	O	
è	O	O	O	O	
la	O	O	O	O	
guerra	O	O	O	O	
.	O	O	O	O	

Perciò	O	O	O	O	
era	O	O	O	O	
naturale	O	O	O	O	
che	O	O	O	O	
togliessi	O	O	O	O	
la	O	O	O	O	
parola	O	O	O	O	
al	O	O	O	O	
mio	B-PER	O	O	O	
bellicoso	I-PER	O	O	O	
scolaro	I-PER	O	O	O	
,	O	O	O	O	
come	O	O	O	O	
a	O	O	O	O	
dirgli	O	O	O	O	
:	O	O	O	O	
Non	O	O	O	O	
faccia	O	O	O	O	
il	B-PER	O	O	O	
letterato	I-PER	O	O	O	
anche	O	O	O	O	
lei	O	O	O	O	
.	O	O	O	O	

Qui	O	O	O	O	
,	O	O	O	O	
al	O	O	O	O	
Politecnico	B-FAC	O	O	O	
,	O	O	O	O	
di	O	O	O	O	
letterati	B-PER	O	O	O	
ce	O	O	O	O	
n	O	O	O	O	
'	O	O	O	O	
è	O	O	O	O	
uno	B-PER	O	O	O	
,	O	O	O	O	
ed	O	O	O	O	
è	O	O	O	O	
di	O	O	O	O	
troppo	O	O	O	O	
!	O	O	O	O	

Avevo	O	O	O	O	
lì	O	O	O	O	
i	O	O	O	O	
giornali	O	O	O	O	
del	O	O	O	O	
mattino	O	O	O	O	
,	O	O	O	O	
fra	O	O	O	O	
cui	O	O	O	O	
l	B-ORG	O	O	O	
'	I-ORG	O	O	O	
Avanti	I-ORG	O	O	O	
!	I-ORG	O	O	O	

,	O	O	O	O	
figlio	B-PER	O	O	O	
cadetto	I-PER	O	O	O	
del	I-PER	O	O	O	
Vorwaerts	I-PER	O	O	O	
.	O	O	O	O	

Glielo	O	O	O	O	
buttai	O	O	O	O	
sul	O	O	O	O	
banco	O	O	O	O	
dicendo	O	O	O	O	
piano	O	O	O	O	
:	O	O	O	O	
Ecco	O	O	O	O	
,	O	O	O	O	
caso	O	O	O	O	
mai	O	O	O	O	
,	O	O	O	O	
i	B-PER	O	O	O	
nuovi	I-PER	O	O	O	
carabinieri	I-PER	O	O	O	
e	I-PER	O	O	O	
pompieri	I-PER	O	O	O	
pel	O	O	O	O	
suo	O	O	O	O	
incendio	O	O	O	O	
.	O	O	O	O	

Ora	O	O	O	O	
chi	O	O	O	O	
avrebbe	O	O	O	O	
pensato	O	O	O	O	
mai	O	O	O	O	
che	O	O	O	O	
dopo	O	O	O	O	
un	O	O	O	O	
mese	O	O	O	O	
—	O	O	O	O	
ma	O	O	O	O	
nemmeno	O	O	O	O	
!	O	O	O	O	

—	O	O	O	O	
ciò	O	O	O	O	
che	O	O	O	O	
era	O	O	O	O	
fantastico	O	O	O	O	
,	O	O	O	O	
sarebbe	O	O	O	O	
divenuto	O	O	O	O	
realtà	O	O	O	O	
?	O	O	O	O	

La	O	O	O	O	
macchina	O	O	O	O	
del	O	O	O	O	
pensiero	O	O	O	O	
però	O	O	O	O	
in	O	O	O	O	
quella	O	O	O	O	
mattina	O	O	O	O	
era	O	O	O	O	
stata	O	O	O	O	
messa	O	O	O	O	
in	O	O	O	O	
moto	O	O	O	O	
e	O	O	O	O	
non	O	O	O	O	
era	O	O	O	O	
in	O	O	O	O	
mia	O	O	O	O	
facoltà	O	O	O	O	
l	O	O	O	O	
'	O	O	O	O	
arrestarla	O	O	O	O	
.	O	O	O	O	

I	O	O	O	O	
tumulti	O	O	O	O	
e	O	O	O	O	
le	O	O	O	O	
sommosse	O	O	O	O	
in	O	O	O	O	
Italia	B-GPE	O	O	O	
erano	O	O	O	O	
in	O	O	O	O	
quel	O	O	O	O	
giorno	O	O	O	O	
,	O	O	O	O	
30	O	O	O	O	
giugno	O	O	O	O	
,	O	O	O	O	
ancora	O	O	O	O	
in	O	O	O	O	
prima	O	O	O	O	
linea	O	O	O	O	
.	O	O	O	O	

I	O	O	O	O	
giornali	O	O	O	O	
dell	O	O	O	O	
'	O	O	O	O	
ordine	O	O	O	O	
un	O	O	O	O	
po	O	O	O	O	
'	O	O	O	O	
deridevano	O	O	O	O	
le	O	O	O	O	
così	O	O	O	O	
battezzate	O	O	O	O	
repubbliche	B-ORG	O	O	O	
di	I-ORG	O	O	O	
Pinocchio	I-ORG	O	O	O	
,	O	O	O	O	
un	O	O	O	O	
po	O	O	O	O	
'	O	O	O	O	
denunciavano	O	O	O	O	
le	O	O	O	O	
violenze	O	O	O	O	
,	O	O	O	O	
gli	O	O	O	O	
incendi	O	O	O	O	
,	O	O	O	O	
i	O	O	O	O	
saccheggi	O	O	O	O	
,	O	O	O	O	
i	O	O	O	O	
mezzi	O	O	O	O	
teppistici	O	O	O	O	
usati	O	O	O	O	
.	O	O	O	O	

Se	O	O	O	O	
ne	O	O	O	O	
raccoglieva	O	O	O	O	
un	O	O	O	O	
senso	O	O	O	O	
—	O	O	O	O	
diciamolo	O	O	O	O	
pure	O	O	O	O	
—	O	O	O	O	
di	O	O	O	O	
pavore	O	O	O	O	
e	O	O	O	O	
di	O	O	O	O	
incertezza	O	O	O	O	
da	O	O	O	O	
parte	O	O	O	O	
delle	O	O	O	O	
classi	B-ORG	O	O	O	
dirigenti	I-ORG	O	O	O	
.	O	O	O	O	

E	O	O	O	O	
su	O	O	O	O	
quel	O	O	O	O	
pavore	O	O	O	O	
tonava	O	O	O	O	
da	O	O	O	O	
Milano	B-GPE	O	O	O	
la	O	O	O	O	
voce	O	O	O	O	
del	O	O	O	O	
prof	B-PER	O	O	O	
.	I-PER	O	O	O	

Benito	O	B-PER	O	O	
Mussolini	O	I-PER	O	O	
,	O	I-PER	O	O	
direttore	O	I-PER	O	O	
dell	O	I-PER	O	O	
'	O	I-PER	O	O	
Avanti	B-ORG	I-PER	O	O	
!	I-ORG	I-PER	O	O	

,	O	O	O	O	
per	O	O	O	O	
nulla	O	O	O	O	
intimidito	O	O	O	O	
,	O	O	O	O	
per	O	O	O	O	
nulla	O	O	O	O	
pentito	O	O	O	O	
:	O	O	O	O	
Ma	O	O	O	O	
questa	O	O	O	O	
era	O	O	O	O	
la	O	O	O	O	
guerra	O	O	O	O	
di	O	O	O	O	
classe	O	O	O	O	
!	O	O	O	O	

la	O	O	O	O	
guerra	O	O	O	O	
non	O	O	O	O	
si	O	O	O	O	
fa	O	O	O	O	
coi	O	O	O	O	
guanti	O	O	O	O	
;	O	O	O	O	
la	O	O	O	O	
teppa	O	O	O	O	
rappresenta	O	O	O	O	
gli	B-PER	O	O	O	
eroici	I-PER	O	O	O	
sanculotti	I-PER	O	O	O	
della	I-PER	O	O	O	
nuova	I-PER	O	O	O	
rivoluzione	I-PER	O	O	O	
.	O	O	O	O	

Vi	O	O	O	O	
si	O	O	O	O	
preparassero	O	O	O	O	
i	B-PER	O	O	O	
signori	I-PER	O	O	O	
borghesi	I-PER	O	O	O	
!	O	O	O	O	

Allora	O	O	O	O	
è	O	O	O	O	
sempre	O	O	O	O	
la	O	O	O	O	
guerra	O	O	O	O	
—	O	O	O	O	
pensavo	O	O	O	O	
—	O	O	O	O	
,	O	O	O	O	
cioè	O	O	O	O	
,	O	O	O	O	
se	O	O	O	O	
non	O	O	O	O	
è	O	O	O	O	
zuppa	O	O	O	O	
,	O	O	O	O	
è	O	O	O	O	
pan	O	O	O	O	
bagnato	O	O	O	O	
.	O	O	O	O	

Di	O	O	O	O	
queste	O	O	O	O	
cose	O	O	O	O	
m	O	O	O	O	
'	O	O	O	O	
intrattenevo	O	O	O	O	
nel	O	O	O	O	
mese	O	O	O	O	
di	O	O	O	O	
luglio	O	O	O	O	
—	O	O	O	O	
quando	O	O	O	O	
il	O	O	O	O	
sipario	O	O	O	O	
dell	O	O	O	O	
'	O	O	O	O	
orrenda	O	O	O	O	
tragedia	O	O	O	O	
europea	O	O	O	O	
non	O	O	O	O	
era	O	O	O	O	
ancora	O	O	O	O	
levato	O	O	O	O	
—	O	O	O	O	
con	O	O	O	O	
l	B-PER	O	O	O	
'	I-PER	O	O	O	
amico	I-PER	O	O	O	
Renato	I-PER	O	O	O	
Serra	I-PER	O	O	O	
,	O	O	O	O	
qui	O	O	O	O	
in	O	O	O	O	
Bellaria	B-GPE	O	O	O	
,	O	O	O	O	
lungo	O	O	O	O	
la	B-LOC	O	O	O	
riva	I-LOC	O	O	O	
del	I-LOC	O	O	O	
mare	I-LOC	O	O	O	
.	O	O	O	O	

Renato	B-PER	O	O	O	
Serra	I-PER	O	O	O	
—	O	O	O	O	
non	O	O	O	O	
se	O	O	O	O	
ne	O	O	O	O	
dolga	O	O	O	O	
l	B-PER	O	O	O	
'	I-PER	O	O	O	
amico	I-PER	O	O	O	
,	O	O	O	O	
restìo	O	O	O	O	
ad	O	O	O	O	
ogni	O	O	O	O	
lode	O	O	O	O	
—	O	O	O	O	
è	O	O	O	O	
una	O	O	O	O	
delle	O	O	O	O	
più	O	O	O	O	
luminose	O	O	O	O	
intelligenze	O	O	O	O	
che	O	O	O	O	
io	O	O	O	O	
abbia	O	O	O	O	
avuto	O	O	O	O	
la	O	O	O	O	
ventura	O	O	O	O	
di	O	O	O	O	
conoscere	O	O	O	O	
in	O	O	O	O	
questi	O	O	O	O	
ultimi	O	O	O	O	
tempi	O	O	O	O	
;	O	O	O	O	
e	O	O	O	O	
se	O	O	O	O	
le	O	O	O	O	
cose	O	O	O	O	
non	O	O	O	O	
andassero	O	O	O	O	
così	O	O	O	O	
come	O	O	O	O	
vanno	O	O	O	O	
,	O	O	O	O	
il	O	O	O	O	
suo	O	O	O	O	
posto	O	O	O	O	
dovrebbe	O	O	O	O	
essere	O	O	O	O	
ben	O	O	O	O	
altro	O	O	O	O	
che	O	O	O	O	
in	O	O	O	O	
una	O	B-FAC	O	O	
deserta	O	I-FAC	O	O	
biblioteca	O	I-FAC	O	O	
di	O	I-FAC	O	O	
Romagna	B-GPE	I-FAC	O	O	
!	O	O	O	O	

Egli	O	O	O	O	
si	O	O	O	O	
trova	O	O	O	O	
oggi	O	O	O	O	
in	O	O	O	O	
tutta	O	O	O	O	
piena	O	O	O	O	
giovinezza	O	O	O	O	
:	O	O	O	O	
alto	O	O	O	O	
,	O	O	O	O	
quasi	O	O	O	O	
atletico	O	O	O	O	
,	O	O	O	O	
quasi	O	O	O	O	
imberbe	O	O	O	O	
,	O	O	O	O	
coi	O	O	O	O	
nervi	O	O	O	O	
molto	O	O	O	O	
a	O	O	O	O	
posto	O	O	O	O	
(	O	O	O	O	
non	O	O	O	O	
come	O	O	O	O	
i	O	O	O	O	
miei	O	O	O	O	
)	O	O	O	O	
:	O	O	O	O	
porge	O	O	O	O	
tuttavia	O	O	O	O	
,	O	O	O	O	
a	O	O	O	O	
prima	O	O	O	O	
vista	O	O	O	O	
,	O	O	O	O	
l	O	O	O	O	
'	O	O	O	O	
impressione	O	O	O	O	
di	O	O	O	O	
un	B-PER	O	O	O	
ragazzone	I-PER	O	O	O	
riguardoso	I-PER	O	O	O	
e	I-PER	O	O	O	
quasi	I-PER	O	O	O	
timido	I-PER	O	O	O	
.	O	O	O	O	

Ma	O	O	O	O	
quando	O	O	O	O	
guizza	O	O	O	O	
la	O	O	O	O	
spada	O	O	O	O	
del	O	O	O	O	
suo	O	O	O	O	
pensiero	O	O	O	O	
,	O	O	O	O	
timido	O	O	O	O	
e	O	O	O	O	
riguardoso	O	O	O	O	
nei	O	O	O	O	
giudizi	O	O	O	O	
diventa	O	O	O	O	
invece	O	O	O	O	
chi	O	O	O	O	
l	O	O	O	O	
'	O	O	O	O	
ascolta	O	O	O	O	
.	O	O	O	O	

Non	O	O	O	O	
che	O	O	O	O	
egli	O	O	O	O	
sia	O	O	O	O	
o	O	O	O	O	
folgorante	B-PER	O	O	O	
parlatore	I-PER	O	O	O	
o	I-PER	O	O	O	
dialettico	I-PER	O	O	O	
.	O	O	O	O	

È	O	O	O	O	
persuasivo	O	O	O	O	
perchè	O	O	O	O	
è	O	O	O	O	
profondo	O	O	O	O	
,	O	O	O	O	
arrendevole	O	O	O	O	
,	O	O	O	O	
umano	O	O	O	O	
.	O	O	O	O	

Parla	O	O	O	O	
pianamente	O	O	O	O	
con	O	O	O	O	
spiccata	O	O	O	O	
cadenza	O	O	O	O	
romagnola	O	O	O	O	
,	O	O	O	O	
chiudendo	O	O	O	O	
un	O	O	O	O	
po	O	O	O	O	
'	O	O	O	O	
le	O	O	O	O	
palpebre	O	O	O	O	
quasi	O	O	O	O	
a	O	O	O	O	
meglio	O	O	O	O	
concentrare	O	O	O	O	
la	O	O	O	O	
sua	O	O	O	O	
imagine	O	O	O	O	
di	O	O	O	O	
pensiero	O	O	O	O	
:	O	O	O	O	
spesso	O	O	O	O	
un	O	O	O	O	
impercettibile	O	O	O	O	
sorriso	O	O	O	O	
!	O	O	O	O	

Dà	O	O	O	O	
piacere	O	O	O	O	
accostarsi	O	O	O	O	
a	O	O	O	O	
lui	O	O	O	O	
.	O	O	O	O	

Nella	O	O	O	O	
sua	B-GPE	O	O	O	
città	I-GPE	O	O	O	
di	I-GPE	O	O	O	
Romagna	I-GPE	O	O	O	
lo	O	O	O	O	
chiamano	O	O	O	O	
semplicemente	O	O	O	O	
,	O	O	O	O	
Renato	B-PER	O	O	O	
.	O	O	O	O	

Ama	O	O	O	O	
di	O	O	O	O	
vivere	O	O	O	O	
col	O	O	O	O	
popolo	B-PER	O	O	O	
,	O	O	O	O	
ma	O	O	O	O	
non	O	O	O	O	
beve	O	O	O	O	
il	O	O	O	O	
gran	O	O	O	O	
vino	O	O	O	O	
del	O	O	O	O	
popolo	B-PER	O	O	O	
,	O	O	O	O	
perchè	O	O	O	O	
egli	O	O	O	O	
è	O	O	O	O	
bevitore	B-PER	O	O	O	
d	I-PER	O	O	O	
'	I-PER	O	O	O	
acqua	I-PER	O	O	O	
.	O	O	O	O	

Adora	O	O	O	O	
nostalgicamente	O	O	O	O	
la	B-GPE	O	O	O	
Romagna	I-GPE	O	O	O	
e	O	O	O	O	
il	B-PER	O	O	O	
suo	I-PER	O	O	O	
popolo	I-PER	O	O	O	
,	O	O	O	O	
benchè	O	O	O	O	
il	B-PER	O	O	O	
popolo	I-PER	O	O	O	
non	O	O	O	O	
sospetti	O	O	O	O	
affatto	O	O	O	O	
chi	O	O	O	O	
sia	O	O	O	O	
Renato	B-PER	O	O	O	
.	O	O	O	O	

Veniva	O	O	O	O	
spesso	O	O	O	O	
a	O	O	O	O	
sorprendermi	O	O	O	O	
,	O	O	O	O	
sfolgorando	O	O	O	O	
nella	O	O	O	O	
bicicletta	B-VEH	O	O	O	
lucida	I-VEH	O	O	O	
,	O	O	O	O	
con	O	O	O	O	
quel	O	O	O	O	
suo	O	O	O	O	
sano	O	O	O	O	
affettuoso	O	O	O	O	
sorriso	O	O	O	O	
,	O	O	O	O	
sotto	O	O	O	O	
il	B-LOC	O	O	O	
gran	I-LOC	O	O	O	
sole	I-LOC	O	O	O	
.	O	O	O	O	

Eravamo	O	O	O	O	
così	O	O	O	O	
lontani	O	O	O	O	
dalla	O	O	O	O	
guerra	O	O	O	O	
che	O	O	O	O	
si	O	O	O	O	
faceva	O	O	O	O	
la	O	O	O	O	
psicologia	O	O	O	O	
dei	O	O	O	O	
fatti	O	O	O	O	
del	O	O	O	O	
giugno	O	O	O	O	
,	O	O	O	O	
specialmente	O	O	O	O	
in	O	O	O	O	
Romagna	B-GPE	O	O	O	
.	O	O	O	O	

Era	O	O	O	O	
stata	O	O	O	O	
allora	O	O	O	O	
chiamata	O	O	O	O	
sotto	O	O	O	O	
le	O	O	O	O	
armi	O	O	O	O	
una	B-PER	O	O	O	
classe	I-PER	O	O	O	
,	O	O	O	O	
e	O	O	O	O	
pareva	O	O	O	O	
imminente	O	O	O	O	
un	O	O	O	O	
nuovo	O	O	O	O	
sciopero	O	O	O	O	
dei	O	O	O	O	
ferrovieri	B-PER	O	O	O	
.	O	O	O	O	

Le	O	O	O	O	
nostre	O	O	O	O	
osservazioni	O	O	O	O	
non	O	O	O	O	
erano	O	O	O	O	
troppo	O	O	O	O	
liete	O	O	O	O	
.	O	O	O	O	

—	O	O	O	O	
Mussolini	B-PER	O	O	O	
—	O	O	O	O	
diceva	O	O	O	O	
Serra	B-PER	O	O	O	
—	O	O	O	O	
è	O	O	O	O	
un	B-PER	O	O	O	
romagnolo	I-PER	O	O	O	
di	O	O	O	O	
schietto	O	O	O	O	
temperamento	O	O	O	O	
rivoluzionario	O	O	O	O	
,	O	O	O	O	
un	O	O	O	O	
sincero	O	O	O	O	
.	O	O	O	O	

Potrà	O	O	O	O	
spiacere	O	O	O	O	
,	O	O	O	O	
in	O	O	O	O	
segreto	O	O	O	O	
,	O	O	O	O	
anche	O	O	O	O	
a	O	O	O	O	
qualcuno	B-PER	O	O	O	
dei	I-PER	O	O	O	
suoi	I-PER	O	O	O	
,	O	O	O	O	
ma	O	O	O	O	
ha	O	O	O	O	
il	O	O	O	O	
merito	O	O	O	O	
di	O	O	O	O	
avere	O	O	O	O	
dissipato	O	O	O	O	
un	O	O	O	O	
equivoco	O	O	O	O	
in	O	O	O	O	
cui	O	O	O	O	
ci	O	O	O	O	
cullavamo	O	O	O	O	
:	O	O	O	O	
esiste	O	O	O	O	
realmente	O	O	O	O	
in	O	O	O	O	
Italia	B-GPE	O	O	O	
uno	I-GPE	O	O	O	
stato	I-GPE	O	O	O	
rivoluzionario	I-GPE	O	O	O	
.	O	O	O	O	

E	O	O	O	O	
mi	O	O	O	O	
narrava	O	O	O	O	
anche	O	O	O	O	
come	O	O	O	O	
molti	B-PER	O	O	O	
in	O	O	O	O	
Romagna	B-GPE	O	O	O	
,	O	O	O	O	
socialisti	B-PER	O	O	O	
en	I-PER	O	O	O	
amateurs	I-PER	O	O	O	
,	O	O	O	O	
rimasero	O	O	O	O	
un	O	O	O	O	
po	O	O	O	O	
'	O	O	O	O	
atterriti	O	O	O	O	
vedendo	O	O	O	O	
il	O	O	O	O	
volto	O	O	O	O	
della	O	O	O	O	
rivoluzione	O	O	O	O	
!	O	O	O	O	

Libertà	O	O	O	O	
,	O	O	O	O	
libertà	O	O	O	O	
!	O	O	O	O	

Cosa	O	O	O	O	
?	O	O	O	O	

Così	O	O	O	O	
,	O	O	O	O	
libertà	O	O	O	O	
!	O	O	O	O	

Come	O	O	O	O	
tante	O	O	O	O	
volte	O	O	O	O	
,	O	O	O	O	
in	O	O	O	O	
Romagna	B-GPE	O	O	O	
,	O	O	O	O	
nei	O	O	O	O	
tempi	O	O	O	O	
dei	O	O	O	O	
governi	O	O	O	O	
passati	O	O	O	O	
:	O	O	O	O	
Libertà	O	O	O	O	
,	O	O	O	O	
Libertà	O	O	O	O	
!	O	O	O	O	

Gente	O	O	O	O	
armata	O	O	O	O	
sbucava	O	O	O	O	
da	O	O	O	O	
non	O	O	O	O	
so	O	O	O	O	
dove	O	O	O	O	
domandando	O	O	O	O	
,	O	O	O	O	
libertà	O	O	O	O	
!	O	O	O	O	

In	O	O	O	O	
tale	O	O	O	O	
caso	O	O	O	O	
—	O	O	O	O	
dicevo	O	O	O	O	
io	O	O	O	O	
—	O	O	O	O	
la	O	O	O	O	
pace	O	O	O	O	
goduta	O	O	O	O	
fino	O	O	O	O	
ad	O	O	O	O	
ora	O	O	O	O	
è	O	O	O	O	
stata	O	O	O	O	
comperata	O	O	O	O	
dall	O	O	O	O	
'	O	O	O	O	
on	B-PER	O	O	O	
.	I-PER	O	O	O	

Giolitti	B-PER	O	O	O	
....	O	O	O	O	
Alcune	O	O	O	O	
constatazioni	O	O	O	O	
erano	O	O	O	O	
anche	O	O	O	O	
più	O	O	O	O	
tristi	O	O	O	O	
.	O	O	O	O	

Lo	B-ORG	O	O	O	
Stato	I-ORG	O	O	O	
?	O	O	O	O	

Ecco	O	O	O	O	
il	O	O	O	O	
nemico	O	O	O	O	
!	O	O	O	O	

Si	O	O	O	O	
ubbidisce	O	O	O	O	
,	O	O	O	O	
in	O	O	O	O	
Italia	B-GPE	O	O	O	
,	O	O	O	O	
allo	O	O	O	O	
Stato	B-ORG	O	O	O	
per	O	O	O	O	
necessità	O	O	O	O	
,	O	O	O	O	
per	O	O	O	O	
paura	O	O	O	O	
,	O	O	O	O	
come	O	O	O	O	
al	O	O	O	O	
tempo	O	O	O	O	
dei	O	O	O	O	
cessati	O	O	O	O	
governi	O	O	O	O	
:	O	O	O	O	
ma	O	O	O	O	
il	O	O	O	O	
padrone	O	O	O	O	
morale	O	O	O	O	
è	O	O	O	O	
un	O	O	O	O	
altro	O	O	O	O	
.	O	O	O	O	

Si	O	O	O	O	
discuteva	O	O	O	O	
,	O	O	O	O	
sottilizzando	O	O	O	O	
un	O	O	O	O	
po	O	O	O	O	
'	O	O	O	O	
,	O	O	O	O	
sopra	O	O	O	O	
i	O	O	O	O	
due	O	O	O	O	
termini	O	O	O	O	
,	O	O	O	O	
rivoluzione	O	O	O	O	
o	O	O	O	O	
guerra	O	O	O	O	
civile	O	O	O	O	
?	O	O	O	O	

Un	O	O	O	O	
contrasto	O	O	O	O	
di	O	O	O	O	
idealità	O	O	O	O	
può	O	O	O	O	
portare	O	O	O	O	
alla	O	O	O	O	
rivoluzione	O	O	O	O	
,	O	O	O	O	
che	O	O	O	O	
può	O	O	O	O	
essere	O	O	O	O	
anche	O	O	O	O	
un	O	O	O	O	
bene	O	O	O	O	
.	O	O	O	O	

Ma	O	O	O	O	
oggi	O	O	O	O	
si	O	O	O	O	
tratta	O	O	O	O	
piuttosto	O	O	O	O	
di	O	O	O	O	
un	O	O	O	O	
contrasto	O	O	O	O	
economico	O	O	O	O	
.	O	O	O	O	

Borghesia	O	O	O	O	
e	O	O	O	O	
proletariato	O	O	O	O	
,	O	O	O	O	
si	O	O	O	O	
trovano	O	O	O	O	
,	O	O	O	O	
per	O	O	O	O	
chi	O	O	O	O	
bene	O	O	O	O	
osservi	O	O	O	O	
,	O	O	O	O	
sul	O	O	O	O	
medesimo	O	O	O	O	
piano	O	O	O	O	
morale	O	O	O	O	
.	O	O	O	O	

A	O	O	O	O	
me	O	O	O	O	
pareva	O	O	O	O	
molto	O	O	O	O	
opportuno	O	O	O	O	
rilevare	O	O	O	O	
questa	O	O	O	O	
distinzione	O	O	O	O	
,	O	O	O	O	
non	O	O	O	O	
ben	O	O	O	O	
veduta	O	O	O	O	
,	O	O	O	O	
forse	O	O	O	O	
,	O	O	O	O	
dalla	O	O	O	O	
sincerità	O	O	O	O	
del	O	O	O	O	
prof	B-PER	O	O	O	
.	I-PER	O	O	O	

Mussolini	B-PER	O	O	O	
.	O	O	O	O	

Ma	O	O	O	O	
Renato	B-PER	O	O	O	
Serra	I-PER	O	O	O	
trovava	O	O	O	O	
che	O	O	O	O	
era	O	O	O	O	
del	O	O	O	O	
tutto	O	O	O	O	
inutile	O	O	O	O	
proclamare	O	O	O	O	
una	O	O	O	O	
verità	O	O	O	O	
a	O	O	O	O	
cui	O	O	O	O	
nessuno	B-PER	O	O	O	
avrebbe	O	O	O	O	
prestato	O	O	O	O	
fede	O	O	O	O	
.	O	O	O	O	

Così	O	O	O	O	
si	O	O	O	O	
parlava	O	O	O	O	
,	O	O	O	O	
tanto	O	O	O	O	
si	O	O	O	O	
era	O	O	O	O	
lontani	O	O	O	O	
dalla	O	O	O	O	
idea	O	O	O	O	
della	O	O	O	O	
guerra	O	O	O	O	
.	O	O	O	O	

Era	O	O	O	O	
così	O	O	O	O	
sereno	O	O	O	O	
il	B-LOC	O	O	O	
mare	I-LOC	O	O	O	
in	O	O	O	O	
quei	O	O	O	O	
giorni	O	O	O	O	
!	O	O	O	O	

Tanta	O	O	O	O	
vita	O	O	O	O	
allegra	O	O	O	O	
e	O	O	O	O	
spensierata	O	O	O	O	
fioriva	O	O	O	O	
lunghesso	O	O	O	O	
il	B-LOC	O	O	O	
mare	I-LOC	O	O	O	
!	O	O	O	O	

Sul	O	O	O	O	
mondo	B-LOC	O	O	O	
,	O	O	O	O	
d	O	O	O	O	
'	O	O	O	O	
improvviso	O	O	O	O	
,	O	O	O	O	
è	O	O	O	O	
apparso	O	O	O	O	
lo	O	O	O	O	
spettro	O	O	O	O	
immane	O	O	O	O	
della	O	O	O	O	
Guerra	O	O	O	O	
.	O	O	O	O	

Oh	O	O	O	O	
,	O	O	O	O	
non	O	O	O	O	
mai	O	O	O	O	
più	B-LOC	O	O	O	
terribile	I-LOC	O	O	O	
cometa	I-LOC	O	O	O	
vide	O	O	O	O	
il	B-LOC	O	O	O	
mondo	I-LOC	O	O	O	
!	O	O	O	O	

Il	B-PER	O	O	O	
Vescovo	I-PER	O	O	O	
ordinò	O	O	O	O	
ai	O	O	O	O	
devoti	B-PER	O	O	O	
le	O	O	O	O	
orazioni	O	O	O	O	
pro	O	O	O	O	
tempore	O	O	O	O	
belli	O	O	O	O	
:	O	O	O	O	
in	O	O	O	O	
tutta	B-GPE	O	O	O	
l	I-GPE	O	O	O	
'	I-GPE	O	O	O	
Italia	I-GPE	O	O	O	
si	O	O	O	O	
tennero	O	O	O	O	
comizi	O	O	O	O	
popolari	O	O	O	O	
contro	O	O	O	O	
la	O	O	O	O	
guerra	O	O	O	O	
.	O	O	O	O	

Ma	O	O	O	O	
le	O	O	O	O	
preghiere	O	O	O	O	
pro	O	O	O	O	
tempore	O	O	O	O	
bellinon	O	O	O	O	
valsero	O	O	O	O	
più	O	O	O	O	
degli	O	O	O	O	
ordini	O	O	O	O	
del	O	O	O	O	
giorno	O	O	O	O	
nei	O	O	O	O	
comizi	O	O	O	O	
.	O	O	O	O	

Si	O	O	O	O	
sono	O	O	O	O	
udite	O	O	O	O	
voci	O	O	O	O	
strane	O	O	O	O	
,	O	O	O	O	
incredibili	O	O	O	O	
!	O	O	O	O	

Siccome	O	O	O	O	
il	O	O	O	O	
capitalismo	O	O	O	O	
è	O	O	O	O	
internazionale	O	O	O	O	
ed	O	O	O	O	
è	O	O	O	O	
danneggiato	O	O	O	O	
dalla	O	O	O	O	
guerra	O	O	O	O	
,	O	O	O	O	
così	O	O	O	O	
fu	O	O	O	O	
proposta	O	O	O	O	
una	O	O	O	O	
momentanea	O	O	O	O	
alleanza	O	O	O	O	
fra	O	O	O	O	
capitalismo	O	O	O	O	
e	O	O	O	O	
proletariato	O	O	O	O	
che	O	O	O	O	
pure	O	O	O	O	
è	O	O	O	O	
internazionale	O	O	O	O	
ed	O	O	O	O	
è	O	O	O	O	
danneggiato	O	O	O	O	
dalla	O	O	O	O	
guerra	O	O	O	O	
.	O	O	O	O	

Si	O	O	O	O	
sono	O	O	O	O	
adombrati	O	O	O	O	
i	O	O	O	O	
fatti	O	O	O	O	
alla	O	O	O	O	
maniera	O	O	O	O	
così	O	O	O	O	
derisa	O	O	O	O	
dei	O	O	O	O	
vecchi	O	O	O	O	
tempi	O	O	O	O	
,	O	O	O	O	
quando	O	O	O	O	
non	O	O	O	O	
esisteva	O	O	O	O	
ancora	O	O	O	O	
il	O	O	O	O	
materialismo	O	O	O	O	
storico	O	O	O	O	
e	O	O	O	O	
la	O	O	O	O	
critica	O	O	O	O	
positiva	O	O	O	O	
:	O	O	O	O	
cioè	O	O	O	O	
si	O	O	O	O	
diede	O	O	O	O	
tutta	O	O	O	O	
la	O	O	O	O	
colpa	O	O	O	O	
al	O	O	O	O	
Kaiser	B-PER	O	O	O	
,	O	O	O	O	
alla	O	O	O	O	
bellicosità	O	O	O	O	
del	O	O	O	O	
figlio	B-PER	O	O	O	
del	I-PER	O	O	O	
Kaiser	I-PER	O	O	O	
:	O	O	O	O	
Tisza	B-PER	O	O	O	
,	O	O	O	O	
Francesco	B-PER	O	O	O	
Giuseppe	I-PER	O	O	O	
,	O	O	O	O	
la	O	B-FAC	O	O	
casa	O	I-FAC	O	O	
Krupp	B-PER	I-FAC	O	O	
,	O	O	O	O	
il	B-PER	O	O	O	
Papa	I-PER	O	O	O	
,	O	O	O	O	
i	B-PER	O	O	O	
fornitori	I-PER	O	O	O	
di	I-PER	O	O	O	
muletti	I-PER	O	O	O	
e	I-PER	O	O	O	
di	I-PER	O	O	O	
buoi	I-PER	O	O	O	
...	O	O	O	O	
Come	O	O	O	O	
la	O	O	O	O	
guerra	O	O	O	O	
di	O	O	O	O	
Ilion	B-PER	O	O	O	
,	O	O	O	O	
cagionata	O	O	O	O	
dalla	O	O	O	O	
vendetta	O	O	O	O	
di	O	O	O	O	
Menelao	B-PER	O	O	O	
e	O	O	O	O	
dall	O	O	O	O	
'	O	O	O	O	
isterismo	O	O	O	O	
di	O	O	O	O	
Elena	B-PER	O	O	O	
.	O	O	O	O	

Milano	B-GPE	O	O	O	
,	O	O	O	O	
2	O	O	O	O	
agosto	O	O	O	O	
:	O	O	O	O	
Io	O	O	O	O	
sono	O	O	O	O	
passato	O	O	O	O	
,	O	O	O	O	
come	O	O	O	O	
un	O	O	O	O	
'	O	O	O	O	
oca	O	O	O	O	
,	O	O	O	O	
per	O	O	O	O	
tante	O	O	O	O	
fasi	O	O	O	O	
politiche	O	O	O	O	
!	O	O	O	O	

ma	O	O	O	O	
mi	O	O	O	O	
conforta	O	O	O	O	
che	O	O	O	O	
molte	B-PER	O	O	O	
saranno	O	O	O	O	
state	O	O	O	O	
le	O	O	O	O	
oche	O	O	O	O	
come	O	O	O	O	
me	O	O	O	O	
.	O	O	O	O	

Il	O	O	O	O	
2	O	O	O	O	
agosto	O	O	O	O	
,	O	O	O	O	
ero	O	O	O	O	
per	O	O	O	O	
breve	O	O	O	O	
tempo	O	O	O	O	
di	O	O	O	O	
ritorno	O	O	O	O	
a	O	O	O	O	
Milano	B-GPE	O	O	O	
:	O	O	O	O	
una	O	O	O	O	
domenica	O	O	O	O	
asfissiante	O	O	O	O	
,	O	O	O	O	
deserta	O	O	O	O	
.	O	O	O	O	

Il	B-LOC	O	O	O	
sole	I-LOC	O	O	O	
aveva	O	O	O	O	
riflessi	O	O	O	O	
quasi	O	O	O	O	
cinerei	O	O	O	O	
.	O	O	O	O	

Mi	O	O	O	O	
imbatto	O	O	O	O	
nel	O	O	O	O	
sig	B-PER	O	O	O	
.	I-PER	O	O	O	

H	B-PER	O	O	O	
un	I-PER	O	O	O	
vecchio	I-PER	O	O	O	
barbuto	I-PER	O	O	O	
germanico	I-PER	O	O	O	
.	O	O	O	O	

Egli	O	O	O	O	
mi	O	O	O	O	
assicura	O	O	O	O	
che	O	O	O	O	
la	B-GPE	O	O	O	
Germania	I-GPE	O	O	O	
non	O	O	O	O	
vuole	O	O	O	O	
il	O	B-PER	O	O	
Cosacco	O	I-PER	O	O	
a	O	I-PER	O	O	
Berlino	B-GPE	I-PER	O	O	
.	O	O	O	O	

Egli	O	O	O	O	
ne	O	O	O	O	
è	O	O	O	O	
fieramente	O	O	O	O	
impressionato	O	O	O	O	
.	O	O	O	O	

—	O	O	O	O	
La	O	O	O	O	
cosa	O	O	O	O	
è	O	O	O	O	
terribile	O	O	O	O	
!	O	O	O	O	

Noi	O	O	O	O	
non	O	O	O	O	
vogliamo	O	O	O	O	
il	O	B-PER	O	O	
Cosacco	O	I-PER	O	O	
a	O	I-PER	O	O	
Berlino	B-GPE	I-PER	O	O	
!	O	O	O	O	

Voi	O	O	O	O	
,	O	O	O	O	
tedeschi	B-PER	O	O	O	
,	O	O	O	O	
andate	O	O	O	O	
per	O	O	O	O	
tutto	B-LOC	O	O	O	
il	I-LOC	O	O	O	
mondo	I-LOC	O	O	O	
!	O	O	O	O	

così	O	O	O	O	
se	O	O	O	O	
anche	O	O	O	O	
i	B-PER	O	O	O	
Russi	I-PER	O	O	O	
vanno	O	O	O	O	
a	O	O	O	O	
Berlino	B-PER	O	O	O	
....	O	O	O	O	
Ma	O	O	O	O	
non	O	O	O	O	
dissi	O	O	O	O	
codesto	O	O	O	O	
.	O	O	O	O	

Dissi	O	O	O	O	
invece	O	O	O	O	
:	O	O	O	O	
—	O	O	O	O	
Ne	O	O	O	O	
è	O	O	O	O	
proprio	O	O	O	O	
certo	O	O	O	O	
lei	O	O	O	O	
che	O	O	O	O	
il	B-PER	O	O	O	
Cosacco	I-PER	O	O	O	
andrà	O	O	O	O	
a	O	O	O	O	
Berlino	B-GPE	O	O	O	
?	O	O	O	O	

—	O	O	O	O	
Da	O	O	O	O	
qui	O	O	O	O	
a	O	O	O	O	
tre	O	O	O	O	
anni	O	O	O	O	
,	O	O	O	O	
certissimo	O	O	O	O	
!	O	O	O	O	

La	B-GPE	O	O	O	
Francia	I-GPE	O	O	O	
come	O	O	O	O	
una	O	O	O	O	
meretrice	O	O	O	O	
,	O	O	O	O	
seduta	O	O	O	O	
sulle	O	O	O	O	
ginocchia	O	O	O	O	
del	O	O	O	O	
Cosacco	B-PER	O	O	O	
,	O	O	O	O	
lo	O	O	O	O	
accarezza	O	O	O	O	
,	O	O	O	O	
lo	O	O	O	O	
ubbriaca	O	O	O	O	
,	O	O	O	O	
gli	O	O	O	O	
dice	O	O	O	O	
:	O	O	O	O	
Dà	O	O	O	O	
per	O	O	O	O	
me	O	O	O	O	
una	O	O	O	O	
pugnalata	O	O	O	O	
alla	O	O	O	O	
Germania	B-GPE	O	O	O	
.	O	O	O	O	

Aspetta	O	O	O	O	
tre	O	O	O	O	
anni	O	O	O	O	
!	O	O	O	O	

dice	O	O	O	O	
il	B-PER	O	O	O	
Cosacco	I-PER	O	O	O	
.	O	O	O	O	

Ma	O	O	O	O	
noi	O	O	O	O	
siamo	O	O	O	O	
pronti	O	O	O	O	
oggi	O	O	O	O	
!	O	O	O	O	

Il	O	O	O	O	
paragone	O	O	O	O	
non	O	O	O	O	
manca	O	O	O	O	
di	O	O	O	O	
qualche	O	O	O	O	
verità	O	O	O	O	
.	O	O	O	O	

Il	B-PER	O	O	O	
signor	I-PER	O	O	O	
H	I-PER	O	O	O	
batte	O	O	O	O	
poi	O	O	O	O	
queste	O	O	O	O	
parole	O	O	O	O	
,	O	O	O	O	
in	O	O	O	O	
buon	O	O	O	O	
italiano	O	O	O	O	
,	O	O	O	O	
sulla	O	O	O	O	
incudine	O	O	O	O	
metallica	O	O	O	O	
dell	O	O	O	O	
'	O	O	O	O	
accento	O	O	O	O	
teutonico	O	O	O	O	
in	O	O	O	O	
modo	O	O	O	O	
impressionante	O	O	O	O	
.	O	O	O	O	

Mi	O	O	O	O	
dispiega	O	O	O	O	
poi	O	O	O	O	
un	O	O	O	O	
articolo	O	O	O	O	
del	O	O	O	O	
Corriere	B-ORG	O	O	O	
della	I-ORG	O	O	O	
Sera	I-ORG	O	O	O	
.	O	O	O	O	

Mi	O	O	O	O	
fissa	O	O	O	O	
,	O	O	O	O	
quasi	O	O	O	O	
minaccioso	O	O	O	O	
,	O	O	O	O	
col	O	O	O	O	
bianco	O	O	O	O	
de	O	O	O	O	
'	O	O	O	O	
suoi	O	O	O	O	
occhi	O	O	O	O	
azzurri	O	O	O	O	
.	O	O	O	O	

Il	B-ORG	O	O	O	
Governo	I-ORG	O	O	O	
italiano	I-ORG	O	O	O	
ha	O	O	O	O	
proclamato	O	O	O	O	
la	O	O	O	O	
neutralità	O	O	O	O	
!	O	O	O	O	

Anche	O	O	O	O	
il	B-ORG	O	O	O	
Corriere	I-ORG	O	O	O	
,	I-ORG	O	O	O	
il	I-ORG	O	O	O	
giornale	I-ORG	O	O	O	
dei	I-ORG	O	O	O	
benpensanti	I-ORG	O	O	O	
,	I-ORG	O	O	O	
il	I-ORG	O	O	O	
sostenitore	I-ORG	O	O	O	
,	I-ORG	O	O	O	
fino	I-ORG	O	O	O	
a	I-ORG	O	O	O	
ieri	I-ORG	O	O	O	
,	I-ORG	O	O	O	
della	I-ORG	O	O	O	
Triplice	I-ORG	O	O	O	
,	O	O	O	O	
approva	O	O	O	O	
la	O	O	O	O	
neutralità	O	O	O	O	
!	O	O	O	O	

(	O	O	O	O	
Avevo	O	O	O	O	
veduto	O	O	O	O	
il	B-ORG	O	O	O	
Secolo	I-ORG	O	O	O	
e	O	O	O	O	
l	B-ORG	O	O	O	
'	I-ORG	O	O	O	
Avanti	I-ORG	O	O	O	
!	I-ORG	O	O	O	

che	O	O	O	O	
sostenevano	O	O	O	O	
la	O	O	O	O	
neutralità	O	O	O	O	
)	O	O	O	O	
.	O	O	O	O	

Dissi	O	O	O	O	
:	O	O	O	O	
—	O	O	O	O	
Anche	O	O	O	O	
il	B-ORG	O	O	O	
Corriere	I-ORG	O	O	O	
della	I-ORG	O	O	O	
Sera	I-ORG	O	O	O	
?	O	O	O	O	

Impossibile	O	O	O	O	
.	O	O	O	O	

Mi	O	O	O	O	
squinternò	O	O	O	O	
il	O	O	O	O	
foglio	O	O	O	O	
:	O	O	O	O	
—	O	O	O	O	
Legga	O	O	O	O	
quest	O	O	O	O	
'	O	O	O	O	
articolo	O	O	O	O	
dell	O	O	O	O	
'	O	O	O	O	
on	B-PER	O	O	O	
.	I-PER	O	O	O	

Torre	B-PER	O	O	O	
...	O	O	O	O	
!	O	O	O	O	

Aveva	O	O	O	O	
due	O	O	O	O	
occhiacci	O	O	O	O	
il	B-PER	O	O	O	
signor	I-PER	O	O	O	
H	I-PER	O	O	O	
!	O	O	O	O	

—	O	O	O	O	
Non	O	O	O	O	
c	O	O	O	O	
'	O	O	O	O	
è	O	O	O	O	
niente	O	O	O	O	
da	O	O	O	O	
dire	O	O	O	O	
—	O	O	O	O	
risposi	O	O	O	O	
un	O	O	O	O	
po	O	O	O	O	
'	O	O	O	O	
impacciato	O	O	O	O	
.	O	O	O	O	

—	O	O	O	O	
Così	O	O	O	O	
che	O	O	O	O	
Avanti	B-ORG	O	O	O	
!	I-ORG	O	O	O	

Secolo	B-ORG	O	O	O	
,	O	O	O	O	
Corriere	B-ORG	O	O	O	
,	O	O	O	O	
si	O	O	O	O	
trovano	O	O	O	O	
per	O	O	O	O	
la	O	O	O	O	
prima	O	O	O	O	
volta	O	O	O	O	
in	O	O	O	O	
congiunzione	O	O	O	O	
.	O	O	O	O	

È	O	O	O	O	
ben	O	O	O	O	
strano	O	O	O	O	
!	O	O	O	O	

—	O	O	O	O	
Niente	O	O	O	O	
strano	O	O	O	O	
!	O	O	O	O	

Prevedibile	O	O	O	O	
pur	O	O	O	O	
troppo	O	O	O	O	
!	O	O	O	O	

Ma	O	O	O	O	
è	O	O	O	O	
il	O	O	O	O	
più	O	O	O	O	
pericoloso	O	O	O	O	
giro	O	O	O	O	
di	O	O	O	O	
walzer	O	O	O	O	
che	O	O	O	O	
abbia	O	O	O	O	
fatto	O	O	O	O	
l	B-GPE	O	O	O	
'	I-GPE	O	O	O	
Italia	I-GPE	O	O	O	
!	O	O	O	O	

Dunque	O	O	O	O	
,	O	O	O	O	
l	B-GPE	O	O	O	
'	I-GPE	O	O	O	
Italia	I-GPE	O	O	O	
neutrale	I-GPE	O	O	O	
,	O	O	O	O	
Inghilterra	B-GPE	O	O	O	
contro	O	O	O	O	
....	O	O	O	O	
—	O	O	O	O	
Ah	O	O	O	O	
,	O	O	O	O	
questo	O	O	O	O	
è	O	O	O	O	
impossibile	O	O	O	O	
!	O	O	O	O	

—	O	O	O	O	
risposi	O	O	O	O	
subito	O	O	O	O	
con	O	O	O	O	
premura	O	O	O	O	
,	O	O	O	O	
anche	O	O	O	O	
per	O	O	O	O	
non	O	O	O	O	
raccogliere	O	O	O	O	
quell	O	O	O	O	
'	O	O	O	O	
affare	O	O	O	O	
del	O	O	O	O	
giro	O	O	O	O	
di	O	O	O	O	
walzer	O	O	O	O	
.	O	O	O	O	

—	O	O	O	O	
L	B-GPE	O	O	O	
'	I-GPE	O	O	O	
Inghilterra	I-GPE	O	O	O	
,	O	O	O	O	
gente	O	O	O	O	
pratica	O	O	O	O	
,	O	O	O	O	
fare	O	O	O	O	
la	O	O	O	O	
guerra	O	O	O	O	
?	O	O	O	O	

Impossibile	O	O	O	O	
!	O	O	O	O	

e	O	O	O	O	
poi	O	O	O	O	
—	O	O	O	O	
pensavo	O	O	O	O	
—	O	O	O	O	
cane	O	O	O	O	
non	O	O	O	O	
mangia	O	O	O	O	
cane	O	O	O	O	
.	O	O	O	O	

—	O	O	O	O	
Possibilissimo	O	O	O	O	
!	O	O	O	O	

La	B-GPE	O	O	O	
Germania	I-GPE	O	O	O	
perderà	O	O	O	O	
forse	O	O	O	O	
per	O	O	O	O	
mare	B-LOC	O	O	O	
:	O	O	O	O	
ma	O	O	O	O	
si	O	O	O	O	
batterà	O	O	O	O	
,	O	O	O	O	
oh	O	O	O	O	
,	O	O	O	O	
in	O	O	O	O	
maniera	O	O	O	O	
formidabile	O	O	O	O	
.	O	O	O	O	

Mi	O	O	O	O	
pare	O	O	O	O	
di	O	O	O	O	
vedere	O	O	O	O	
una	O	O	O	O	
lagrima	O	O	O	O	
diffondersi	O	O	O	O	
su	O	O	O	O	
quelle	O	O	O	O	
pupille	O	O	O	O	
d	O	O	O	O	
'	O	O	O	O	
acciaio	O	O	O	O	
del	O	O	O	O	
signor	B-PER	O	O	O	
H	I-PER	O	O	O	
.	O	O	O	O	

—	O	O	O	O	
Senta	O	O	O	O	
,	O	O	O	O	
signor	B-PER	O	O	O	
H	I-PER	O	O	O	
,	O	O	O	O	
dissi	O	O	O	O	
—	O	O	O	O	
mi	O	O	O	O	
pare	O	O	O	O	
che	O	O	O	O	
in	O	O	O	O	
questo	O	O	O	O	
momento	O	O	O	O	
,	O	O	O	O	
dipenda	O	O	O	O	
dal	O	O	O	O	
loro	B-PER	O	O	O	
Kaiser	I-PER	O	O	O	
volere	O	O	O	O	
la	O	O	O	O	
pace	O	O	O	O	
o	O	O	O	O	
la	O	O	O	O	
guerra	O	O	O	O	
.	O	O	O	O	

La	B-GPE	O	O	O	
Serbia	I-GPE	O	O	O	
si	O	O	O	O	
è	O	O	O	O	
umiliata	O	O	O	O	
....	O	O	O	O	
Il	B-PER	O	O	O	
nostro	I-PER	O	O	O	
Kaiser	I-PER	O	O	O	
è	O	O	O	O	
cavalleresco	O	O	O	O	
e	O	O	O	O	
fedele	O	O	O	O	
....	O	O	O	O	
—	O	O	O	O	
dice	O	O	O	O	
il	B-PER	O	O	O	
signor	I-PER	O	O	O	
H	I-PER	O	O	O	
con	O	O	O	O	
intenzione	O	O	O	O	
non	O	O	O	O	
dubbia	O	O	O	O	
.	O	O	O	O	

Ho	O	O	O	O	
capito	O	O	O	O	
:	O	O	O	O	
torniamo	O	O	O	O	
ai	O	O	O	O	
giri	O	O	O	O	
di	O	O	O	O	
walzer	O	O	O	O	
:	O	O	O	O	
e	O	O	O	O	
mi	O	O	O	O	
sento	O	O	O	O	
quasi	O	O	O	O	
sollevato	O	O	O	O	
quando	O	O	O	O	
il	B-PER	O	O	O	
signor	I-PER	O	O	O	
H	I-PER	O	O	O	
mi	O	O	O	O	
saluta	O	O	O	O	
.	O	O	O	O	

Mi	O	O	O	O	
pare	O	O	O	O	
tutto	O	O	O	O	
un	O	O	O	O	
sogno	O	O	O	O	
:	O	O	O	O	
Penso	O	O	O	O	
al	O	O	O	O	
solito	O	O	O	O	
serpente	O	O	O	O	
di	O	O	O	O	
mare	B-LOC	O	O	O	
,	O	O	O	O	
che	O	O	O	O	
pescano	O	O	O	O	
i	O	O	O	O	
giornali	O	O	O	O	
quando	O	O	O	O	
è	O	O	O	O	
l	O	O	O	O	
'	O	O	O	O	
estate	O	O	O	O	
.	O	O	O	O	

Mi	O	O	O	O	
viene	O	O	O	O	
anche	O	O	O	O	
in	O	O	O	O	
mente	O	O	O	O	
di	O	O	O	O	
andare	O	O	O	O	
a	O	O	O	O	
Mombello	B-GPE	O	O	O	
a	O	O	O	O	
domandare	O	O	O	O	
al	O	O	O	O	
prof	B-PER	O	O	O	
.	I-PER	O	O	O	

Antonini	B-PER	O	O	O	
,	O	O	O	O	
che	O	O	O	O	
mi	O	O	O	O	
onora	O	O	O	O	
della	O	O	O	O	
sua	O	O	O	O	
benevolenza	O	O	O	O	
:	O	O	O	O	
Che	O	O	O	O	
cosa	O	O	O	O	
succede	O	O	O	O	
nel	O	O	O	O	
manicomio	O	O	O	O	
del	O	O	O	O	
mondo	O	O	O	O	
,	O	O	O	O	
signor	B-PER	O	O	O	
mio	I-PER	O	O	O	
?	O	O	O	O	

