I	O	O	O	O	
.	O	O	O	O	

—	O	O	O	O	
Il	O	O	O	O	
nome	O	O	O	O	
che	O	O	O	O	
porto	O	O	O	O	
non	O	O	O	O	
è	O	O	O	O	
il	O	O	O	O	
mio	O	O	O	O	
,	O	O	O	O	
continuò	O	O	O	O	
il	O	O	O	O	
colonnello	B-PER	O	O	O	
Zapolyi	I-PER	O	O	O	
.	O	O	O	O	

Non	O	O	O	O	
oso	O	O	O	O	
più	O	O	O	O	
nominare	O	O	O	O	
il	B-GPE	O	O	O	
villaggio	I-GPE	O	O	O	
ove	O	O	O	O	
nacqui	O	O	O	O	
.	O	O	O	O	

Ciò	O	O	O	O	
che	O	O	O	O	
è	O	O	O	O	
una	O	O	O	O	
gloria	O	O	O	O	
ed	O	O	O	O	
una	O	O	O	O	
gioja	O	O	O	O	
per	O	O	O	O	
altrui	O	O	O	O	
,	O	O	O	O	
è	O	O	O	O	
un	O	O	O	O	
ricordo	O	O	O	O	
di	O	O	O	O	
vergogna	O	O	O	O	
e	O	O	O	O	
di	O	O	O	O	
orrore	O	O	O	O	
per	O	O	O	O	
me	O	O	O	O	
.	O	O	O	O	

Mio	B-PER	O	O	O	
padre	I-PER	O	O	O	
era	O	O	O	O	
nobile	O	O	O	O	
.	O	O	O	O	

Da	O	O	O	O	
dodici	O	O	O	O	
secoli	O	O	O	O	
,	O	O	O	O	
i	B-PER	O	O	O	
miei	I-PER	O	O	O	
antenati	I-PER	O	O	O	
accampavano	O	O	O	O	
nelle	O	O	O	O	
montagne	O	B-LOC	O	O	
della	O	I-LOC	O	O	
parte	O	I-LOC	O	O	
orientale	O	I-LOC	O	O	
della	O	I-LOC	O	O	
Transilvania	B-GPE	I-LOC	O	O	
,	O	O	O	O	
che	O	O	O	O	
serve	O	O	O	O	
di	O	O	O	O	
confine	O	O	O	O	
alla	O	O	O	O	
Moldavia	B-GPE	O	O	O	
.	O	O	O	O	

Noi	O	O	O	O	
siamo	O	O	O	O	
Szekely	B-PER	O	O	O	
,	O	O	O	O	
Siculi	B-PER	O	O	O	
,	O	O	O	O	
cioè	O	O	O	O	
a	O	O	O	O	
dire	O	O	O	O	
,	O	O	O	O	
quel	O	O	O	O	
ramo	O	O	O	O	
di	O	O	O	O	
Magiari	B-PER	O	O	O	
che	O	O	O	O	
discende	O	O	O	O	
da	O	O	O	O	
una	O	B-ORG	O	O	
banda	O	I-ORG	O	O	
primitiva	O	I-ORG	O	O	
dell	O	I-ORG	O	O	
'	O	I-ORG	O	O	
esercito	O	I-ORG	O	O	
di	O	I-ORG	O	O	
Arpad	B-GPE	I-ORG	O	O	
,	O	O	O	O	
gli	O	O	O	O	
ultimi	O	O	O	O	
avanzi	O	O	O	O	
degli	O	O	O	O	
Unni	B-PER	O	O	O	
che	O	O	O	O	
sopravvissero	O	O	O	O	
,	O	O	O	O	
riparati	O	O	O	O	
nei	O	O	O	O	
monti	B-LOC	O	O	O	
,	O	O	O	O	
alla	O	O	O	O	
distruzione	O	O	O	O	
dell	O	O	O	O	
'	O	O	O	O	
impero	O	O	O	O	
di	O	O	O	O	
Attila	B-PER	O	O	O	
.	O	O	O	O	

Questo	B-GPE	O	O	O	
paese	I-GPE	O	O	O	
,	O	O	O	O	
come	O	O	O	O	
pure	O	O	O	O	
quella	O	B-LOC	O	O	
lista	O	I-LOC	O	O	
di	O	I-LOC	O	O	
terra	O	I-LOC	O	O	
che	O	I-LOC	O	O	
si	O	I-LOC	O	O	
stende	O	I-LOC	O	O	
lungo	O	I-LOC	O	O	
tutto	O	I-LOC	O	O	
l	O	I-LOC	O	O	
'	O	I-LOC	O	O	
impero	O	I-LOC	O	O	
del	O	I-LOC	O	O	
sultano	B-PER	I-LOC	O	O	
fino	O	I-LOC	O	O	
all	O	I-LOC	O	O	
'	O	I-LOC	O	O	
Adriatico	B-LOC	I-LOC	O	O	
,	O	O	O	O	
formano	O	O	O	O	
i	O	O	O	O	
Confini	O	O	O	O	
militari	O	O	O	O	
,	O	O	O	O	
dove	O	O	O	O	
,	O	O	O	O	
sotto	O	O	O	O	
la	O	O	O	O	
dominazione	O	O	O	O	
dell	O	O	O	O	
'	O	O	O	O	
Austria	B-GPE	O	O	O	
,	O	O	O	O	
tutti	B-PER	O	O	O	
gli	I-PER	O	O	O	
uomini	I-PER	O	O	O	
sono	O	O	O	O	
soldati	B-PER	O	O	O	
.	O	O	O	O	

L	O	O	O	O	
'	O	O	O	O	
amministrazione	O	O	O	O	
è	O	O	O	O	
militare	O	O	O	O	
.	O	O	O	O	

Il	B-ORG	O	O	O	
regime	I-ORG	O	O	O	
quello	I-ORG	O	O	O	
del	I-ORG	O	O	O	
reggimento	I-ORG	O	O	O	
.	O	O	O	O	

Il	B-PER	O	O	O	
colono	I-PER	O	O	O	
non	O	O	O	O	
possiede	O	O	O	O	
il	O	O	O	O	
terreno	O	O	O	O	
che	O	O	O	O	
lavora	O	O	O	O	
;	O	O	O	O	
ne	O	O	O	O	
gode	O	O	O	O	
l	O	O	O	O	
'	O	O	O	O	
usufrutto	O	O	O	O	
soltanto	O	O	O	O	
.	O	O	O	O	

La	O	O	O	O	
terra	O	O	O	O	
paterna	O	O	O	O	
passa	O	O	O	O	
di	O	O	O	O	
diritto	O	O	O	O	
al	O	O	O	O	
figlio	B-PER	O	O	O	
,	O	O	O	O	
il	O	O	O	O	
quale	O	O	O	O	
prende	O	O	O	O	
nel	O	O	O	O	
reggimento	O	O	O	O	
il	O	O	O	O	
posto	O	O	O	O	
del	O	O	O	O	
padre	B-PER	O	O	O	
in	O	O	O	O	
ritiro	O	O	O	O	
.	O	O	O	O	

Allora	O	O	O	O	
il	B-PER	O	O	O	
padre	I-PER	O	O	O	
coltiva	O	O	O	O	
,	O	O	O	O	
restando	O	O	O	O	
sempre	O	O	O	O	
nella	O	O	O	O	
riserva	O	O	O	O	
.	O	O	O	O	

Gli	B-PER	O	O	O	
altri	I-PER	O	O	O	
figli	I-PER	O	O	O	
non	O	O	O	O	
hanno	O	O	O	O	
nessun	O	O	O	O	
diritto	O	O	O	O	
.	O	O	O	O	

Mio	B-PER	O	O	O	
fratello	I-PER	O	O	O	
primogenito	I-PER	O	O	O	
,	O	O	O	O	
morto	O	O	O	O	
poscia	O	O	O	O	
in	O	O	O	O	
Italia	B-GPE	O	O	O	
,	O	O	O	O	
era	O	O	O	O	
al	O	O	O	O	
servizio	O	O	O	O	
in	O	O	O	O	
quell	O	O	O	O	
'	O	O	O	O	
epoca	O	O	O	O	
,	O	O	O	O	
e	O	O	O	O	
mio	B-PER	O	O	O	
padre	I-PER	O	O	O	
coltivava	O	O	O	O	
il	O	O	O	O	
pezzetto	O	O	O	O	
di	O	O	O	O	
terra	O	O	O	O	
,	O	O	O	O	
che	O	O	O	O	
,	O	O	O	O	
durante	O	O	O	O	
sei	O	O	O	O	
secoli	O	O	O	O	
,	O	O	O	O	
i	B-PER	O	O	O	
nostri	I-PER	O	O	O	
antenati	I-PER	O	O	O	
si	O	O	O	O	
erano	O	O	O	O	
trasmesso	O	O	O	O	
,	O	O	O	O	
pagandolo	O	O	O	O	
,	O	O	O	O	
ad	O	O	O	O	
ogni	O	O	O	O	
generazione	O	O	O	O	
,	O	O	O	O	
col	O	O	O	O	
loro	O	O	O	O	
sangue	O	O	O	O	
e	O	O	O	O	
colla	O	O	O	O	
loro	O	O	O	O	
libertà	O	O	O	O	
.	O	O	O	O	

Correva	O	O	O	O	
il	O	O	O	O	
1845	O	O	O	O	
.	O	O	O	O	

Io	O	O	O	O	
aveva	O	O	O	O	
quindici	O	O	O	O	
anni	O	O	O	O	
,	O	O	O	O	
e	O	O	O	O	
vivevo	O	O	O	O	
con	O	O	O	O	
mio	B-PER	O	O	O	
padre	I-PER	O	O	O	
,	O	O	O	O	
che	O	O	O	O	
si	O	O	O	O	
era	O	O	O	O	
allora	O	O	O	O	
ammogliato	O	O	O	O	
per	O	O	O	O	
la	O	O	O	O	
seconda	O	O	O	O	
volta	O	O	O	O	
,	O	O	O	O	
con	O	O	O	O	
una	B-PER	O	O	O	
giovine	I-PER	O	O	O	
nobile	I-PER	O	O	O	
slovacca	I-PER	O	O	O	
.	O	O	O	O	

Il	O	O	O	O	
focolare	O	O	O	O	
domestico	O	O	O	O	
era	O	O	O	O	
felice	O	O	O	O	
.	O	O	O	O	

Mio	B-PER	O	O	O	
padre	I-PER	O	O	O	
lavorava	O	O	O	O	
alacremente	O	O	O	O	
.	O	O	O	O	

Egli	O	O	O	O	
si	O	O	O	O	
rispettava	O	O	O	O	
molto	O	O	O	O	
,	O	O	O	O	
aveva	O	O	O	O	
un	O	O	O	O	
alto	O	O	O	O	
sentimento	O	O	O	O	
della	O	O	O	O	
dignità	O	O	O	O	
dell	O	O	O	O	
'	O	O	O	O	
uomo	B-PER	O	O	O	
,	O	O	O	O	
qualunque	O	O	O	O	
sia	O	O	O	O	
il	O	O	O	O	
mestiere	O	O	O	O	
che	O	O	O	O	
esercita	O	O	O	O	
,	O	O	O	O	
ed	O	O	O	O	
un	O	O	O	O	
grande	O	O	O	O	
orgoglio	O	O	O	O	
per	O	O	O	O	
la	O	O	O	O	
sua	O	O	O	O	
origine	O	O	O	O	
,	O	O	O	O	
malgrado	O	O	O	O	
la	O	O	O	O	
sua	O	O	O	O	
povertà	O	O	O	O	
.	O	O	O	O	

Egli	O	O	O	O	
amava	O	O	O	O	
sua	B-PER	O	O	O	
moglie	I-PER	O	O	O	
,	O	O	O	O	
come	O	O	O	O	
amano	O	O	O	O	
i	B-PER	O	O	O	
vecchi	I-PER	O	O	O	
vigorosi	I-PER	O	O	O	
che	O	O	O	O	
non	O	O	O	O	
sono	O	O	O	O	
corrotti	O	O	O	O	
dal	O	O	O	O	
vizio	O	O	O	O	
.	O	O	O	O	

La	O	O	O	O	
stimava	O	O	O	O	
,	O	O	O	O	
perchè	O	O	O	O	
la	O	O	O	O	
era	O	O	O	O	
rispettabile	O	O	O	O	
,	O	O	O	O	
e	O	O	O	O	
perchè	O	O	O	O	
la	O	O	O	O	
mi	O	O	O	O	
amava	O	O	O	O	
.	O	O	O	O	

C	O	O	O	O	
'	O	O	O	O	
era	O	O	O	O	
una	O	O	O	O	
profonda	O	O	O	O	
armonia	O	O	O	O	
d	O	O	O	O	
'	O	O	O	O	
anima	O	O	O	O	
fra	O	O	O	O	
noi	B-PER	O	O	O	
tutti	I-PER	O	O	O	
,	O	O	O	O	
perchè	O	O	O	O	
nostro	B-PER	O	O	O	
padre	I-PER	O	O	O	
,	O	O	O	O	
avendo	O	O	O	O	
la	O	O	O	O	
religione	O	O	O	O	
del	O	O	O	O	
dovere	O	O	O	O	
e	O	O	O	O	
della	O	O	O	O	
giustizia	O	O	O	O	
,	O	O	O	O	
ci	O	O	O	O	
aveva	O	O	O	O	
formati	O	O	O	O	
sul	O	O	O	O	
suo	O	O	O	O	
stampo	O	O	O	O	
.	O	O	O	O	

Ahimè	O	O	O	O	
!	O	O	O	O	

il	O	O	O	O	
serpente	O	O	O	O	
sguizzò	O	O	O	O	
nel	O	O	O	O	
nostro	O	O	O	O	
povero	O	O	O	O	
Eden	O	O	O	O	
.	O	O	O	O	

Il	O	O	O	O	
serpente	O	O	O	O	
ama	O	O	O	O	
i	O	O	O	O	
cespugli	O	O	O	O	
fioriti	O	O	O	O	
.	O	O	O	O	

Questo	O	O	O	O	
serpente	O	O	O	O	
si	O	O	O	O	
chiamava	O	O	O	O	
il	O	O	O	O	
colonnello	B-PER	O	O	O	
Schaffner	I-PER	O	O	O	
—	I-PER	O	O	O	
un	I-PER	O	O	O	
tedesco	I-PER	O	O	O	
.	O	O	O	O	

Un	O	O	O	O	
giorno	O	O	O	O	
,	O	O	O	O	
egli	O	O	O	O	
vide	O	O	O	O	
mia	B-PER	O	O	O	
madre	I-PER	O	O	O	
,	O	O	O	O	
e	O	O	O	O	
se	O	O	O	O	
ne	O	O	O	O	
innamorò	O	O	O	O	
,	O	O	O	O	
come	O	O	O	O	
se	O	O	O	O	
fosse	O	O	O	O	
stato	O	O	O	O	
un	B-PER	O	O	O	
giovine	I-PER	O	O	O	
di	I-PER	O	O	O	
vent	I-PER	O	O	O	
'	I-PER	O	O	O	
anni	I-PER	O	O	O	
.	O	O	O	O	

Nè	O	O	O	O	
la	O	O	O	O	
sua	O	O	O	O	
età	O	O	O	O	
,	O	O	O	O	
nè	O	O	O	O	
la	O	O	O	O	
sua	O	O	O	O	
bruttezza	O	O	O	O	
,	O	O	O	O	
nè	O	O	O	O	
le	O	O	O	O	
sue	O	O	O	O	
abitudini	O	O	O	O	
di	O	O	O	O	
libertino	O	O	O	O	
,	O	O	O	O	
d	O	O	O	O	
'	O	O	O	O	
ubbriaco	O	O	O	O	
e	O	O	O	O	
di	O	O	O	O	
carnefice	O	O	O	O	
,	O	O	O	O	
nè	O	O	O	O	
la	O	O	O	O	
lealtà	O	O	O	O	
ed	O	O	O	O	
i	O	O	O	O	
doveri	O	O	O	O	
di	O	O	O	O	
una	B-PER	O	O	O	
donna	I-PER	O	O	O	
maritata	I-PER	O	O	O	
,	O	O	O	O	
che	O	O	O	O	
rispetta	O	O	O	O	
ed	O	O	O	O	
ama	O	O	O	O	
suo	B-PER	O	O	O	
marito	I-PER	O	O	O	
,	O	O	O	O	
non	O	O	O	O	
gli	O	O	O	O	
parvero	O	O	O	O	
ostacoli	O	O	O	O	
.	O	O	O	O	

Quel	O	O	O	O	
trapezio	O	O	O	O	
sgraziato	O	O	O	O	
e	O	O	O	O	
deforme	O	O	O	O	
pretese	O	O	O	O	
d	O	O	O	O	
'	O	O	O	O	
essere	O	O	O	O	
amato	O	O	O	O	
.	O	O	O	O	

Egli	O	O	O	O	
impose	O	O	O	O	
il	O	O	O	O	
suo	O	O	O	O	
amore	O	O	O	O	
con	O	O	O	O	
delle	O	O	O	O	
atroci	O	O	O	O	
minaccie	O	O	O	O	
.	O	O	O	O	

Perseguitò	O	O	O	O	
,	O	O	O	O	
spaventò	O	O	O	O	
quella	B-PER	O	O	O	
povera	I-PER	O	O	O	
donna	I-PER	O	O	O	
.	O	O	O	O	

Che	O	O	O	O	
fare	O	O	O	O	
?	O	O	O	O	

Stanca	O	O	O	O	
delle	O	O	O	O	
umiliazioni	O	O	O	O	
che	O	O	O	O	
soffriva	O	O	O	O	
,	O	O	O	O	
temendo	O	O	O	O	
una	O	O	O	O	
disgrazia	O	O	O	O	
,	O	O	O	O	
scorgendo	O	O	O	O	
degli	O	O	O	O	
agguati	O	O	O	O	
dovunque	O	O	O	O	
,	O	O	O	O	
stomacata	O	O	O	O	
,	O	O	O	O	
ella	O	O	O	O	
denunziò	O	O	O	O	
la	O	O	O	O	
persecuzione	O	O	O	O	
ed	O	O	O	O	
il	B-PER	O	O	O	
persecutore	I-PER	O	O	O	
a	O	O	O	O	
suo	B-PER	O	O	O	
marito	I-PER	O	O	O	
.	O	O	O	O	

Il	B-PER	O	O	O	
brav	I-PER	O	O	O	
'	I-PER	O	O	O	
uomo	I-PER	O	O	O	
arrossì	O	O	O	O	
,	O	O	O	O	
poi	O	O	O	O	
impallidì	O	O	O	O	
,	O	O	O	O	
e	O	O	O	O	
tacque	O	O	O	O	
.	O	O	O	O	

Cenammo	O	O	O	O	
.	O	O	O	O	

Mio	B-PER	O	O	O	
padre	I-PER	O	O	O	
lesse	O	O	O	O	
un	O	O	O	O	
capitolo	O	O	O	O	
della	O	O	O	O	
Bibbia	O	O	O	O	
,	O	O	O	O	
—	O	O	O	O	
siamo	O	O	O	O	
protestanti	B-PER	O	O	O	
—	O	O	O	O	
,	O	O	O	O	
poi	O	O	O	O	
andammo	O	O	O	O	
a	O	O	O	O	
coricarci	O	O	O	O	
.	O	O	O	O	

Mio	B-PER	O	O	O	
padre	I-PER	O	O	O	
non	O	O	O	O	
dormì	O	O	O	O	
.	O	O	O	O	

Egli	O	O	O	O	
giudicò	O	O	O	O	
il	B-PER	O	O	O	
suo	I-PER	O	O	O	
colonnello	I-PER	O	O	O	
.	O	O	O	O	

All	O	O	O	O	
'	O	O	O	O	
alba	O	O	O	O	
eravamo	O	O	O	O	
tutti	B-PER	O	O	O	
in	O	O	O	O	
piedi	O	O	O	O	
.	O	O	O	O	

Mio	B-PER	O	O	O	
padre	I-PER	O	O	O	
s	O	O	O	O	
'	O	O	O	O	
apparecchiava	O	O	O	O	
ad	O	O	O	O	
andare	O	O	O	O	
al	O	O	O	O	
campo	B-FAC	O	O	O	
,	O	O	O	O	
io	O	O	O	O	
alla	O	O	O	O	
scuola	B-FAC	O	O	O	
.	O	O	O	O	

Appo	O	O	O	O	
i	B-PER	O	O	O	
protestanti	I-PER	O	O	O	
ungheresi	I-PER	O	O	O	
l	O	O	O	O	
'	O	O	O	O	
istruzione	O	O	O	O	
dei	O	O	O	O	
ragazzi	B-PER	O	O	O	
non	O	O	O	O	
è	O	O	O	O	
negletta	O	O	O	O	
.	O	O	O	O	

—	O	O	O	O	
Cosa	O	O	O	O	
devo	O	O	O	O	
fare	O	O	O	O	
?	O	O	O	O	

domandò	O	O	O	O	
timidamente	O	O	O	O	
mia	B-PER	O	O	O	
madre	I-PER	O	O	O	
.	O	O	O	O	

Ella	O	O	O	O	
non	O	O	O	O	
aveva	O	O	O	O	
d	O	O	O	O	
'	O	O	O	O	
uopo	O	O	O	O	
d	O	O	O	O	
'	O	O	O	O	
indicare	O	O	O	O	
più	O	O	O	O	
chiaramente	O	O	O	O	
la	O	O	O	O	
questione	O	O	O	O	
.	O	O	O	O	

Ella	O	O	O	O	
vedeva	O	O	O	O	
il	O	O	O	O	
pensiero	O	O	O	O	
del	O	O	O	O	
suo	O	O	O	O	
oltraggio	O	O	O	O	
cristallizzato	O	O	O	O	
negli	O	O	O	O	
occhi	O	O	O	O	
di	O	O	O	O	
mio	B-PER	O	O	O	
padre	I-PER	O	O	O	
.	O	O	O	O	

—	O	O	O	O	
Digli	O	O	O	O	
di	O	O	O	O	
venire	O	O	O	O	
domani	O	O	O	O	
sera	O	O	O	O	
....	O	O	O	O	
Io	O	O	O	O	
parto	O	O	O	O	
in	O	O	O	O	
viaggio	O	O	O	O	
nella	O	O	O	O	
prossima	O	O	O	O	
notte	O	O	O	O	
.	O	O	O	O	

Un	O	O	O	O	
doloroso	O	O	O	O	
stupore	O	O	O	O	
si	O	O	O	O	
dipinse	O	O	O	O	
negli	O	O	O	O	
occhi	O	O	O	O	
della	O	O	O	O	
povera	B-PER	O	O	O	
donna	I-PER	O	O	O	
.	O	O	O	O	

Non	O	O	O	O	
comprese	O	O	O	O	
quell	O	O	O	O	
'	O	O	O	O	
ordine	O	O	O	O	
,	O	O	O	O	
o	O	O	O	O	
ebbe	O	O	O	O	
paura	O	O	O	O	
di	O	O	O	O	
comprenderlo	O	O	O	O	
.	O	O	O	O	

Nondimeno	O	O	O	O	
si	O	O	O	O	
guardò	O	O	O	O	
bene	O	O	O	O	
dal	O	O	O	O	
replicare	O	O	O	O	
.	O	O	O	O	

Da	O	O	O	O	
noi	O	O	O	O	
la	B-PER	O	O	O	
donna	I-PER	O	O	O	
è	O	O	O	O	
un	O	O	O	O	
oggetto	O	O	O	O	
amato	O	O	O	O	
,	O	O	O	O	
rispettato	O	O	O	O	
,	O	O	O	O	
ma	O	O	O	O	
inferiore	O	O	O	O	
all	O	O	O	O	
'	O	O	O	O	
uomo	B-PER	O	O	O	
.	O	O	O	O	

È	O	O	O	O	
la	O	O	O	O	
gioja	O	O	O	O	
,	O	O	O	O	
ma	O	O	O	O	
non	O	O	O	O	
il	O	O	O	O	
consiglio	O	O	O	O	
della	O	O	O	O	
famiglia	B-PER	O	O	O	
.	O	O	O	O	

È	O	O	O	O	
un	O	O	O	O	
'	O	O	O	O	
utilità	O	O	O	O	
.	O	O	O	O	

È	O	O	O	O	
l	O	O	O	O	
'	O	O	O	O	
amore	O	O	O	O	
,	O	O	O	O	
ma	O	O	O	O	
non	O	O	O	O	
il	O	O	O	O	
giudizio	O	O	O	O	
e	O	O	O	O	
l	O	O	O	O	
'	O	O	O	O	
autorità	O	O	O	O	
del	O	O	O	O	
cenacolo	O	O	O	O	
.	O	O	O	O	

Ella	O	O	O	O	
è	O	O	O	O	
la	O	B-PER	O	O	
primogenita	O	I-PER	O	O	
delle	O	I-PER	O	O	
figlie	B-PER	I-PER	O	O	
.	O	O	O	O	

Mia	B-PER	O	O	O	
madre	I-PER	O	O	O	
non	O	O	O	O	
domandò	O	O	O	O	
dunque	O	O	O	O	
conto	O	O	O	O	
a	O	O	O	O	
suo	B-PER	O	O	O	
marito	I-PER	O	O	O	
dell	O	O	O	O	
'	O	O	O	O	
ordine	O	O	O	O	
strano	O	O	O	O	
ed	O	O	O	O	
offensivo	O	O	O	O	
,	O	O	O	O	
che	O	O	O	O	
le	O	O	O	O	
dava	O	O	O	O	
.	O	O	O	O	

Obbedì	O	O	O	O	
.	O	O	O	O	

L	O	O	O	O	
'	O	O	O	O	
indomani	O	O	O	O	
nè	O	O	O	O	
io	O	O	O	O	
nè	O	O	O	O	
mio	B-PER	O	O	O	
padre	I-PER	O	O	O	
non	O	O	O	O	
uscimmo	O	O	O	O	
.	O	O	O	O	

Mia	B-PER	O	O	O	
madre	I-PER	O	O	O	
disse	O	O	O	O	
nel	O	O	O	O	
villaggio	B-GPE	O	O	O	
ch	O	O	O	O	
'	O	O	O	O	
eravamo	O	O	O	O	
partiti	O	O	O	O	
nella	O	O	O	O	
notte	O	O	O	O	
.	O	O	O	O	

Venne	O	O	O	O	
la	O	O	O	O	
sera	O	O	O	O	
.	O	O	O	O	

Il	B-PER	O	O	O	
colonnello	I-PER	O	O	O	
non	O	O	O	O	
si	O	O	O	O	
fece	O	O	O	O	
attendere	O	O	O	O	
.	O	O	O	O	

Parmi	O	O	O	O	
ancora	O	O	O	O	
di	O	O	O	O	
vederlo	O	O	O	O	
!	O	O	O	O	

S	O	O	O	O	
'	O	O	O	O	
era	O	O	O	O	
fatto	O	O	O	O	
radere	O	O	O	O	
;	O	O	O	O	
si	O	O	O	O	
era	O	O	O	O	
lavato	O	O	O	O	
.	O	O	O	O	

Aveva	O	O	O	O	
bevuto	O	O	O	O	
meno	O	O	O	O	
che	O	O	O	O	
all	O	O	O	O	
'	O	O	O	O	
ordinario	O	O	O	O	
,	O	O	O	O	
perchè	O	O	O	O	
il	O	O	O	O	
vino	O	O	O	O	
usurpa	O	O	O	O	
sull	O	O	O	O	
'	O	O	O	O	
amore	O	O	O	O	
.	O	O	O	O	

Aveva	O	O	O	O	
indossato	O	O	O	O	
il	O	O	O	O	
suo	O	O	O	O	
uniforme	O	O	O	O	
di	O	O	O	O	
gala	O	O	O	O	
,	O	O	O	O	
con	O	O	O	O	
tutte	O	O	O	O	
le	O	O	O	O	
sue	O	O	O	O	
decorazioni	O	O	O	O	
.	O	O	O	O	

I	O	O	O	O	
suoi	O	O	O	O	
mustacchi	O	O	O	O	
lucevano	O	O	O	O	
come	O	O	O	O	
un	O	O	O	O	
fiorino	O	O	O	O	
di	O	O	O	O	
zecca	O	O	O	O	
.	O	O	O	O	

Non	O	O	O	O	
aveva	O	O	O	O	
fumato	O	O	O	O	
che	O	O	O	O	
il	O	O	O	O	
zigaro	O	O	O	O	
,	O	O	O	O	
e	O	O	O	O	
anche	O	O	O	O	
il	O	O	O	O	
meno	O	O	O	O	
possibile	O	O	O	O	
,	O	O	O	O	
poichè	O	O	O	O	
l	O	O	O	O	
'	O	O	O	O	
odor	O	O	O	O	
di	O	O	O	O	
pipa	O	O	O	O	
non	O	O	O	O	
lo	O	O	O	O	
precedette	O	O	O	O	
,	O	O	O	O	
non	O	O	O	O	
l	O	O	O	O	
'	O	O	O	O	
annunziò	O	O	O	O	
avanti	O	O	O	O	
di	O	O	O	O	
entrare	O	O	O	O	
.	O	O	O	O	

Portava	O	O	O	O	
un	O	O	O	O	
paniere	O	O	O	O	
di	O	O	O	O	
provvisioni	O	O	O	O	
del	O	O	O	O	
pranzo	O	O	O	O	
.	O	O	O	O	

Le	O	O	O	O	
sue	O	O	O	O	
gambe	O	O	O	O	
,	O	O	O	O	
singolarmente	O	O	O	O	
contorte	O	O	O	O	
,	O	O	O	O	
barcollavano	O	O	O	O	
.	O	O	O	O	

Beveva	O	O	O	O	
già	O	O	O	O	
coll	O	O	O	O	
'	O	O	O	O	
imaginazione	O	O	O	O	
alla	O	O	O	O	
coppa	O	O	O	O	
della	O	O	O	O	
voluttà	O	O	O	O	
di	O	O	O	O	
cui	O	O	O	O	
veniva	O	O	O	O	
in	O	O	O	O	
busca	O	O	O	O	
.	O	O	O	O	

Entrò	O	O	O	O	
ridendo	O	O	O	O	
,	O	O	O	O	
a	O	O	O	O	
braccia	O	O	O	O	
aperte	O	O	O	O	
,	O	O	O	O	
attendendo	O	O	O	O	
che	O	O	O	O	
mia	B-PER	O	O	O	
madre	I-PER	O	O	O	
vi	O	O	O	O	
si	O	O	O	O	
gettasse	O	O	O	O	
.	O	O	O	O	

Il	O	O	O	O	
conte	B-PER	O	O	O	
di	I-PER	O	O	O	
Schaffner	I-PER	O	O	O	
non	O	O	O	O	
ammetteva	O	O	O	O	
che	O	O	O	O	
mio	B-PER	O	O	O	
padre	I-PER	O	O	O	
,	I-PER	O	O	O	
semplice	I-PER	O	O	O	
soldato	I-PER	O	O	O	
,	I-PER	O	O	O	
semplice	I-PER	O	O	O	
colono	I-PER	O	O	O	
,	O	O	O	O	
potesse	O	O	O	O	
essere	O	O	O	O	
trenta	O	O	O	O	
volte	O	O	O	O	
più	O	O	O	O	
conte	O	O	O	O	
di	O	O	O	O	
lui	O	O	O	O	
,	O	O	O	O	
—	O	O	O	O	
conte	O	B-PER	O	O	
di	O	I-PER	O	O	
fabbrica	B-ORG	I-PER	O	O	
imperiale	I-ORG	I-PER	O	O	
—	O	O	O	O	
e	O	O	O	O	
quindi	O	O	O	O	
che	O	O	O	O	
mia	B-PER	O	O	O	
madre	I-PER	O	O	O	
non	O	O	O	O	
dovesse	O	O	O	O	
essere	O	O	O	O	
profondamente	O	O	O	O	
riconoscente	O	O	O	O	
degli	O	O	O	O	
abbracci	O	O	O	O	
ch	O	O	O	O	
'	O	O	O	O	
egli	O	O	O	O	
si	O	O	O	O	
sarebbe	O	O	O	O	
degnato	O	O	O	O	
di	O	O	O	O	
darle	O	O	O	O	
.	O	O	O	O	

Un	O	O	O	O	
lieve	O	O	O	O	
rumore	O	O	O	O	
gli	O	O	O	O	
fece	O	O	O	O	
volgere	O	O	O	O	
il	O	O	O	O	
capo	O	O	O	O	
.	O	O	O	O	

Era	O	O	O	O	
mio	B-PER	O	O	O	
padre	I-PER	O	O	O	
,	O	O	O	O	
che	O	O	O	O	
chiudeva	O	O	O	O	
la	O	O	O	O	
porta	O	O	O	O	
dietro	O	O	O	O	
di	O	O	O	O	
sè	O	O	O	O	
.	O	O	O	O	

Il	B-PER	O	O	O	
colonnello	I-PER	O	O	O	
si	O	O	O	O	
fermò	O	O	O	O	
di	O	O	O	O	
botto	O	O	O	O	
,	O	O	O	O	
e	O	O	O	O	
gli	O	O	O	O	
caddero	O	O	O	O	
le	O	O	O	O	
braccia	O	O	O	O	
.	O	O	O	O	

Non	O	O	O	O	
contava	O	O	O	O	
proprio	O	O	O	O	
sopra	O	O	O	O	
un	O	O	O	O	
simile	O	O	O	O	
testimone	O	O	O	O	
della	O	O	O	O	
sua	O	O	O	O	
felicità	O	O	O	O	
.	O	O	O	O	

La	B-FAC	O	O	O	
nostra	I-FAC	O	O	O	
casa	I-FAC	O	O	O	
,	O	O	O	O	
posta	O	O	O	O	
in	O	O	O	O	
mezzo	O	O	O	O	
ad	O	O	O	O	
un	O	O	O	O	
ampio	O	O	O	O	
verziere	O	O	O	O	
,	O	O	O	O	
si	O	O	O	O	
componeva	O	O	O	O	
di	O	O	O	O	
tre	B-FAC	O	O	O	
stanze	I-FAC	O	O	O	
:	O	O	O	O	
un	B-FAC	O	O	O	
piano	I-FAC	O	O	O	
solo	I-FAC	O	O	O	
,	O	O	O	O	
ma	O	O	O	O	
una	B-FAC	O	O	O	
cantina	I-FAC	O	O	O	
al	I-FAC	O	O	O	
dissotto	I-FAC	O	O	O	
.	O	O	O	O	

Era	O	O	O	O	
situata	O	O	O	O	
all	O	O	O	O	
'	O	O	O	O	
estremità	O	O	O	O	
del	O	O	O	O	
villaggio	B-GPE	O	O	O	
.	O	O	O	O	

Non	O	O	O	O	
c	O	O	O	O	
'	O	O	O	O	
erano	O	O	O	O	
vicini	O	O	O	O	
.	O	O	O	O	

Delle	O	O	O	O	
colline	B-LOC	O	O	O	
sovrapposte	I-LOC	O	O	O	
una	I-LOC	O	O	O	
all	I-LOC	O	O	O	
'	I-LOC	O	O	O	
altra	I-LOC	O	O	O	
,	O	O	O	O	
sfrangiavano	O	O	O	O	
sull	O	O	O	O	
'	O	O	O	O	
orizzonte	O	O	O	O	
azzurro	O	O	O	O	
.	O	O	O	O	

Era	O	O	O	O	
il	O	O	O	O	
mese	O	O	O	O	
di	O	O	O	O	
maggio	O	O	O	O	
:	O	O	O	O	
gli	O	O	O	O	
arbusti	O	O	O	O	
,	O	O	O	O	
gli	O	O	O	O	
alberi	O	O	O	O	
,	O	O	O	O	
i	O	O	O	O	
fiori	O	O	O	O	
delle	O	O	O	O	
aiuole	B-FAC	O	O	O	
che	O	O	O	O	
circondavano	O	O	O	O	
la	B-FAC	O	O	O	
casa	I-FAC	O	O	O	
,	O	O	O	O	
tutto	O	O	O	O	
cantava	O	O	O	O	
,	O	O	O	O	
ed	O	O	O	O	
attirava	O	O	O	O	
gli	O	O	O	O	
sguardi	O	O	O	O	
sotto	O	O	O	O	
i	O	O	O	O	
baci	O	O	O	O	
della	O	O	O	O	
primavera	O	O	O	O	
.	O	O	O	O	

Dopo	O	O	O	O	
aver	O	O	O	O	
chiuso	O	O	O	O	
a	O	O	O	O	
chiave	O	O	O	O	
la	O	O	O	O	
porta	O	O	O	O	
,	O	O	O	O	
mio	B-PER	O	O	O	
padre	I-PER	O	O	O	
andò	O	O	O	O	
a	O	O	O	O	
chiuder	O	O	O	O	
pure	O	O	O	O	
la	O	O	O	O	
finestra	O	O	O	O	
.	O	O	O	O	

Mia	B-PER	O	O	O	
madre	I-PER	O	O	O	
accese	O	O	O	O	
due	O	O	O	O	
candele	O	O	O	O	
.	O	O	O	O	

Io	O	O	O	O	
guardavo	O	O	O	O	
,	O	O	O	O	
ritto	O	O	O	O	
sulla	O	O	O	O	
soglia	O	O	O	O	
dell	O	O	O	O	
'	O	O	O	O	
uscio	O	O	O	O	
.	O	O	O	O	

Non	O	O	O	O	
una	O	O	O	O	
parola	O	O	O	O	
durante	O	O	O	O	
tutto	O	O	O	O	
ciò	O	O	O	O	
.	O	O	O	O	

Si	O	O	O	O	
udivano	O	O	O	O	
gli	O	O	O	O	
ultimi	O	O	O	O	
gridi	O	O	O	O	
della	O	O	O	O	
rondinella	O	O	O	O	
che	O	O	O	O	
accelerava	O	O	O	O	
la	O	O	O	O	
costruzione	O	O	O	O	
del	O	O	O	O	
suo	O	O	O	O	
nido	O	O	O	O	
.	O	O	O	O	

Mio	B-PER	O	O	O	
padre	I-PER	O	O	O	
aprì	O	O	O	O	
un	O	O	O	O	
vecchio	O	O	O	O	
cassettone	O	O	O	O	
,	O	O	O	O	
vicino	O	O	O	O	
al	O	O	O	O	
cammino	O	O	O	O	
,	O	O	O	O	
e	O	O	O	O	
ne	O	O	O	O	
cavò	O	O	O	O	
due	O	O	O	O	
spade	O	O	O	O	
,	O	O	O	O	
due	O	O	O	O	
sciabole	O	O	O	O	
e	O	O	O	O	
due	O	O	O	O	
pistole	O	O	O	O	
.	O	O	O	O	

Le	O	O	O	O	
spade	O	O	O	O	
erano	O	O	O	O	
due	O	O	O	O	
fioretti	O	O	O	O	
che	O	O	O	O	
servivano	O	O	O	O	
per	O	O	O	O	
le	O	O	O	O	
mie	O	O	O	O	
lezioni	O	O	O	O	
di	O	O	O	O	
scherma	O	O	O	O	
,	O	O	O	O	
e	O	O	O	O	
ch	O	O	O	O	
'	O	O	O	O	
egli	O	O	O	O	
nella	O	O	O	O	
giornata	O	O	O	O	
aveva	O	O	O	O	
aguzzati	O	O	O	O	
.	O	O	O	O	

Depose	O	O	O	O	
quegli	O	O	O	O	
oggetti	O	O	O	O	
sul	O	O	O	O	
tavolo	O	O	O	O	
,	O	O	O	O	
ove	O	O	O	O	
mia	B-PER	O	O	O	
madre	I-PER	O	O	O	
aveva	O	O	O	O	
messo	O	O	O	O	
i	O	O	O	O	
due	O	O	O	O	
lumi	O	O	O	O	
,	O	O	O	O	
stringò	O	O	O	O	
solidamente	O	O	O	O	
i	O	O	O	O	
suoi	O	O	O	O	
calzoni	O	O	O	O	
,	O	O	O	O	
e	O	O	O	O	
rialzò	O	O	O	O	
le	O	O	O	O	
maniche	O	O	O	O	
della	O	O	O	O	
camicia	O	O	O	O	
,	O	O	O	O	
la	O	O	O	O	
quale	O	O	O	O	
,	O	O	O	O	
aprendosi	O	O	O	O	
sul	O	O	O	O	
petto	O	O	O	O	
,	O	O	O	O	
lasciò	O	O	O	O	
vedere	O	O	O	O	
due	O	O	O	O	
cicatrici	O	O	O	O	
di	O	O	O	O	
ferite	O	O	O	O	
prese	O	O	O	O	
al	O	O	O	O	
servizio	O	O	O	O	
dell	O	O	O	O	
'	O	O	O	O	
Austria	B-GPE	O	O	O	
.	O	O	O	O	

—	O	O	O	O	
Avrei	O	O	O	O	
diritto	O	O	O	O	
di	O	O	O	O	
uccidervi	O	O	O	O	
,	O	O	O	O	
disse	O	O	O	O	
egli	O	O	O	O	
al	O	O	O	O	
colonnello	B-PER	O	O	O	
;	O	O	O	O	
vi	O	O	O	O	
faccio	O	O	O	O	
l	O	O	O	O	
'	O	O	O	O	
onore	O	O	O	O	
di	O	O	O	O	
battervi	O	O	O	O	
con	O	O	O	O	
me	O	O	O	O	
,	O	O	O	O	
e	O	O	O	O	
vi	O	O	O	O	
lascio	O	O	O	O	
il	O	O	O	O	
vantaggio	O	O	O	O	
di	O	O	O	O	
sceglier	O	O	O	O	
le	O	O	O	O	
armi	O	O	O	O	
e	O	O	O	O	
di	O	O	O	O	
tirare	O	O	O	O	
pel	O	O	O	O	
primo	O	O	O	O	
.	O	O	O	O	

Il	B-PER	O	O	O	
colonnello	I-PER	O	O	O	
comprese	O	O	O	O	
finalmente	O	O	O	O	
.	O	O	O	O	

Egli	O	O	O	O	
conosceva	O	O	O	O	
la	O	O	O	O	
tempra	O	O	O	O	
di	O	O	O	O	
mio	B-PER	O	O	O	
padre	I-PER	O	O	O	
,	O	O	O	O	
e	O	O	O	O	
se	O	O	O	O	
lo	O	O	O	O	
vedeva	O	O	O	O	
li	O	O	O	O	
dinanzi	O	O	O	O	
,	O	O	O	O	
rizzarsi	O	O	O	O	
come	O	O	O	O	
un	O	O	O	O	
colosso	O	O	O	O	
,	O	O	O	O	
inflessibile	O	O	O	O	
,	O	O	O	O	
solenne	O	O	O	O	
come	O	O	O	O	
il	O	O	O	O	
diritto	O	O	O	O	
.	O	O	O	O	

Si	O	O	O	O	
guardò	O	O	O	O	
intorno	O	O	O	O	
:	O	O	O	O	
nessuno	O	O	O	O	
scampo	O	O	O	O	
.	O	O	O	O	

Fissò	O	O	O	O	
il	O	O	O	O	
suo	O	O	O	O	
sguardo	O	O	O	O	
sullo	O	O	O	O	
sguardo	O	O	O	O	
immobile	O	O	O	O	
e	O	O	O	O	
senza	O	O	O	O	
collera	O	O	O	O	
di	O	O	O	O	
mio	B-PER	O	O	O	
padre	I-PER	O	O	O	
.	O	O	O	O	

Non	O	O	O	O	
c	O	O	O	O	
'	O	O	O	O	
era	O	O	O	O	
grazia	O	O	O	O	
da	O	O	O	O	
sperare	O	O	O	O	
.	O	O	O	O	

Si	O	O	O	O	
vide	O	O	O	O	
morto	O	O	O	O	
.	O	O	O	O	

Che	O	O	O	O	
fare	O	O	O	O	
?	O	O	O	O	

Giocò	O	O	O	O	
d	O	O	O	O	
'	O	O	O	O	
audacia	O	O	O	O	
.	O	O	O	O	

—	O	O	O	O	
Domani	O	O	O	O	
,	O	O	O	O	
rispose	O	O	O	O	
egli	O	O	O	O	
assumendo	O	O	O	O	
un	O	O	O	O	
grugno	O	O	O	O	
severo	O	O	O	O	
,	O	O	O	O	
vi	O	O	O	O	
constituirete	O	O	O	O	
prigioniero	B-PER	O	O	O	
per	O	O	O	O	
avere	O	O	O	O	
insultato	O	O	O	O	
e	O	O	O	O	
minacciato	O	O	O	O	
il	B-PER	O	O	O	
vostro	I-PER	O	O	O	
colonnello	I-PER	O	O	O	
.	O	O	O	O	

Il	O	O	O	O	
Consiglio	B-ORG	O	O	O	
di	I-ORG	O	O	O	
guerra	I-ORG	O	O	O	
vi	O	O	O	O	
condannerà	O	O	O	O	
a	O	O	O	O	
morte	O	O	O	O	
.	O	O	O	O	

Io	O	O	O	O	
vi	O	O	O	O	
farò	O	O	O	O	
grazia	O	O	O	O	
,	O	O	O	O	
lasciandovi	O	O	O	O	
passare	O	O	O	O	
solamente	O	O	O	O	
tre	O	O	O	O	
volte	O	O	O	O	
per	O	O	O	O	
le	O	O	O	O	
verghe	O	O	O	O	
tra	O	O	O	O	
due	B-PER	O	O	O	
file	I-PER	O	O	O	
di	I-PER	O	O	O	
trecento	I-PER	O	O	O	
uomini	I-PER	O	O	O	
.	O	O	O	O	

—	O	O	O	O	
Domani	O	O	O	O	
,	O	O	O	O	
replicò	O	O	O	O	
mio	B-PER	O	O	O	
padre	I-PER	O	O	O	
,	O	O	O	O	
voi	O	O	O	O	
farete	O	O	O	O	
ciò	O	O	O	O	
che	O	O	O	O	
potrete	O	O	O	O	
.	O	O	O	O	

Per	O	O	O	O	
ora	O	O	O	O	
fate	O	O	O	O	
ciò	O	O	O	O	
che	O	O	O	O	
io	O	O	O	O	
voglio	O	O	O	O	
:	O	O	O	O	
scegliete	O	O	O	O	
le	O	O	O	O	
armi	O	O	O	O	
.	O	O	O	O	

—	O	O	O	O	
Non	O	O	O	O	
mi	O	O	O	O	
batto	O	O	O	O	
con	O	O	O	O	
un	B-PER	O	O	O	
mio	I-PER	O	O	O	
inferiore	I-PER	O	O	O	
.	O	O	O	O	

Voi	O	O	O	O	
che	O	O	O	O	
avete	O	O	O	O	
servito	O	O	O	O	
venticinque	O	O	O	O	
anni	O	O	O	O	
,	O	O	O	O	
voi	O	O	O	O	
dovete	O	O	O	O	
saperlo	O	O	O	O	
.	O	O	O	O	

—	O	O	O	O	
Se	O	O	O	O	
non	O	O	O	O	
vi	O	O	O	O	
battete	O	O	O	O	
,	O	O	O	O	
sarò	O	O	O	O	
costretto	O	O	O	O	
di	O	O	O	O	
battervi	O	O	O	O	
io	O	O	O	O	
,	O	O	O	O	
di	O	O	O	O	
schiaffeggiarvi	O	O	O	O	
.	O	O	O	O	

—	O	O	O	O	
Non	O	O	O	O	
mi	O	O	O	O	
oppongo	O	O	O	O	
.	O	O	O	O	

Domani	O	O	O	O	
vi	O	O	O	O	
farò	O	O	O	O	
rendere	O	O	O	O	
codesti	O	O	O	O	
schiaffi	O	O	O	O	
dal	O	O	O	O	
carnefice	B-PER	O	O	O	
avanti	O	O	O	O	
di	O	O	O	O	
farvi	O	O	O	O	
appiccare	O	O	O	O	
.	O	O	O	O	

Ogni	O	O	O	O	
discussione	O	O	O	O	
era	O	O	O	O	
inutile	O	O	O	O	
.	O	O	O	O	

Mio	B-PER	O	O	O	
padre	I-PER	O	O	O	
si	O	O	O	O	
avvicinò	O	O	O	O	
al	O	O	O	O	
colonnello	B-PER	O	O	O	
,	O	O	O	O	
e	O	O	O	O	
lo	O	O	O	O	
percosse	O	O	O	O	
fortemente	O	O	O	O	
alla	O	O	O	O	
faccia	O	O	O	O	
.	O	O	O	O	

Il	O	O	O	O	
colonnello	B-PER	O	O	O	
Schaffner	I-PER	O	O	O	
restò	O	O	O	O	
bravamente	O	O	O	O	
impassibile	O	O	O	O	
,	O	O	O	O	
avvegnachè	O	O	O	O	
la	O	O	O	O	
sua	O	O	O	O	
testa	O	O	O	O	
piegasse	O	O	O	O	
a	O	O	O	O	
dritta	O	O	O	O	
ed	O	O	O	O	
a	O	O	O	O	
sinistra	O	O	O	O	
sotto	O	O	O	O	
la	O	O	O	O	
possente	O	O	O	O	
mano	O	O	O	O	
dell	O	O	O	O	
'	O	O	O	O	
oltraggiato	B-PER	O	O	O	
.	O	O	O	O	

E	O	O	O	O	
'	O	O	O	O	
credeva	O	O	O	O	
cavarsela	O	O	O	O	
con	O	O	O	O	
quella	O	O	O	O	
correzione	O	O	O	O	
,	O	O	O	O	
e	O	O	O	O	
guardava	O	O	O	O	
dal	O	O	O	O	
lato	O	O	O	O	
della	O	O	O	O	
porta	O	O	O	O	
.	O	O	O	O	

Ma	O	O	O	O	
mio	B-PER	O	O	O	
padre	I-PER	O	O	O	
aveva	O	O	O	O	
tutto	O	O	O	O	
previsto	O	O	O	O	
.	O	O	O	O	

Conosceva	O	O	O	O	
l	B-PER	O	O	O	
'	I-PER	O	O	O	
uomo	I-PER	O	O	O	
.	O	O	O	O	

Fece	O	O	O	O	
quindi	O	O	O	O	
un	O	O	O	O	
segno	O	O	O	O	
a	O	O	O	O	
mia	B-PER	O	O	O	
madre	I-PER	O	O	O	
,	O	O	O	O	
la	O	O	O	O	
quale	O	O	O	O	
tirò	O	O	O	O	
dal	O	O	O	O	
cassettone	O	O	O	O	
un	O	O	O	O	
gomitolo	O	O	O	O	
di	O	O	O	O	
sottil	O	O	O	O	
corda	O	O	O	O	
.	O	O	O	O	

Il	B-PER	O	O	O	
colonnello	I-PER	O	O	O	
tremò	O	O	O	O	
.	O	O	O	O	

Divenne	O	O	O	O	
bianco	O	O	O	O	
come	O	O	O	O	
la	O	O	O	O	
camicia	O	O	O	O	
che	O	O	O	O	
aveva	O	O	O	O	
probabilmente	O	O	O	O	
portata	O	O	O	O	
al	O	O	O	O	
suo	O	O	O	O	
primo	O	O	O	O	
ritrovo	O	O	O	O	
di	O	O	O	O	
amore	O	O	O	O	
.	O	O	O	O	

—	O	O	O	O	
Volete	O	O	O	O	
dunque	O	O	O	O	
appiccarmi	O	O	O	O	
?	O	O	O	O	

sclamò	O	O	O	O	
desso	O	O	O	O	
.	O	O	O	O	

Mio	B-PER	O	O	O	
padre	I-PER	O	O	O	
non	O	O	O	O	
gli	O	O	O	O	
rispose	O	O	O	O	
.	O	O	O	O	

Sciolse	O	O	O	O	
la	O	O	O	O	
corda	O	O	O	O	
,	O	O	O	O	
si	O	O	O	O	
avvicinò	O	O	O	O	
all	O	O	O	O	
'	O	O	O	O	
uomo	B-PER	O	O	O	
,	O	O	O	O	
e	O	O	O	O	
,	O	O	O	O	
di	O	O	O	O	
un	O	O	O	O	
colpo	O	O	O	O	
di	O	O	O	O	
pugno	O	O	O	O	
nel	O	O	O	O	
petto	O	O	O	O	
,	O	O	O	O	
di	O	O	O	O	
un	O	O	O	O	
calcio	O	O	O	O	
nelle	O	O	O	O	
gambe	O	O	O	O	
,	O	O	O	O	
lo	O	O	O	O	
gettò	O	O	O	O	
a	O	O	O	O	
terra	O	O	O	O	
.	O	O	O	O	

Avanti	O	O	O	O	
che	O	O	O	O	
il	B-PER	O	O	O	
colonnello	I-PER	O	O	O	
avesse	O	O	O	O	
compreso	O	O	O	O	
ciò	O	O	O	O	
che	O	O	O	O	
volevasi	O	O	O	O	
fare	O	O	O	O	
di	O	O	O	O	
lui	O	O	O	O	
,	O	O	O	O	
si	O	O	O	O	
trovò	O	O	O	O	
i	O	O	O	O	
due	O	O	O	O	
polsi	O	O	O	O	
solidamente	O	O	O	O	
legati	O	O	O	O	
,	O	O	O	O	
i	O	O	O	O	
piedi	O	O	O	O	
strettamente	O	O	O	O	
avvinti	O	O	O	O	
alle	O	O	O	O	
cavicchie	O	O	O	O	
,	O	O	O	O	
mani	O	O	O	O	
e	O	O	O	O	
piedi	O	O	O	O	
legati	O	O	O	O	
dietro	O	O	O	O	
la	O	O	O	O	
schiena	O	O	O	O	
,	O	O	O	O	
in	O	O	O	O	
maniera	O	O	O	O	
che	O	O	O	O	
il	O	O	O	O	
trapezio	O	O	O	O	
era	O	O	O	O	
divenuto	O	O	O	O	
oramai	O	O	O	O	
un	O	O	O	O	
gomitolo	O	O	O	O	
.	O	O	O	O	

Mia	B-PER	O	O	O	
madre	I-PER	O	O	O	
aprì	O	O	O	O	
la	O	O	O	O	
botola	O	O	O	O	
che	O	O	O	O	
chiudeva	O	O	O	O	
la	O	O	O	O	
cantina	O	O	O	O	
.	O	O	O	O	

Mio	B-PER	O	O	O	
padre	I-PER	O	O	O	
trascinò	O	O	O	O	
il	B-PER	O	O	O	
colonnello	I-PER	O	O	O	
,	O	O	O	O	
che	O	O	O	O	
gridava	O	O	O	O	
ora	O	O	O	O	
come	O	O	O	O	
un	O	O	O	O	
pappagallo	O	O	O	O	
incollerito	O	O	O	O	
,	O	O	O	O	
e	O	O	O	O	
lo	O	O	O	O	
lasciò	O	O	O	O	
rotolare	O	O	O	O	
giù	O	O	O	O	
,	O	O	O	O	
sopra	O	O	O	O	
un	O	O	O	O	
piano	O	O	O	O	
inclinato	O	O	O	O	
di	O	O	O	O	
ventidue	O	O	O	O	
gradini	O	O	O	O	
.	O	O	O	O	

—	O	O	O	O	
Ajuto	O	O	O	O	
,	O	O	O	O	
soccorso	O	O	O	O	
,	O	O	O	O	
mi	O	O	O	O	
assassinano	O	O	O	O	
!	O	O	O	O	

fu	O	O	O	O	
l	O	O	O	O	
'	O	O	O	O	
ultimo	O	O	O	O	
grido	O	O	O	O	
che	O	O	O	O	
gettò	O	O	O	O	
colui	O	O	O	O	
arrivando	O	O	O	O	
al	O	O	O	O	
fondo	O	O	O	O	
della	O	O	O	O	
scala	O	O	O	O	
.	O	O	O	O	

La	O	O	O	O	
botola	O	O	O	O	
ricadde	O	O	O	O	
su	O	O	O	O	
lui	O	O	O	O	
,	O	O	O	O	
e	O	O	O	O	
non	O	O	O	O	
intendemmo	O	O	O	O	
più	O	O	O	O	
che	O	O	O	O	
un	O	O	O	O	
gemito	O	O	O	O	
soffocato	O	O	O	O	
.	O	O	O	O	

Mia	B-PER	O	O	O	
madre	I-PER	O	O	O	
preparò	O	O	O	O	
la	O	O	O	O	
tavola	O	O	O	O	
,	O	O	O	O	
e	O	O	O	O	
levò	O	O	O	O	
dal	O	O	O	O	
fuoco	O	O	O	O	
una	O	O	O	O	
casseruola	O	O	O	O	
,	O	O	O	O	
ove	O	O	O	O	
cuoceva	O	O	O	O	
lentamente	O	O	O	O	
un	O	O	O	O	
pollo	O	O	O	O	
tagliato	O	O	O	O	
a	O	O	O	O	
pezzi	O	O	O	O	
entro	O	O	O	O	
un	O	O	O	O	
'	O	O	O	O	
eccellente	O	O	O	O	
salsa	O	O	O	O	
rossa	O	O	O	O	
.	O	O	O	O	

Cenammo	O	O	O	O	
,	O	O	O	O	
come	O	O	O	O	
se	O	O	O	O	
nulla	O	O	O	O	
fosse	O	O	O	O	
accaduto	O	O	O	O	
.	O	O	O	O	

Poi	O	O	O	O	
,	O	O	O	O	
al	O	O	O	O	
solito	O	O	O	O	
,	O	O	O	O	
mio	B-PER	O	O	O	
padre	I-PER	O	O	O	
lesse	O	O	O	O	
un	O	O	O	O	
capitolo	O	O	O	O	
della	O	O	O	O	
Bibbia	O	O	O	O	
prima	O	O	O	O	
di	O	O	O	O	
andare	O	O	O	O	
a	O	O	O	O	
letto	O	O	O	O	
.	O	O	O	O	

Quando	O	O	O	O	
la	O	O	O	O	
preghiera	O	O	O	O	
fu	O	O	O	O	
finita	O	O	O	O	
,	O	O	O	O	
e	O	O	O	O	
'	O	O	O	O	
si	O	O	O	O	
rivolse	O	O	O	O	
a	O	O	O	O	
mia	B-PER	O	O	O	
madre	I-PER	O	O	O	
,	O	O	O	O	
e	O	O	O	O	
le	O	O	O	O	
disse	O	O	O	O	
:	O	O	O	O	
—	O	O	O	O	
Perla	O	O	O	O	
mia	O	O	O	O	
,	O	O	O	O	
Maurizio	B-PER	O	O	O	
ed	O	O	O	O	
io	O	O	O	O	
abbandoniamo	O	O	O	O	
immediatamente	O	O	O	O	
questa	B-FAC	O	O	O	
casa	I-FAC	O	O	O	
ed	O	O	O	O	
il	B-GPE	O	O	O	
paese	I-GPE	O	O	O	
.	O	O	O	O	

Tu	O	O	O	O	
resterai	O	O	O	O	
qui	O	O	O	O	
cinque	O	O	O	O	
giorni	O	O	O	O	
,	O	O	O	O	
e	O	O	O	O	
poi	O	O	O	O	
ritornerai	O	O	O	O	
nella	O	O	O	O	
tua	B-PER	O	O	O	
famiglia	I-PER	O	O	O	
.	O	O	O	O	

Tuo	B-PER	O	O	O	
fratello	I-PER	O	O	O	
verrà	O	O	O	O	
a	O	O	O	O	
cercarti	O	O	O	O	
.	O	O	O	O	

Durante	O	O	O	O	
questo	O	O	O	O	
tempo	O	O	O	O	
,	O	O	O	O	
porterai	O	O	O	O	
ogni	O	O	O	O	
giorno	O	O	O	O	
un	O	O	O	O	
pezzo	O	O	O	O	
di	O	O	O	O	
pane	O	O	O	O	
di	O	O	O	O	
una	O	O	O	O	
libbra	O	O	O	O	
,	O	O	O	O	
e	O	O	O	O	
una	O	O	O	O	
brocca	O	O	O	O	
d	O	O	O	O	
'	O	O	O	O	
acqua	O	O	O	O	
,	O	O	O	O	
a	O	O	O	O	
quel	O	O	O	O	
cane	O	O	O	O	
lì	O	O	O	O	
abbasso	O	O	O	O	
.	O	O	O	O	

Quando	O	O	O	O	
tu	O	O	O	O	
e	O	O	O	O	
tuo	B-PER	O	O	O	
fratello	I-PER	O	O	O	
sarete	O	O	O	O	
partiti	O	O	O	O	
alla	O	O	O	O	
vostra	O	O	O	O	
volta	O	O	O	O	
,	O	O	O	O	
il	B-PER	O	O	O	
diavolo	I-PER	O	O	O	
avrà	O	O	O	O	
cura	O	O	O	O	
della	O	O	O	O	
sua	O	O	O	O	
preda	O	O	O	O	
.	O	O	O	O	

Vi	O	O	O	O	
metterete	O	O	O	O	
in	O	O	O	O	
cammino	O	O	O	O	
alla	O	O	O	O	
notte	O	O	O	O	
.	O	O	O	O	

Verrò	O	O	O	O	
a	O	O	O	O	
vederti	O	O	O	O	
,	O	O	O	O	
tosto	O	O	O	O	
che	O	O	O	O	
avrò	O	O	O	O	
un	O	O	O	O	
riparo	O	O	O	O	
ove	O	O	O	O	
condurti	O	O	O	O	
.	O	O	O	O	

Così	O	O	O	O	
Dio	B-PER	O	O	O	
ci	O	O	O	O	
protegga	O	O	O	O	
,	O	O	O	O	
e	O	O	O	O	
ci	O	O	O	O	
benedica	O	O	O	O	
!	O	O	O	O	

Mio	B-PER	O	O	O	
padre	I-PER	O	O	O	
abbracciò	O	O	O	O	
religiosamente	O	O	O	O	
mia	B-PER	O	O	O	
madre	I-PER	O	O	O	
,	O	O	O	O	
e	O	O	O	O	
uscimmo	O	O	O	O	
da	O	O	O	O	
quella	B-FAC	O	O	O	
casa	I-FAC	O	O	O	
fortunata	I-FAC	O	O	O	
che	O	O	O	O	
i	B-PER	O	O	O	
nostri	I-PER	O	O	O	
antenati	I-PER	O	O	O	
avevano	O	O	O	O	
abitata	O	O	O	O	
per	O	O	O	O	
dei	O	O	O	O	
secoli	O	O	O	O	
,	O	O	O	O	
da	O	O	O	O	
quel	B-GPE	O	O	O	
villaggio	I-GPE	O	O	O	
ove	O	O	O	O	
mio	B-PER	O	O	O	
padre	I-PER	O	O	O	
era	O	O	O	O	
stimato	O	O	O	O	
da	O	O	O	O	
tutti	B-PER	O	O	O	
e	O	O	O	O	
benedetto	O	O	O	O	
dai	O	O	O	O	
poveri	B-PER	O	O	O	
.	O	O	O	O	

L	O	O	O	O	
'	O	O	O	O	
ultimo	O	O	O	O	
suono	O	O	O	O	
che	O	O	O	O	
percosse	O	O	O	O	
le	O	O	O	O	
nostre	O	O	O	O	
orecchie	O	O	O	O	
fu	O	O	O	O	
il	O	O	O	O	
singhiozzo	O	O	O	O	
della	O	O	O	O	
povera	B-PER	O	O	O	
donna	I-PER	O	O	O	
,	O	O	O	O	
che	O	O	O	O	
restava	O	O	O	O	
sola	O	O	O	O	
a	O	O	O	O	
far	O	O	O	O	
fronte	O	O	O	O	
alla	O	O	O	O	
retroguardia	O	O	O	O	
nemica	O	O	O	O	
.	O	O	O	O	

Ahimè	O	O	O	O	
!	O	O	O	O	

non	O	O	O	O	
dovevamo	O	O	O	O	
più	O	O	O	O	
rivederla	O	O	O	O	
.	O	O	O	O	

Ecco	O	O	O	O	
ciò	O	O	O	O	
che	O	O	O	O	
avvenne	O	O	O	O	
.	O	O	O	O	

Mia	B-PER	O	O	O	
madre	I-PER	O	O	O	
restò	O	O	O	O	
tre	O	O	O	O	
giorni	O	O	O	O	
prima	O	O	O	O	
di	O	O	O	O	
portar	O	O	O	O	
da	O	O	O	O	
mangiare	O	O	O	O	
e	O	O	O	O	
da	O	O	O	O	
bere	O	O	O	O	
al	O	O	O	O	
prigioniero	B-PER	O	O	O	
.	O	O	O	O	

Ella	O	O	O	O	
era	O	O	O	O	
spaventata	O	O	O	O	
dai	O	O	O	O	
sordi	O	O	O	O	
ruggiti	O	O	O	O	
che	O	O	O	O	
risuonavano	O	O	O	O	
incessantemente	O	O	O	O	
alle	O	O	O	O	
sue	O	O	O	O	
orecchie	O	O	O	O	
,	O	O	O	O	
e	O	O	O	O	
dal	O	O	O	O	
rumore	O	O	O	O	
che	O	O	O	O	
udiva	O	O	O	O	
,	O	O	O	O	
poichè	O	O	O	O	
il	B-PER	O	O	O	
colonnello	I-PER	O	O	O	
rotolava	O	O	O	O	
e	O	O	O	O	
si	O	O	O	O	
batteva	O	O	O	O	
a	O	O	O	O	
tutti	O	O	O	O	
gli	O	O	O	O	
angoli	O	O	O	O	
,	O	O	O	O	
a	O	O	O	O	
tutti	O	O	O	O	
gli	O	O	O	O	
utensili	O	O	O	O	
della	O	O	O	O	
cantina	O	O	O	O	
.	O	O	O	O	

Finalmente	O	O	O	O	
il	O	O	O	O	
terzo	O	O	O	O	
giorno	O	O	O	O	
ella	O	O	O	O	
discese	O	O	O	O	
,	O	O	O	O	
per	O	O	O	O	
obbedire	O	O	O	O	
agli	O	O	O	O	
ordini	O	O	O	O	
di	O	O	O	O	
suo	B-PER	O	O	O	
marito	I-PER	O	O	O	
.	O	O	O	O	

Il	B-PER	O	O	O	
colonnello	I-PER	O	O	O	
non	O	O	O	O	
era	O	O	O	O	
riuscito	O	O	O	O	
a	O	O	O	O	
slegarsi	O	O	O	O	
.	O	O	O	O	

Ma	O	O	O	O	
la	O	O	O	O	
corda	O	O	O	O	
penetrava	O	O	O	O	
nella	O	O	O	O	
carne	O	O	O	O	
ai	O	O	O	O	
polsi	O	O	O	O	
e	O	O	O	O	
martorizzava	O	O	O	O	
terribilmente	O	O	O	O	
le	O	O	O	O	
cavicchie	O	O	O	O	
.	O	O	O	O	

Sembrava	O	O	O	O	
talmente	O	O	O	O	
esausto	O	O	O	O	
,	O	O	O	O	
che	O	O	O	O	
udendo	O	O	O	O	
avvicinarsi	O	O	O	O	
mia	B-PER	O	O	O	
madre	I-PER	O	O	O	
,	O	O	O	O	
diede	O	O	O	O	
solo	O	O	O	O	
un	O	O	O	O	
debole	O	O	O	O	
gemito	O	O	O	O	
.	O	O	O	O	

Mia	B-PER	O	O	O	
madre	I-PER	O	O	O	
temette	O	O	O	O	
per	O	O	O	O	
un	O	O	O	O	
momento	O	O	O	O	
ch	O	O	O	O	
'	O	O	O	O	
egli	O	O	O	O	
non	O	O	O	O	
rendesse	O	O	O	O	
l	O	O	O	O	
'	O	O	O	O	
ultimo	O	O	O	O	
sospiro	O	O	O	O	
.	O	O	O	O	

Poggiò	O	O	O	O	
il	O	O	O	O	
lume	O	O	O	O	
sopra	O	O	O	O	
l	O	O	O	O	
'	O	O	O	O	
ultimo	O	O	O	O	
gradino	O	O	O	O	
della	O	O	O	O	
scala	O	O	O	O	
,	O	O	O	O	
andò	O	O	O	O	
verso	O	O	O	O	
quell	B-PER	O	O	O	
'	I-PER	O	O	O	
uomo	I-PER	O	O	O	
,	O	O	O	O	
accovacciato	O	O	O	O	
dietro	O	O	O	O	
un	O	O	O	O	
barile	O	O	O	O	
.	O	O	O	O	

Aveva	O	O	O	O	
la	O	O	O	O	
brocca	O	O	O	O	
ed	O	O	O	O	
il	O	O	O	O	
tozzo	O	O	O	O	
nelle	O	O	O	O	
mani	O	O	O	O	
.	O	O	O	O	

Glieli	O	O	O	O	
mostrò	O	O	O	O	
,	O	O	O	O	
e	O	O	O	O	
gli	O	O	O	O	
disse	O	O	O	O	
:	O	O	O	O	
—	O	O	O	O	
Mangiate	O	O	O	O	
e	O	O	O	O	
bevete	O	O	O	O	
.	O	O	O	O	

Stese	O	O	O	O	
le	O	O	O	O	
due	O	O	O	O	
mani	O	O	O	O	
nell	O	O	O	O	
'	O	O	O	O	
istesso	O	O	O	O	
tempo	O	O	O	O	
,	O	O	O	O	
lasciandogli	O	O	O	O	
la	O	O	O	O	
scelta	O	O	O	O	
di	O	O	O	O	
mangiare	O	O	O	O	
innanzi	O	O	O	O	
di	O	O	O	O	
bere	O	O	O	O	
,	O	O	O	O	
o	O	O	O	O	
di	O	O	O	O	
bere	O	O	O	O	
innanzi	O	O	O	O	
di	O	O	O	O	
mangiare	O	O	O	O	
.	O	O	O	O	

La	O	O	O	O	
testa	O	O	O	O	
del	O	O	O	O	
colonnello	B-PER	O	O	O	
era	O	O	O	O	
spinta	O	O	O	O	
indietro	O	O	O	O	
,	O	O	O	O	
livida	O	O	O	O	
,	O	O	O	O	
quasi	O	O	O	O	
nera	O	O	O	O	
,	O	O	O	O	
il	O	O	O	O	
collo	O	O	O	O	
torto	O	O	O	O	
,	O	O	O	O	
le	O	O	O	O	
vene	O	O	O	O	
gonfie	O	O	O	O	
come	O	O	O	O	
due	O	O	O	O	
gomene	O	O	O	O	
;	O	O	O	O	
gli	O	O	O	O	
occhi	O	O	O	O	
suoi	O	O	O	O	
parevano	O	O	O	O	
due	O	O	O	O	
macchie	O	O	O	O	
di	O	O	O	O	
sangue	O	O	O	O	
;	O	O	O	O	
la	O	O	O	O	
bocca	O	O	O	O	
,	O	O	O	O	
pure	O	O	O	O	
insanguinata	O	O	O	O	
,	O	O	O	O	
restava	O	O	O	O	
aperta	O	O	O	O	
.	O	O	O	O	

La	O	O	O	O	
corda	O	O	O	O	
,	O	O	O	O	
che	O	O	O	O	
gli	O	O	O	O	
passava	O	O	O	O	
attorno	O	O	O	O	
al	O	O	O	O	
collo	O	O	O	O	
,	O	O	O	O	
avanti	O	O	O	O	
di	O	O	O	O	
legare	O	O	O	O	
i	O	O	O	O	
piedi	O	O	O	O	
e	O	O	O	O	
le	O	O	O	O	
mani	O	O	O	O	
,	O	O	O	O	
aveva	O	O	O	O	
roso	O	O	O	O	
la	O	O	O	O	
cravatta	O	O	O	O	
e	O	O	O	O	
intaccato	O	O	O	O	
la	O	O	O	O	
carne	O	O	O	O	
.	O	O	O	O	

La	O	O	O	O	
respirazione	O	O	O	O	
sembrava	O	O	O	O	
soffocata	O	O	O	O	
.	O	O	O	O	

Mia	B-PER	O	O	O	
madre	I-PER	O	O	O	
n	O	O	O	O	
'	O	O	O	O	
ebbe	O	O	O	O	
pietà	O	O	O	O	
.	O	O	O	O	

Essa	O	O	O	O	
prendeva	O	O	O	O	
nella	O	O	O	O	
sua	O	O	O	O	
tasca	O	O	O	O	
un	O	O	O	O	
piccolo	O	O	O	O	
coltello	O	O	O	O	
per	O	O	O	O	
recidere	O	O	O	O	
quella	O	O	O	O	
corda	O	O	O	O	
,	O	O	O	O	
allorchè	O	O	O	O	
senti	O	O	O	O	
afferrare	O	O	O	O	
la	O	O	O	O	
sua	O	O	O	O	
mano	O	O	O	O	
.	O	O	O	O	

Due	O	O	O	O	
terribili	O	O	O	O	
file	O	O	O	O	
di	O	O	O	O	
denti	O	O	O	O	
l	O	O	O	O	
'	O	O	O	O	
azzannarono	O	O	O	O	
,	O	O	O	O	
la	O	O	O	O	
serrarono	O	O	O	O	
,	O	O	O	O	
frangendola	O	O	O	O	
fino	O	O	O	O	
alle	O	O	O	O	
ossa	O	O	O	O	
nella	O	O	O	O	
loro	O	O	O	O	
morsicatura	O	O	O	O	
.	O	O	O	O	

Mia	B-PER	O	O	O	
madre	I-PER	O	O	O	
gettò	O	O	O	O	
un	O	O	O	O	
grido	O	O	O	O	
.	O	O	O	O	

Il	B-PER	O	O	O	
colonnello	I-PER	O	O	O	
la	O	O	O	O	
spinse	O	O	O	O	
,	O	O	O	O	
rotolando	O	O	O	O	
sui	O	O	O	O	
suoi	O	O	O	O	
piedi	O	O	O	O	
con	O	O	O	O	
tutto	O	O	O	O	
il	O	O	O	O	
peso	O	O	O	O	
del	O	O	O	O	
suo	O	O	O	O	
corpo	O	O	O	O	
,	O	O	O	O	
e	O	O	O	O	
la	O	O	O	O	
rovesciò	O	O	O	O	
.	O	O	O	O	

La	B-PER	O	O	O	
povera	I-PER	O	O	O	
donna	I-PER	O	O	O	
era	O	O	O	O	
debole	O	O	O	O	
,	O	O	O	O	
essendo	O	O	O	O	
ammalata	O	O	O	O	
ed	O	O	O	O	
incinta	O	O	O	O	
.	O	O	O	O	

Il	B-PER	O	O	O	
colonnello	I-PER	O	O	O	
strisciò	O	O	O	O	
sopra	O	O	O	O	
di	O	O	O	O	
essa	O	O	O	O	
,	O	O	O	O	
e	O	O	O	O	
raggiunse	O	O	O	O	
il	O	O	O	O	
suo	O	O	O	O	
viso	O	O	O	O	
,	O	O	O	O	
ove	O	O	O	O	
la	O	O	O	O	
morse	O	O	O	O	
orribilmente	O	O	O	O	
.	O	O	O	O	

Le	O	O	O	O	
grida	O	O	O	O	
avrebbero	O	O	O	O	
scosso	O	O	O	O	
la	B-FAC	O	O	O	
casa	I-FAC	O	O	O	
e	O	O	O	O	
risvegliato	O	O	O	O	
i	B-PER	O	O	O	
morti	I-PER	O	O	O	
.	O	O	O	O	

In	O	O	O	O	
quel	O	O	O	O	
momento	O	O	O	O	
una	O	O	O	O	
testa	O	O	O	O	
apparve	O	O	O	O	
all	O	O	O	O	
'	O	O	O	O	
apertura	O	O	O	O	
della	O	O	O	O	
botola	O	O	O	O	
.	O	O	O	O	

Era	O	O	O	O	
mio	B-PER	O	O	O	
zio	I-PER	O	O	O	
,	O	O	O	O	
mandato	O	O	O	O	
da	O	O	O	O	
noi	O	O	O	O	
.	O	O	O	O	

Arrivava	O	O	O	O	
in	O	O	O	O	
tempo	O	O	O	O	
per	O	O	O	O	
liberare	O	O	O	O	
sua	B-PER	O	O	O	
sorella	I-PER	O	O	O	
,	O	O	O	O	
così	O	O	O	O	
bella	O	O	O	O	
poco	O	O	O	O	
dianzi	O	O	O	O	
,	O	O	O	O	
e	O	O	O	O	
ora	O	O	O	O	
così	O	O	O	O	
atrocemente	O	O	O	O	
e	O	O	O	O	
spaventevolmente	O	O	O	O	
mutilata	O	O	O	O	
.	O	O	O	O	

Ma	O	O	O	O	
non	O	O	O	O	
arrivava	O	O	O	O	
in	O	O	O	O	
tempo	O	O	O	O	
per	O	O	O	O	
salvarla	O	O	O	O	
.	O	O	O	O	

