—	O	O	O	O	
Sua	B-PER	O	O	O	
Maestà	I-PER	O	O	O	
la	B-PER	O	O	O	
Regina	I-PER	O	O	O	
attende	O	O	O	O	
.	O	O	O	O	

Il	O	O	O	O	
conte	O	B-PER	O	O	
Ercole	O	I-PER	O	O	
Pagano	O	I-PER	O	O	
Silf	O	I-PER	O	O	
,	O	I-PER	O	O	
gran	O	I-PER	O	O	
Maresciallo	O	I-PER	O	O	
di	O	I-PER	O	O	
Birònia	B-GPE	I-PER	O	O	
,	O	O	O	O	
dette	O	O	O	O	
queste	O	O	O	O	
parole	O	O	O	O	
rimase	O	O	O	O	
fermo	O	O	O	O	
nel	O	O	O	O	
mezzo	O	O	O	O	
della	O	O	O	O	
sala	B-FAC	O	O	O	
,	O	O	O	O	
sotto	O	O	O	O	
l	O	O	O	O	
'	O	O	O	O	
immensa	O	O	O	O	
scintillante	O	O	O	O	
lumiera	O	O	O	O	
veneziana	O	O	O	O	
,	O	O	O	O	
considerando	O	O	O	O	
la	B-PER	O	O	O	
persona	I-PER	O	O	O	
del	I-PER	O	O	O	
Re	I-PER	O	O	O	
.	O	O	O	O	

Ludovico	O	B-PER	O	O	
XII	O	I-PER	O	O	
,	O	I-PER	O	O	
Re	O	I-PER	O	O	
di	O	I-PER	O	O	
Birònia	B-GPE	I-PER	O	O	
,	O	O	O	O	
alzatosi	O	O	O	O	
in	O	O	O	O	
piedi	O	O	O	O	
incominciò	O	O	O	O	
a	O	O	O	O	
camminare	O	O	O	O	
assalito	O	O	O	O	
da	O	O	O	O	
una	O	O	O	O	
palese	O	O	O	O	
agitazione	O	O	O	O	
,	O	O	O	O	
da	O	O	O	O	
un	O	O	O	O	
tremito	O	O	O	O	
nervoso	O	O	O	O	
.	O	O	O	O	

Andava	O	O	O	O	
e	O	O	O	O	
veniva	O	O	O	O	
davanti	O	O	O	O	
alla	O	O	O	O	
specchiera	O	O	O	O	
della	O	O	O	O	
consolle	O	O	O	O	
,	O	O	O	O	
acciuffandosi	O	O	O	O	
gli	O	O	O	O	
enormi	O	O	O	O	
baffi	O	O	O	O	
orizzontali	O	O	O	O	
,	O	O	O	O	
neri	O	O	O	O	
e	O	O	O	O	
ferrigni	O	O	O	O	
,	O	O	O	O	
fulminando	O	O	O	O	
sè	O	O	O	O	
stesso	O	O	O	O	
coi	O	O	O	O	
terribili	O	O	O	O	
occhi	O	O	O	O	
rotondi	O	O	O	O	
dilatati	O	O	O	O	
,	O	O	O	O	
inarcando	O	O	O	O	
le	O	O	O	O	
spalle	O	O	O	O	
,	O	O	O	O	
spingendo	O	O	O	O	
in	O	O	O	O	
avanti	O	O	O	O	
il	O	O	O	O	
petto	O	O	O	O	
robustissimo	O	O	O	O	
,	O	O	O	O	
aggiustandosi	O	O	O	O	
dipoi	O	O	O	O	
la	O	O	O	O	
giubba	O	O	O	O	
azzurra	O	O	O	O	
gallonata	O	O	O	O	
d	O	O	O	O	
'	O	O	O	O	
oro	O	O	O	O	
.	O	O	O	O	

—	O	O	O	O	
Come	O	O	O	O	
a	O	O	O	O	
vent	O	O	O	O	
'	O	O	O	O	
anni	O	O	O	O	
—	O	O	O	O	
pensava	O	O	O	O	
Ludovico	B-PER	O	O	O	
XII	I-PER	O	O	O	
—	O	O	O	O	
peggio	O	O	O	O	
assai	O	O	O	O	
che	O	O	O	O	
a	O	O	O	O	
vent	O	O	O	O	
'	O	O	O	O	
anni	O	O	O	O	
,	O	O	O	O	
io	O	O	O	O	
mi	O	O	O	O	
sento	O	O	O	O	
oggi	O	O	O	O	
più	O	O	O	O	
impaziente	O	O	O	O	
e	O	O	O	O	
imbarazzato	O	O	O	O	
di	O	O	O	O	
allora	O	O	O	O	
.	O	O	O	O	

—	O	O	O	O	
Tutto	O	O	O	O	
è	O	O	O	O	
pronto	O	O	O	O	
?	O	O	O	O	

—	O	O	O	O	
chiese	O	O	O	O	
il	B-PER	O	O	O	
Re	I-PER	O	O	O	
.	O	O	O	O	

—	O	O	O	O	
Tutto	O	O	O	O	
,	O	O	O	O	
Maestà	B-PER	O	O	O	
.	O	O	O	O	

—	O	O	O	O	
Fu	O	O	O	O	
pensato	O	O	O	O	
a	O	O	O	O	
tutto	O	O	O	O	
?	O	O	O	O	

—	O	O	O	O	
A	O	O	O	O	
tutto	O	O	O	O	
.	O	O	O	O	

Voleva	O	O	O	O	
Ludovico	B-PER	O	O	O	
XII	I-PER	O	O	O	
domandare	O	O	O	O	
se	O	O	O	O	
già	O	O	O	O	
la	O	O	O	O	
preghiera	O	O	O	O	
nella	O	O	O	O	
cappella	B-FAC	O	O	O	
Reale	I-FAC	O	O	O	
fosse	O	O	O	O	
incominciata	O	O	O	O	
ma	O	O	O	O	
non	O	O	O	O	
osava	O	O	O	O	
,	O	O	O	O	
non	O	O	O	O	
intendeva	O	O	O	O	
palesare	O	O	O	O	
di	O	O	O	O	
ammettere	O	O	O	O	
soverchia	O	O	O	O	
importanza	O	O	O	O	
a	O	O	O	O	
quel	O	O	O	O	
fatto	O	O	O	O	
soprannaturale	O	O	O	O	
,	O	O	O	O	
e	O	O	O	O	
non	O	O	O	O	
avrebbe	O	O	O	O	
voluto	O	O	O	O	
dopo	O	O	O	O	
rimproverarsene	O	O	O	O	
il	O	O	O	O	
torto	O	O	O	O	
.	O	O	O	O	

Era	O	O	O	O	
convinto	O	O	O	O	
che	O	O	O	O	
Dio	B-PER	O	O	O	
,	O	O	O	O	
lo	O	O	O	O	
avrebbe	O	O	O	O	
meglio	O	O	O	O	
esaudito	O	O	O	O	
direttamente	O	O	O	O	
che	O	O	O	O	
per	O	O	O	O	
mezzo	O	O	O	O	
del	O	O	O	O	
prelato	O	B-PER	O	O	
di	O	I-PER	O	O	
corte	B-ORG	I-PER	O	O	
,	O	O	O	O	
ma	O	O	O	O	
siccome	O	O	O	O	
altra	O	O	O	O	
volta	O	O	O	O	
ciò	O	O	O	O	
non	O	O	O	O	
era	O	O	O	O	
accaduto	O	O	O	O	
voleva	O	O	O	O	
che	O	O	O	O	
la	O	O	O	O	
formalità	O	O	O	O	
fosse	O	O	O	O	
adempiuta	O	O	O	O	
.	O	O	O	O	

E	O	O	O	O	
il	O	O	O	O	
conte	B-PER	O	O	O	
Ercole	I-PER	O	O	O	
Pagano	I-PER	O	O	O	
Silf	I-PER	O	O	O	
,	O	O	O	O	
al	O	O	O	O	
quale	O	O	O	O	
nulla	O	O	O	O	
sfuggiva	O	O	O	O	
del	O	O	O	O	
pensiero	O	O	O	O	
del	O	O	O	O	
Sovrano	B-PER	O	O	O	
,	O	O	O	O	
comprese	O	O	O	O	
.	O	O	O	O	

—	O	O	O	O	
Monsignore	B-PER	O	O	O	
vicario	I-PER	O	O	O	
già	O	O	O	O	
da	O	O	O	O	
mezz	O	O	O	O	
'	O	O	O	O	
ora	O	O	O	O	
è	O	O	O	O	
genuflesso	O	O	O	O	
dinanzi	O	O	O	O	
all	O	O	O	O	
'	O	O	O	O	
altare	O	O	O	O	
acceso	O	O	O	O	
,	O	O	O	O	
dall	O	O	O	O	
'	O	O	O	O	
alba	O	O	O	O	
di	O	O	O	O	
stamane	O	O	O	O	
le	B-PER	O	O	O	
Orsoline	I-PER	O	O	O	
alzano	O	O	O	O	
al	O	O	O	O	
cielo	O	O	O	O	
la	O	O	O	O	
loro	O	O	O	O	
invocazione	O	O	O	O	
,	O	O	O	O	
Monsignora	O	B-PER	O	O	
Superiora	O	I-PER	O	O	
delle	O	I-PER	O	O	
Clarisse	B-PER	I-PER	O	O	
fece	O	O	O	O	
eseguire	O	O	O	O	
il	O	O	O	O	
digiuno	O	O	O	O	
di	O	O	O	O	
preparazione	O	O	O	O	
,	O	O	O	O	
e	O	O	O	O	
nella	O	O	O	O	
cattedrale	B-FAC	O	O	O	
fu	O	O	O	O	
adempiuto	O	O	O	O	
il	O	O	O	O	
triduo	O	O	O	O	
solenne	O	O	O	O	
,	O	O	O	O	
al	O	O	O	O	
grido	O	O	O	O	
di	O	O	O	O	
tutte	O	B-PER	O	O	
le	O	I-PER	O	O	
vergini	O	I-PER	O	O	
e	O	I-PER	O	O	
le	O	I-PER	O	O	
madri	O	I-PER	O	O	
di	O	I-PER	O	O	
Birònia	B-GPE	I-PER	O	O	
.	O	O	O	O	

—	O	O	O	O	
Andiamo	O	O	O	O	
—	O	O	O	O	
disse	O	O	O	O	
il	B-PER	O	O	O	
Re	I-PER	O	O	O	
interrompendolo	O	O	O	O	
bruscamente	O	O	O	O	
.	O	O	O	O	

Il	B-PER	O	O	O	
gran	I-PER	O	O	O	
Maresciallo	I-PER	O	O	O	
aprì	O	O	O	O	
la	O	O	O	O	
porta	O	O	O	O	
e	O	O	O	O	
,	O	O	O	O	
passato	O	O	O	O	
il	B-PER	O	O	O	
Sovrano	I-PER	O	O	O	
,	O	O	O	O	
lo	O	O	O	O	
seguì	O	O	O	O	
a	O	O	O	O	
capo	O	O	O	O	
basso	O	O	O	O	
per	O	O	O	O	
il	O	B-FAC	O	O	
lungo	O	I-FAC	O	O	
e	O	I-FAC	O	O	
deserto	O	I-FAC	O	O	
corridoio	O	I-FAC	O	O	
della	O	I-FAC	O	O	
Reggia	B-FAC	I-FAC	O	O	
.	O	O	O	O	

Giunti	O	O	O	O	
ad	O	O	O	O	
una	O	O	O	O	
porta	O	O	O	O	
si	O	O	O	O	
fermò	O	O	O	O	
il	B-PER	O	O	O	
Re	I-PER	O	O	O	
,	O	O	O	O	
il	B-PER	O	O	O	
gran	I-PER	O	O	O	
Maresciallo	I-PER	O	O	O	
l	O	O	O	O	
'	O	O	O	O	
aprì	O	O	O	O	
,	O	O	O	O	
entrò	O	O	O	O	
,	O	O	O	O	
e	O	O	O	O	
fattosi	O	O	O	O	
a	O	O	O	O	
un	O	O	O	O	
passo	O	O	O	O	
dalla	O	O	O	O	
soglia	O	O	O	O	
annunziò	O	O	O	O	
:	O	O	O	O	
—	O	O	O	O	
Sua	B-PER	O	O	O	
Maestà	I-PER	O	O	O	
il	I-PER	O	O	O	
Re	I-PER	O	O	O	
.	O	O	O	O	

Nel	O	O	O	O	
mezzo	O	O	O	O	
di	O	O	O	O	
quella	B-FAC	O	O	O	
camera	I-FAC	O	O	O	
tappezzata	I-FAC	O	O	O	
di	I-FAC	O	O	O	
seta	I-FAC	O	O	O	
azzurra	I-FAC	O	O	O	
a	I-FAC	O	O	O	
gigli	I-FAC	O	O	O	
d	I-FAC	O	O	O	
'	I-FAC	O	O	O	
argento	I-FAC	O	O	O	
,	O	O	O	O	
cadente	O	O	O	O	
di	O	O	O	O	
ampi	O	O	O	O	
ricchissimi	O	O	O	O	
cortinaggi	O	O	O	O	
,	O	O	O	O	
cordoni	O	O	O	O	
e	O	O	O	O	
galloni	O	O	O	O	
,	O	O	O	O	
sopra	O	O	O	O	
una	O	O	O	O	
chese	O	O	O	O	
longue	O	O	O	O	
,	O	O	O	O	
sorretta	O	O	O	O	
da	O	O	O	O	
innumerevoli	O	O	O	O	
cuscini	O	O	O	O	
la	O	O	O	O	
Regina	O	B-PER	O	O	
Sofia	O	I-PER	O	O	
Clementina	O	I-PER	O	O	
di	O	I-PER	O	O	
Birònia	B-GPE	I-PER	O	O	
era	O	O	O	O	
distesa	O	O	O	O	
,	O	O	O	O	
cerea	O	O	O	O	
,	O	O	O	O	
quasi	O	O	O	O	
dormente	O	O	O	O	
.	O	O	O	O	

All	O	O	O	O	
'	O	O	O	O	
annunzio	O	O	O	O	
aprì	O	O	O	O	
gli	O	O	O	O	
occhi	O	O	O	O	
con	O	O	O	O	
quel	O	O	O	O	
terrore	O	O	O	O	
rassegnato	O	O	O	O	
ch	O	O	O	O	
'	O	O	O	O	
hanno	O	O	O	O	
i	B-PER	O	O	O	
moribondi	I-PER	O	O	O	
davanti	O	O	O	O	
al	O	O	O	O	
sacerdote	B-PER	O	O	O	
che	O	O	O	O	
porge	O	O	O	O	
loro	O	O	O	O	
gli	O	O	O	O	
ultimi	O	O	O	O	
conforti	O	O	O	O	
per	O	O	O	O	
l	O	O	O	O	
'	O	O	O	O	
ignoto	O	O	O	O	
viaggio	O	O	O	O	
,	O	O	O	O	
e	O	O	O	O	
li	O	O	O	O	
richiuse	O	O	O	O	
quasi	O	O	O	O	
subito	O	O	O	O	
stancamente	O	O	O	O	
sopita	O	O	O	O	
.	O	O	O	O	

Il	O	O	O	O	
conte	B-PER	O	O	O	
Ercole	I-PER	O	O	O	
Pagano	I-PER	O	O	O	
Silf	I-PER	O	O	O	
si	O	O	O	O	
ritirò	O	O	O	O	
,	O	O	O	O	
chiuse	O	O	O	O	
cautamente	O	O	O	O	
la	O	O	O	O	
porta	O	O	O	O	
,	O	O	O	O	
restò	O	O	O	O	
un	O	O	O	O	
momento	O	O	O	O	
a	O	O	O	O	
capo	O	O	O	O	
basso	O	O	O	O	
,	O	O	O	O	
si	O	O	O	O	
dette	O	O	O	O	
a	O	O	O	O	
girellare	O	O	O	O	
su	O	O	O	O	
e	O	O	O	O	
giù	O	O	O	O	
per	O	O	O	O	
il	B-FAC	O	O	O	
corridoio	I-FAC	O	O	O	
,	O	O	O	O	
e	O	O	O	O	
fermandosi	O	O	O	O	
davanti	O	O	O	O	
ad	O	O	O	O	
una	O	O	O	O	
finestra	O	O	O	O	
e	O	O	O	O	
levando	O	O	O	O	
in	O	O	O	O	
alto	O	O	O	O	
la	O	O	O	O	
testa	O	O	O	O	
e	O	O	O	O	
le	O	O	O	O	
braccia	O	O	O	O	
parve	O	O	O	O	
volesse	O	O	O	O	
dire	O	O	O	O	
:	O	O	O	O	
—	O	O	O	O	
Signore	B-PER	O	O	O	
,	O	O	O	O	
esaudiscilo	O	O	O	O	
!	O	O	O	O	

Ludovico	O	B-PER	O	O	
XII	O	I-PER	O	O	
Re	O	I-PER	O	O	
di	O	I-PER	O	O	
Birònia	B-GPE	I-PER	O	O	
,	O	I-PER	O	O	
Re	O	I-PER	O	O	
assoluto	O	I-PER	O	O	
,	O	I-PER	O	O	
tipo	O	I-PER	O	O	
straordinariamente	O	I-PER	O	O	
forte	O	I-PER	O	O	
di	O	I-PER	O	O	
soldato	O	I-PER	O	O	
,	O	O	O	O	
aveva	O	O	O	O	
da	O	O	O	O	
poco	O	O	O	O	
varcati	O	O	O	O	
i	O	O	O	O	
quarant	O	O	O	O	
'	O	O	O	O	
anni	O	O	O	O	
,	O	O	O	O	
e	O	O	O	O	
regnava	O	O	O	O	
da	O	O	O	O	
dodici	O	O	O	O	
sul	O	O	O	O	
trono	O	O	O	O	
di	O	O	O	O	
Birònia	B-GPE	O	O	O	
.	O	O	O	O	

Era	O	O	O	O	
adorato	O	O	O	O	
dal	O	O	O	O	
suo	B-PER	O	O	O	
popolo	I-PER	O	O	O	
che	O	O	O	O	
vedeva	O	O	O	O	
in	O	O	O	O	
lui	O	O	O	O	
degnamente	O	O	O	O	
e	O	O	O	O	
fedelmente	O	O	O	O	
rispecchiata	O	O	O	O	
secondo	O	O	O	O	
quella	O	O	O	O	
tradizione	O	O	O	O	
la	O	O	O	O	
grandezza	O	O	O	O	
,	O	O	O	O	
simbolica	O	O	O	O	
ormai	O	O	O	O	
,	O	O	O	O	
di	O	O	O	O	
Ludovico	O	B-PER	O	O	
il	O	I-PER	O	O	
Grande	O	I-PER	O	O	
di	O	I-PER	O	O	
Birònia	B-GPE	I-PER	O	O	
che	O	O	O	O	
quattrocento	O	O	O	O	
anni	O	O	O	O	
prima	O	O	O	O	
aveva	O	O	O	O	
riunito	O	O	O	O	
il	B-GPE	O	O	O	
Regno	I-GPE	O	O	O	
,	O	O	O	O	
dichiaratane	O	O	O	O	
l	O	O	O	O	
'	O	O	O	O	
indipendenza	O	O	O	O	
,	O	O	O	O	
fissatane	O	O	O	O	
la	O	O	O	O	
costituzione	O	O	O	O	
.	O	O	O	O	

Quando	O	O	O	O	
Ludovico	B-PER	O	O	O	
XII	I-PER	O	O	O	
passava	O	O	O	O	
fra	O	O	O	O	
le	O	O	O	O	
turbe	O	O	O	O	
riverenti	O	O	O	O	
e	O	O	O	O	
si	O	O	O	O	
volgeva	O	O	O	O	
da	O	O	O	O	
destra	O	O	O	O	
a	O	O	O	O	
sinistra	O	O	O	O	
coi	O	O	O	O	
tremendi	O	O	O	O	
baffi	O	O	O	O	
orizzontali	O	O	O	O	
e	O	O	O	O	
gli	O	O	O	O	
occhi	O	O	O	O	
sgranati	O	O	O	O	
,	O	O	O	O	
terribile	O	O	O	O	
,	O	O	O	O	
lanciando	O	O	O	O	
sguardi	O	O	O	O	
da	O	O	O	O	
sgherro	B-PER	O	O	O	
d	I-PER	O	O	O	
'	I-PER	O	O	O	
operetta	I-PER	O	O	O	
,	O	O	O	O	
le	O	O	O	O	
folle	O	O	O	O	
protese	O	O	O	O	
a	O	O	O	O	
capo	O	O	O	O	
chino	O	O	O	O	
e	O	O	O	O	
scoperto	O	O	O	O	
se	O	O	O	O	
ne	O	O	O	O	
sentivano	O	O	O	O	
invase	O	O	O	O	
beatamente	O	O	O	O	
e	O	O	O	O	
possedute	O	O	O	O	
tutte	O	O	O	O	
.	O	O	O	O	

—	O	O	O	O	
Come	O	O	O	O	
gli	O	O	O	O	
è	O	O	O	O	
grande	O	O	O	O	
!	O	O	O	O	

—	O	O	O	O	
Come	O	O	O	O	
Lui	O	O	O	O	
—	O	O	O	O	
ognuno	B-PER	O	O	O	
diceva	O	O	O	O	
e	O	O	O	O	
pensava	O	O	O	O	
.	O	O	O	O	

—	O	O	O	O	
I	O	O	O	O	
baffi	O	O	O	O	
,	O	O	O	O	
gli	O	O	O	O	
occhi	O	O	O	O	
,	O	O	O	O	
la	B-PER	O	O	O	
persona	I-PER	O	O	O	
tutta	I-PER	O	O	O	
!	O	O	O	O	

—	O	O	O	O	
Come	O	O	O	O	
gli	O	O	O	O	
è	O	O	O	O	
Re	B-PER	O	O	O	
!	O	O	O	O	

—	O	O	O	O	
Che	O	O	O	O	
garbo	O	O	O	O	
da	O	O	O	O	
Sovrano	B-PER	O	O	O	
!	O	O	O	O	

—	O	O	O	O	
Quanta	O	O	O	O	
maestà	O	O	O	O	
!	O	O	O	O	

Sarebbero	O	O	O	O	
stati	O	O	O	O	
tutti	B-PER	O	O	O	
ben	O	O	O	O	
volentieri	O	O	O	O	
ventiquattro	O	O	O	O	
ore	O	O	O	O	
digiuni	O	O	O	O	
per	O	O	O	O	
offrire	O	O	O	O	
a	O	O	O	O	
lui	O	O	O	O	
un	O	O	O	O	
pranzo	O	O	O	O	
di	O	O	O	O	
gala	O	O	O	O	
,	O	O	O	O	
e	O	O	O	O	
si	O	O	O	O	
sarebbero	O	O	O	O	
sentiti	O	O	O	O	
tutti	B-PER	O	O	O	
pieni	O	O	O	O	
,	O	O	O	O	
e	O	O	O	O	
se	O	O	O	O	
taluno	O	O	O	O	
avesse	O	O	O	O	
toccato	O	O	O	O	
un	O	O	O	O	
filo	O	O	O	O	
d	O	O	O	O	
'	O	O	O	O	
erba	O	O	O	O	
solo	O	O	O	O	
in	O	O	O	O	
Birònia	B-GPE	O	O	O	
non	O	O	O	O	
un	B-PER	O	O	O	
cittadino	I-PER	O	O	O	
sarebbe	O	O	O	O	
rimasto	O	O	O	O	
indietro	O	O	O	O	
d	O	O	O	O	
'	O	O	O	O	
un	O	O	O	O	
passo	O	O	O	O	
al	O	O	O	O	
suo	B-PER	O	O	O	
Re	I-PER	O	O	O	
per	O	O	O	O	
difenderlo	O	O	O	O	
.	O	O	O	O	

Era	O	O	O	O	
il	O	B-GPE	O	O	
Regno	O	I-GPE	O	O	
della	O	I-GPE	O	O	
Birònia	B-GPE	I-GPE	O	O	
come	O	O	O	O	
una	B-PER	O	O	O	
patriarcale	I-PER	O	O	O	
famiglia	I-PER	O	O	O	
.	O	O	O	O	

Vicino	O	O	O	O	
alla	O	O	O	O	
figura	B-PER	O	O	O	
fortissima	I-PER	O	O	O	
del	I-PER	O	O	O	
Re	I-PER	O	O	O	
eravi	O	O	O	O	
quella	O	O	O	O	
della	O	O	O	O	
Regina	B-PER	O	O	O	
,	I-PER	O	O	O	
pallida	I-PER	O	O	O	
e	I-PER	O	O	O	
sofferente	I-PER	O	O	O	
da	O	O	O	O	
varii	O	O	O	O	
anni	O	O	O	O	
per	O	O	O	O	
una	O	O	O	O	
nevrosi	O	O	O	O	
cardiaca	O	O	O	O	
che	O	O	O	O	
le	O	O	O	O	
si	O	O	O	O	
andava	O	O	O	O	
aggravando	O	O	O	O	
ogni	O	O	O	O	
dì	O	O	O	O	
,	O	O	O	O	
e	O	O	O	O	
la	O	O	O	O	
faceva	O	O	O	O	
rimanere	O	O	O	O	
sempre	O	O	O	O	
colla	O	O	O	O	
bocca	O	O	O	O	
aperta	O	O	O	O	
come	O	O	O	O	
i	O	O	O	O	
pesci	O	O	O	O	
.	O	O	O	O	

Raramente	O	O	O	O	
essa	O	O	O	O	
poteva	O	O	O	O	
mostrarsi	O	O	O	O	
al	O	O	O	O	
popolo	B-PER	O	O	O	
così	O	O	O	O	
malata	O	O	O	O	
com	O	O	O	O	
'	O	O	O	O	
era	O	O	O	O	
,	O	O	O	O	
ma	O	O	O	O	
quando	O	O	O	O	
nelle	O	O	O	O	
grandi	O	O	O	O	
solennità	O	O	O	O	
dello	O	O	O	O	
Stato	B-ORG	O	O	O	
vi	O	O	O	O	
era	O	O	O	O	
costretta	O	O	O	O	
e	O	O	O	O	
gli	O	O	O	O	
compariva	O	O	O	O	
boccheggiando	O	O	O	O	
e	O	O	O	O	
dolorosamente	O	O	O	O	
sopita	O	O	O	O	
,	O	O	O	O	
ognuno	B-PER	O	O	O	
guardandola	O	O	O	O	
in	O	O	O	O	
espressione	O	O	O	O	
desolata	O	O	O	O	
e	O	O	O	O	
amorosa	O	O	O	O	
pareva	O	O	O	O	
supplicare	O	O	O	O	
:	O	O	O	O	
—	O	O	O	O	
Signore	B-PER	O	O	O	
!	O	O	O	O	

Perchè	O	O	O	O	
,	O	O	O	O	
perchè	O	O	O	O	
non	O	O	O	O	
l	O	O	O	O	
'	O	O	O	O	
hai	O	O	O	O	
esaudita	O	O	O	O	
?	O	O	O	O	

Perchè	O	O	O	O	
l	O	O	O	O	
'	O	O	O	O	
hai	O	O	O	O	
voluta	O	O	O	O	
sì	O	O	O	O	
infelice	O	O	O	O	
?	O	O	O	O	

S	O	O	O	O	
'	O	O	O	O	
era	O	O	O	O	
poco	O	O	O	O	
a	O	O	O	O	
poco	O	O	O	O	
addensata	O	O	O	O	
una	O	O	O	O	
nube	O	O	O	O	
sul	O	O	O	O	
limpido	O	O	O	O	
cielo	O	O	O	O	
di	O	O	O	O	
quel	B-GPE	O	O	O	
Regno	I-GPE	O	O	O	
,	O	O	O	O	
una	O	O	O	O	
nube	O	O	O	O	
che	O	O	O	O	
pareva	O	O	O	O	
oscurare	O	O	O	O	
dalla	O	O	O	O	
fronte	O	O	O	O	
del	O	O	O	O	
Re	B-PER	O	O	O	
quella	O	O	O	O	
dell	O	O	O	O	
'	O	O	O	O	
ultimo	B-PER	O	O	O	
cittadino	I-PER	O	O	O	
.	O	O	O	O	

E	O	O	O	O	
quando	O	O	O	O	
il	B-PER	O	O	O	
Sovrano	I-PER	O	O	O	
assorto	O	O	O	O	
nel	O	O	O	O	
pensiero	O	O	O	O	
divenuto	O	O	O	O	
fisso	O	O	O	O	
,	O	O	O	O	
dava	O	O	O	O	
un	O	O	O	O	
enorme	O	O	O	O	
pugno	O	O	O	O	
sulla	O	O	O	O	
tavola	O	O	O	O	
,	O	O	O	O	
quello	O	O	O	O	
che	O	O	O	O	
si	O	O	O	O	
chiamava	O	O	O	O	
in	O	O	O	O	
Birònia	B-GPE	O	O	O	
il	O	O	O	O	
pugno	O	O	O	O	
di	O	O	O	O	
Ludovico	B-PER	O	O	O	
,	O	O	O	O	
e	O	O	O	O	
venivano	O	O	O	O	
a	O	O	O	O	
quel	O	O	O	O	
modo	O	O	O	O	
prese	O	O	O	O	
le	O	O	O	O	
decisioni	O	O	O	O	
supreme	O	O	O	O	
dello	O	O	O	O	
Stato	B-ORG	O	O	O	
,	O	O	O	O	
e	O	O	O	O	
il	O	O	O	O	
giudizio	O	O	O	O	
inappellabile	O	O	O	O	
del	O	O	O	O	
Re	B-PER	O	O	O	
era	O	O	O	O	
pronunziato	O	O	O	O	
,	O	O	O	O	
non	O	O	O	O	
si	O	O	O	O	
poteva	O	O	O	O	
più	O	O	O	O	
dire	O	O	O	O	
ch	O	O	O	O	
'	O	O	O	O	
esso	O	O	O	O	
fosse	O	O	O	O	
divinamente	O	O	O	O	
puro	O	O	O	O	
,	O	O	O	O	
che	O	O	O	O	
un	O	O	O	O	
riflesso	O	O	O	O	
di	O	O	O	O	
quella	O	O	O	O	
nube	O	O	O	O	
ne	O	O	O	O	
turbava	O	O	O	O	
la	O	O	O	O	
serenità	O	O	O	O	
.	O	O	O	O	

Il	O	O	O	O	
conte	O	B-PER	O	O	
Ercole	O	I-PER	O	O	
Pagano	O	I-PER	O	O	
Silf	O	I-PER	O	O	
,	O	I-PER	O	O	
gran	O	I-PER	O	O	
Maresciallo	O	I-PER	O	O	
di	O	I-PER	O	O	
Birònia	B-GPE	I-PER	O	O	
,	O	O	O	O	
era	O	O	O	O	
il	O	O	O	O	
regolatore	O	O	O	O	
di	O	O	O	O	
quel	O	O	O	O	
pugno	O	O	O	O	
,	O	O	O	O	
e	O	O	O	O	
faceva	O	O	O	O	
colla	O	O	O	O	
sua	O	O	O	O	
parola	O	O	O	O	
,	O	O	O	O	
collo	O	O	O	O	
sguardo	O	O	O	O	
,	O	O	O	O	
coi	O	O	O	O	
suoi	O	O	O	O	
mezzi	O	O	O	O	
tutti	O	O	O	O	
a	O	O	O	O	
che	O	O	O	O	
il	O	O	O	O	
braccio	O	O	O	O	
del	O	O	O	O	
Monarca	B-PER	O	O	O	
si	O	O	O	O	
movesse	O	O	O	O	
il	O	O	O	O	
più	O	O	O	O	
possibile	O	O	O	O	
in	O	O	O	O	
tempo	O	O	O	O	
,	O	O	O	O	
ed	O	O	O	O	
era	O	O	O	O	
riuscito	O	O	O	O	
,	O	O	O	O	
l	O	B-PER	O	O	
'	O	I-PER	O	O	
eminente	O	I-PER	O	O	
uomo	O	I-PER	O	O	
di	O	I-PER	O	O	
Stato	B-ORG	I-PER	O	O	
,	O	O	O	O	
a	O	O	O	O	
farglielo	O	O	O	O	
tenere	O	O	O	O	
su	O	O	O	O	
alzato	O	O	O	O	
per	O	O	O	O	
tre	O	O	O	O	
quarti	O	O	O	O	
d	O	O	O	O	
'	O	O	O	O	
ora	O	O	O	O	
interi	O	O	O	O	
e	O	O	O	O	
a	O	O	O	O	
fargli	O	O	O	O	
dare	O	O	O	O	
il	O	O	O	O	
pugno	O	O	O	O	
proprio	O	O	O	O	
nel	O	O	O	O	
momento	O	O	O	O	
giusto	O	O	O	O	
.	O	O	O	O	

Quando	O	O	O	O	
Ludovico	B-PER	O	O	O	
XII	I-PER	O	O	O	
,	O	O	O	O	
allora	O	O	O	O	
Principe	O	B-PER	O	O	
ereditario	O	I-PER	O	O	
di	O	I-PER	O	O	
Birònia	B-GPE	I-PER	O	O	
,	O	O	O	O	
sposò	O	O	O	O	
la	O	O	O	O	
principessa	B-PER	O	O	O	
Sofia	I-PER	O	O	O	
Clementina	I-PER	O	O	O	
Spifz	I-PER	O	O	O	
Mai	I-PER	O	O	O	
de	I-PER	O	O	O	
Burgo	I-PER	O	O	O	
Manèro	I-PER	O	O	O	
,	O	O	O	O	
nove	O	O	O	O	
mesi	O	O	O	O	
in	O	O	O	O	
punto	O	O	O	O	
da	O	O	O	O	
quel	O	O	O	O	
giorno	O	O	O	O	
benedetto	O	O	O	O	
vide	O	O	O	O	
la	O	O	O	O	
luce	O	O	O	O	
la	O	O	O	O	
bella	B-PER	O	O	O	
principessa	I-PER	O	O	O	
Eufrasia	I-PER	O	O	O	
ora	O	O	O	O	
diciottenne	O	O	O	O	
.	O	O	O	O	

Esultò	O	O	O	O	
il	B-PER	O	O	O	
popolo	I-PER	O	O	O	
all	O	O	O	O	
'	O	O	O	O	
avvento	O	O	O	O	
,	O	O	O	O	
e	O	O	O	O	
non	O	O	O	O	
molto	O	O	O	O	
tardò	O	O	O	O	
a	O	O	O	O	
nuovamente	O	O	O	O	
esultare	O	O	O	O	
quel	B-PER	O	O	O	
popolo	I-PER	O	O	O	
sapendo	O	O	O	O	
che	O	O	O	O	
un	O	O	O	O	
nuovo	O	O	O	O	
dono	O	O	O	O	
regale	O	O	O	O	
attendeva	O	O	O	O	
dall	O	O	O	O	
'	O	O	O	O	
augusta	B-PER	O	O	O	
coppia	I-PER	O	O	O	
e	O	O	O	O	
fu	O	O	O	O	
la	O	O	O	O	
principessa	B-PER	O	O	O	
Angelica	I-PER	O	O	O	
,	O	O	O	O	
alla	O	O	O	O	
quale	O	O	O	O	
seguì	O	O	O	O	
a	O	O	O	O	
breve	O	O	O	O	
distanza	O	O	O	O	
,	O	O	O	O	
quello	O	O	O	O	
delle	O	O	O	O	
principesse	B-PER	O	O	O	
Giovanna	B-PER	O	O	O	
Francesca	I-PER	O	O	O	
,	O	O	O	O	
e	O	O	O	O	
Maria	B-PER	O	O	O	
Carolina	I-PER	O	O	O	
.	O	O	O	O	

E	O	O	O	O	
siccome	O	O	O	O	
era	O	O	O	O	
tradizione	O	O	O	O	
dei	O	O	O	O	
Ludovichi	B-PER	O	O	O	
avere	O	O	O	O	
numerosa	B-PER	O	O	O	
e	I-PER	O	O	O	
fiera	I-PER	O	O	O	
prole	I-PER	O	O	O	
seguirono	O	O	O	O	
dipoi	O	O	O	O	
gli	O	O	O	O	
avventi	O	O	O	O	
delle	O	O	O	O	
principesse	B-PER	O	O	O	
Olimpia	B-PER	O	O	O	
,	O	O	O	O	
Zelinda	B-PER	O	O	O	
,	O	O	O	O	
Zaira	B-PER	O	O	O	
,	O	O	O	O	
Colomba	B-PER	O	O	O	
.	O	O	O	O	

E	O	O	O	O	
fin	O	O	O	O	
qui	O	O	O	O	
nulla	O	O	O	O	
avrebbe	O	O	O	O	
turbato	O	O	O	O	
la	O	O	O	O	
pace	O	O	O	O	
del	O	O	O	O	
nostro	B-PER	O	O	O	
Sovrano	I-PER	O	O	O	
e	O	O	O	O	
del	O	O	O	O	
Regno	O	B-GPE	O	O	
tutto	O	I-GPE	O	O	
della	O	I-GPE	O	O	
Birònia	B-GPE	I-GPE	O	O	
se	O	O	O	O	
a	O	O	O	O	
tale	O	O	O	O	
punto	O	O	O	O	
,	O	O	O	O	
per	O	O	O	O	
la	O	O	O	O	
fatica	O	O	O	O	
dei	O	O	O	O	
parti	O	O	O	O	
troppo	O	O	O	O	
frequenti	O	O	O	O	
non	O	O	O	O	
ne	O	O	O	O	
fosse	O	O	O	O	
uscita	O	O	O	O	
turbata	O	O	O	O	
la	O	O	O	O	
salute	O	O	O	O	
della	O	O	O	O	
Regina	B-PER	O	O	O	
Sofia	I-PER	O	O	O	
Clementina	I-PER	O	O	O	
,	O	O	O	O	
che	O	O	O	O	
venne	O	O	O	O	
assalita	O	O	O	O	
da	O	O	O	O	
una	O	O	O	O	
ancor	O	O	O	O	
lieve	O	O	O	O	
affezione	O	O	O	O	
di	O	O	O	O	
cuore	O	O	O	O	
per	O	O	O	O	
la	O	O	O	O	
quale	O	O	O	O	
i	O	B-PER	O	O	
medici	O	I-PER	O	O	
del	O	I-PER	O	O	
regno	B-GPE	I-PER	O	O	
e	O	O	O	O	
quelli	O	B-PER	O	O	
chiamati	O	I-PER	O	O	
dai	O	I-PER	O	O	
regni	B-GPE	I-PER	O	O	
limitrofi	I-GPE	I-PER	O	O	
,	O	O	O	O	
si	O	O	O	O	
pronunziarono	O	O	O	O	
per	O	O	O	O	
un	O	O	O	O	
certo	O	O	O	O	
periodo	O	O	O	O	
di	O	O	O	O	
riposo	O	O	O	O	
dai	O	O	O	O	
doveri	O	O	O	O	
coniugali	O	O	O	O	
,	O	O	O	O	
e	O	O	O	O	
sopratutto	O	O	O	O	
a	O	O	O	O	
che	O	O	O	O	
Sua	B-PER	O	O	O	
Maestà	I-PER	O	O	O	
non	O	O	O	O	
avesse	O	O	O	O	
dovuto	O	O	O	O	
subire	O	O	O	O	
a	O	O	O	O	
breve	O	O	O	O	
scadenza	O	O	O	O	
le	O	O	O	O	
fatiche	O	O	O	O	
di	O	O	O	O	
una	O	O	O	O	
nuova	O	O	O	O	
gestazione	O	O	O	O	
e	O	O	O	O	
di	O	O	O	O	
un	O	O	O	O	
parto	O	O	O	O	
conseguente	O	O	O	O	
,	O	O	O	O	
per	O	O	O	O	
non	O	O	O	O	
dover	O	O	O	O	
gravemente	O	O	O	O	
risentirsene	O	O	O	O	
in	O	O	O	O	
salute	O	O	O	O	
.	O	O	O	O	

Attese	O	O	O	O	
fiducioso	O	O	O	O	
il	O	B-PER	O	O	
Re	O	I-PER	O	O	
di	O	I-PER	O	O	
Birònia	B-GPE	I-PER	O	O	
,	O	O	O	O	
e	O	O	O	O	
non	O	O	O	O	
appena	O	O	O	O	
l	B-PER	O	O	O	
'	I-PER	O	O	O	
augusta	I-PER	O	O	O	
consorte	I-PER	O	O	O	
parve	O	O	O	O	
guarita	O	O	O	O	
andò	O	O	O	O	
a	O	O	O	O	
lei	O	O	O	O	
con	O	O	O	O	
tutto	O	O	O	O	
il	O	O	O	O	
suo	O	O	O	O	
poderoso	O	O	O	O	
slancio	O	O	O	O	
e	O	O	O	O	
la	O	O	O	O	
più	O	O	O	O	
ardente	O	O	O	O	
speranza	O	O	O	O	
sicuro	O	O	O	O	
che	O	O	O	O	
quella	O	O	O	O	
sarebbe	O	O	O	O	
stata	O	O	O	O	
la	O	O	O	O	
sua	O	O	O	O	
ultima	O	O	O	O	
fatica	O	O	O	O	
e	O	O	O	O	
insieme	O	O	O	O	
il	O	O	O	O	
coronamento	O	O	O	O	
di	O	O	O	O	
tutte	O	O	O	O	
le	O	O	O	O	
altre	O	O	O	O	
.	O	O	O	O	

Non	O	O	O	O	
mentì	O	O	O	O	
il	O	O	O	O	
sangue	O	O	O	O	
Ludovico	B-PER	O	O	O	
,	O	O	O	O	
la	B-PER	O	O	O	
graziosa	I-PER	O	O	O	
signora	I-PER	O	O	O	
potè	O	O	O	O	
in	O	O	O	O	
breve	O	O	O	O	
fare	O	O	O	O	
annunziare	O	O	O	O	
a	O	O	O	O	
tutto	B-PER	O	O	O	
il	I-PER	O	O	O	
popolo	I-PER	O	O	O	
suo	I-PER	O	O	O	
che	O	O	O	O	
l	O	O	O	O	
'	O	O	O	O	
avvento	O	O	O	O	
troppo	O	O	O	O	
lungamente	O	O	O	O	
anelato	O	O	O	O	
era	O	O	O	O	
prossimo	O	O	O	O	
.	O	O	O	O	

Tutto	O	O	O	O	
fu	O	O	O	O	
alla	O	O	O	O	
Corte	B-ORG	O	O	O	
preparato	O	O	O	O	
colla	O	O	O	O	
sicurezza	O	O	O	O	
nel	O	O	O	O	
cuore	O	O	O	O	
,	O	O	O	O	
e	O	O	O	O	
primo	B-PER	O	O	O	
il	I-PER	O	O	O	
Re	I-PER	O	O	O	
,	O	O	O	O	
dopo	O	O	O	O	
quasi	O	O	O	O	
due	O	O	O	O	
anni	O	O	O	O	
di	O	O	O	O	
tregua	O	O	O	O	
,	O	O	O	O	
dopo	O	O	O	O	
la	O	O	O	O	
malattia	O	O	O	O	
della	O	O	O	O	
Regina	B-PER	O	O	O	
,	O	O	O	O	
certo	O	O	O	O	
sarebbe	O	O	O	O	
giunto	O	O	O	O	
quello	O	O	O	O	
ch	O	O	O	O	
'	O	O	O	O	
era	O	O	O	O	
aspettato	O	O	O	O	
in	O	O	O	O	
Birònia	B-GPE	O	O	O	
come	O	O	O	O	
il	O	B-PER	O	O	
messia	O	I-PER	O	O	
,	O	I-PER	O	O	
l	O	I-PER	O	O	
'	O	I-PER	O	O	
erede	O	I-PER	O	O	
,	O	I-PER	O	O	
colui	O	I-PER	O	O	
che	O	I-PER	O	O	
doveva	O	I-PER	O	O	
essere	O	I-PER	O	O	
Ludovico	B-PER	I-PER	O	O	
XIII	I-PER	I-PER	O	O	
.	O	O	O	O	

Giunse	O	O	O	O	
il	O	O	O	O	
parto	O	O	O	O	
assai	O	O	O	O	
scabroso	O	O	O	O	
per	O	O	O	O	
la	O	O	O	O	
debolezza	O	O	O	O	
della	O	O	O	O	
Sovrana	B-PER	O	O	O	
che	O	O	O	O	
fu	O	O	O	O	
dovuta	O	O	O	O	
sostenere	O	O	O	O	
con	O	O	O	O	
farmachi	O	O	O	O	
,	O	O	O	O	
e	O	O	O	O	
quando	O	O	O	O	
il	B-PER	O	O	O	
Gran	I-PER	O	O	O	
Maresciallo	I-PER	O	O	O	
si	O	O	O	O	
presentò	O	O	O	O	
a	O	O	O	O	
darne	O	O	O	O	
annunzio	O	O	O	O	
al	O	O	O	O	
Re	B-PER	O	O	O	
,	O	O	O	O	
che	O	O	O	O	
aspettava	O	O	O	O	
trepidante	O	O	O	O	
,	O	O	O	O	
comprese	O	O	O	O	
il	B-PER	O	O	O	
Re	I-PER	O	O	O	
da	O	O	O	O	
quello	O	O	O	O	
sguardo	O	O	O	O	
.	O	O	O	O	

—	O	O	O	O	
No	O	O	O	O	
!	O	O	O	O	

No	O	O	O	O	
!	O	O	O	O	

—	O	O	O	O	
gridò	O	O	O	O	
Sua	B-PER	O	O	O	
Maestà	I-PER	O	O	O	
—	O	O	O	O	
Vai	O	O	O	O	
via	O	O	O	O	
sai	O	O	O	O	
,	O	O	O	O	
brutto	B-PER	O	O	O	
pagliaccio	I-PER	O	O	O	
che	O	O	O	O	
non	O	O	O	O	
sei	O	O	O	O	
altro	O	O	O	O	
,	O	O	O	O	
via	O	O	O	O	
!	O	O	O	O	

E	O	O	O	O	
questa	B-PER	O	O	O	
nuova	I-PER	O	O	O	
principessa	I-PER	O	O	O	
fu	O	O	O	O	
chiamata	O	O	O	O	
Geltrude	B-PER	O	O	O	
.	O	O	O	O	

Da	O	O	O	O	
quel	O	O	O	O	
giorno	O	O	O	O	
si	O	O	O	O	
oscurò	O	O	O	O	
la	O	O	O	O	
pace	O	O	O	O	
del	O	O	O	O	
felice	B-ORG	O	O	O	
Stato	I-ORG	O	O	O	
.	O	O	O	O	

—	O	O	O	O	
Sangue	O	O	O	O	
Ludovico	B-PER	O	O	O	
!	O	O	O	O	

—	O	O	O	O	
urlava	O	O	O	O	
ora	O	O	O	O	
spaventosamente	O	O	O	O	
il	B-PER	O	O	O	
Monarca	I-PER	O	O	O	
come	O	O	O	O	
un	O	O	O	O	
'	O	O	O	O	
invocazione	O	O	O	O	
una	O	O	O	O	
minaccia	O	O	O	O	
e	O	O	O	O	
una	O	O	O	O	
bestemmia	O	O	O	O	
.	O	O	O	O	

Le	B-PER	O	O	O	
nove	I-PER	O	O	O	
principesse	I-PER	O	O	O	
erano	O	O	O	O	
state	O	O	O	O	
segregate	O	O	O	O	
all	O	O	O	O	
'	O	O	O	O	
ultimo	O	B-FAC	O	O	
piano	O	I-FAC	O	O	
della	O	I-FAC	O	O	
Reggia	B-FAC	I-FAC	O	O	
,	O	O	O	O	
e	O	O	O	O	
venivano	O	O	O	O	
condotte	O	O	O	O	
a	O	O	O	O	
prendere	O	O	O	O	
aria	O	O	O	O	
per	O	O	O	O	
i	B-FAC	O	O	O	
giardini	I-FAC	O	O	O	
nelle	O	O	O	O	
ore	O	O	O	O	
che	O	O	O	O	
il	B-PER	O	O	O	
Re	I-PER	O	O	O	
dava	O	O	O	O	
udienze	O	O	O	O	
,	O	O	O	O	
acciò	O	O	O	O	
egli	O	O	O	O	
,	O	O	O	O	
attratto	O	O	O	O	
a	O	O	O	O	
carezzarle	O	O	O	O	
per	O	O	O	O	
quel	O	O	O	O	
dolce	O	O	O	O	
istinto	O	O	O	O	
paterno	O	O	O	O	
che	O	O	O	O	
è	O	O	O	O	
in	O	O	O	O	
tutti	B-PER	O	O	O	
gli	I-PER	O	O	O	
uomini	I-PER	O	O	O	
,	O	O	O	O	
non	O	O	O	O	
venisse	O	O	O	O	
assalito	O	O	O	O	
dal	O	O	O	O	
pensiero	O	O	O	O	
orribile	O	O	O	O	
,	O	O	O	O	
che	O	O	O	O	
lo	O	O	O	O	
turbava	O	O	O	O	
dì	O	O	O	O	
e	O	O	O	O	
notte	O	O	O	O	
,	O	O	O	O	
proprio	O	O	O	O	
nel	O	O	O	O	
momento	O	O	O	O	
che	O	O	O	O	
le	O	O	O	O	
piccole	O	O	O	O	
teste	O	O	O	O	
gli	O	O	O	O	
erano	O	O	O	O	
fra	O	O	O	O	
le	O	O	O	O	
mani	O	O	O	O	
e	O	O	O	O	
non	O	O	O	O	
si	O	O	O	O	
sentisse	O	O	O	O	
lanciato	O	O	O	O	
a	O	O	O	O	
stritolarne	O	O	O	O	
una	O	O	O	O	
senza	O	O	O	O	
potersi	O	O	O	O	
rendere	O	O	O	O	
responsabile	O	O	O	O	
del	O	O	O	O	
suo	O	O	O	O	
operato	O	O	O	O	
.	O	O	O	O	

Cadeva	O	O	O	O	
il	B-GPE	O	O	O	
Regno	I-GPE	O	O	O	
nelle	O	O	O	O	
mani	O	O	O	O	
dei	O	O	O	O	
Ludovichi	B-PER	O	O	O	
Giulii	I-PER	O	O	O	
,	O	O	O	O	
ramo	O	O	O	O	
bastardo	O	O	O	O	
dei	O	O	O	O	
Ludovichi	B-PER	O	O	O	
,	O	O	O	O	
e	O	O	O	O	
che	O	O	O	O	
viveva	O	O	O	O	
fuori	O	O	O	O	
Regno	B-GPE	O	O	O	
.	O	O	O	O	

Senza	O	O	O	O	
dubbio	O	O	O	O	
essi	O	O	O	O	
avrebbero	O	O	O	O	
stretto	O	O	O	O	
alleanza	O	O	O	O	
cogli	O	O	O	O	
Sgòrpi	B-PER	O	O	O	
,	O	O	O	O	
dominatori	O	O	O	O	
di	O	O	O	O	
quattro	O	O	O	O	
secoli	O	O	O	O	
prima	O	O	O	O	
,	O	O	O	O	
vinti	O	O	O	O	
e	O	O	O	O	
cacciati	O	O	O	O	
da	O	O	O	O	
Ludovico	B-PER	O	O	O	
il	I-PER	O	O	O	
grande	I-PER	O	O	O	
con	O	O	O	O	
soli	B-PER	O	O	O	
settantasette	I-PER	O	O	O	
uomini	I-PER	O	O	O	
.	O	O	O	O	

E	O	O	O	O	
sulla	O	O	O	O	
piazza	O	B-FAC	O	O	
dei	O	I-FAC	O	O	
Settantasette	B-PER	I-FAC	O	O	
era	O	O	O	O	
il	O	O	O	O	
monumento	O	O	O	O	
equestre	O	O	O	O	
di	O	O	O	O	
Ludovico	B-PER	O	O	O	
il	I-PER	O	O	O	
Grande	I-PER	O	O	O	
.	O	O	O	O	

La	O	O	O	O	
Birònia	B-GPE	O	O	O	
sarebbe	O	O	O	O	
divenuta	O	O	O	O	
un	O	O	O	O	
lacchè	O	O	O	O	
della	O	O	O	O	
Sgorpìa	B-GPE	O	O	O	
.	O	O	O	O	

Tutto	O	O	O	O	
finiva	O	O	O	O	
,	O	O	O	O	
la	O	O	O	O	
tradizione	O	O	O	O	
eroica	O	O	O	O	
,	O	O	O	O	
tutto	O	O	O	O	
cadeva	O	O	O	O	
,	O	O	O	O	
era	O	O	O	O	
la	O	O	O	O	
fine	O	O	O	O	
dei	O	O	O	O	
Ludovichi	B-PER	O	O	O	
!	O	O	O	O	

E	O	O	O	O	
tutto	O	O	O	O	
perchè	O	O	O	O	
una	B-PER	O	O	O	
donna	I-PER	O	O	O	
,	I-PER	O	O	O	
una	I-PER	O	O	O	
pallida	I-PER	O	O	O	
donna	I-PER	O	O	O	
dannata	I-PER	O	O	O	
non	O	O	O	O	
riusciva	O	O	O	O	
a	O	O	O	O	
dare	O	O	O	O	
alla	O	O	O	O	
luce	O	O	O	O	
che	O	O	O	O	
delle	O	O	O	O	
miserabili	B-PER	O	O	O	
principesse	I-PER	O	O	O	
.	O	O	O	O	

Quale	O	O	O	O	
gastigo	O	O	O	O	
!	O	O	O	O	

Era	O	O	O	O	
dunque	O	O	O	O	
maledetta	O	O	O	O	
?	O	O	O	O	

Che	O	O	O	O	
aveva	O	O	O	O	
in	O	O	O	O	
corpo	O	O	O	O	
costei	O	O	O	O	
?	O	O	O	O	

E	O	O	O	O	
quella	O	O	O	O	
che	O	O	O	O	
aveva	O	O	O	O	
adorata	O	O	O	O	
e	O	O	O	O	
stretta	O	O	O	O	
nelle	O	O	O	O	
estasi	O	O	O	O	
pure	O	O	O	O	
della	O	O	O	O	
giovinezza	O	O	O	O	
prese	O	O	O	O	
a	O	O	O	O	
odiare	O	O	O	O	
come	O	O	O	O	
il	B-PER	O	O	O	
peggiore	I-PER	O	O	O	
nemico	I-PER	O	O	O	
.	O	O	O	O	

Per	O	O	O	O	
la	O	O	O	O	
sua	O	O	O	O	
mano	O	O	O	O	
,	O	O	O	O	
per	O	O	O	O	
la	O	O	O	O	
sventura	O	O	O	O	
che	O	O	O	O	
l	O	O	O	O	
'	O	O	O	O	
aveva	O	O	O	O	
segnata	O	O	O	O	
tutto	O	O	O	O	
cadeva	O	O	O	O	
,	O	O	O	O	
Birònia	B-GPE	O	O	O	
,	O	O	O	O	
dinastìa	O	O	O	O	
,	O	O	O	O	
Ludovichi	B-PER	O	O	O	
,	O	O	O	O	
la	O	O	O	O	
pace	O	O	O	O	
,	O	O	O	O	
tutto	O	O	O	O	
!	O	O	O	O	

E	O	O	O	O	
sapeva	O	O	O	O	
che	O	O	O	O	
il	B-PER	O	O	O	
popolo	I-PER	O	O	O	
con	O	O	O	O	
lui	O	O	O	O	
ne	O	O	O	O	
soffriva	O	O	O	O	
quanto	O	O	O	O	
lui	O	O	O	O	
.	O	O	O	O	

Il	O	O	O	O	
conte	B-PER	O	O	O	
Ercole	I-PER	O	O	O	
Pagano	I-PER	O	O	O	
Silf	I-PER	O	O	O	
,	O	O	O	O	
aveva	O	O	O	O	
tentato	O	O	O	O	
di	O	O	O	O	
condurre	O	O	O	O	
il	B-PER	O	O	O	
sovrano	I-PER	O	O	O	
a	O	O	O	O	
riflettere	O	O	O	O	
,	O	O	O	O	
si	O	O	O	O	
sarebbe	O	O	O	O	
potuta	O	O	O	O	
ritoccare	O	O	O	O	
la	O	O	O	O	
costituzione	O	O	O	O	
ed	O	O	O	O	
ammettere	O	O	O	O	
la	B-PER	O	O	O	
donna	I-PER	O	O	O	
al	O	O	O	O	
regno	B-GPE	O	O	O	
.	O	O	O	O	

La	O	O	O	O	
bella	B-PER	O	O	O	
principessa	I-PER	O	O	O	
Eufrasia	I-PER	O	O	O	
sarebbe	O	O	O	O	
stata	O	O	O	O	
una	B-PER	O	O	O	
regina	I-PER	O	O	O	
meravigliosa	I-PER	O	O	O	
.	O	O	O	O	

—	O	O	O	O	
Mai	O	O	O	O	
!	O	O	O	O	

—	O	O	O	O	
urlava	O	O	O	O	
il	B-PER	O	O	O	
Re	I-PER	O	O	O	
.	O	O	O	O	

—	O	O	O	O	
Mai	O	O	O	O	
!	O	O	O	O	

Sotto	O	O	O	O	
il	O	B-GPE	O	O	
regno	O	I-GPE	O	O	
dei	O	I-GPE	O	O	
Ludovichi	B-PER	I-GPE	O	O	
la	B-PER	O	O	O	
femmina	I-PER	O	O	O	
era	O	O	O	O	
stata	O	O	O	O	
amata	O	O	O	O	
solamente	O	O	O	O	
come	O	O	O	O	
tale	O	O	O	O	
,	O	O	O	O	
ma	O	O	O	O	
non	O	O	O	O	
le	O	O	O	O	
era	O	O	O	O	
stato	O	O	O	O	
concesso	O	O	O	O	
da	O	O	O	O	
nessuno	B-PER	O	O	O	
dei	I-PER	O	O	O	
dodici	I-PER	O	O	O	
Re	I-PER	O	O	O	
l	O	O	O	O	
'	O	O	O	O	
ombra	O	O	O	O	
di	O	O	O	O	
accesso	O	O	O	O	
nelle	O	O	O	O	
cure	O	O	O	O	
dello	O	O	O	O	
Stato	B-ORG	O	O	O	
.	O	O	O	O	

Furono	O	O	O	O	
le	B-PER	O	O	O	
donne	I-PER	O	O	O	
dei	I-PER	O	O	O	
Ludovichi	I-PER	O	O	O	
sagge	I-PER	O	O	O	
ed	I-PER	O	O	O	
ottime	I-PER	O	O	O	
spose	I-PER	O	O	O	
,	I-PER	O	O	O	
e	I-PER	O	O	O	
migliori	I-PER	O	O	O	
madri	I-PER	O	O	O	
;	O	O	O	O	
giunse	O	O	O	O	
taluna	O	O	O	O	
ad	O	O	O	O	
occuparsi	O	O	O	O	
colle	O	O	O	O	
proprie	O	O	O	O	
mani	O	O	O	O	
della	O	O	O	O	
cucina	O	O	O	O	
della	O	O	O	O	
Reggia	B-FAC	O	O	O	
,	O	O	O	O	
non	O	O	O	O	
più	O	O	O	O	
in	O	O	O	O	
là	O	O	O	O	
.	O	O	O	O	

Che	O	O	O	O	
direbbero	O	O	O	O	
gli	O	O	O	O	
occhi	O	O	O	O	
di	O	O	O	O	
Ludovico	B-PER	O	O	O	
il	I-PER	O	O	O	
Grande	I-PER	O	O	O	
dalla	O	O	O	O	
Piazza	O	B-FAC	O	O	
dei	O	I-FAC	O	O	
Settantasette	B-PER	I-FAC	O	O	
nel	O	O	O	O	
vedere	O	O	O	O	
un	O	O	O	O	
giorno	O	O	O	O	
una	O	O	O	O	
gonnella	O	O	O	O	
ai	O	O	O	O	
suoi	O	O	O	O	
piedi	O	O	O	O	
,	O	O	O	O	
sul	O	O	O	O	
suo	O	O	O	O	
trono	O	O	O	O	
,	O	O	O	O	
per	O	O	O	O	
la	O	O	O	O	
festa	O	O	O	O	
della	O	O	O	O	
costituzione	O	O	O	O	
?	O	O	O	O	

—	O	O	O	O	
Mai	O	O	O	O	
!	O	O	O	O	

Il	B-PER	O	O	O	
buono	I-PER	O	O	O	
e	I-PER	O	O	O	
saggio	I-PER	O	O	O	
Maresciallo	I-PER	O	O	O	
aveva	O	O	O	O	
anche	O	O	O	O	
consigliato	O	O	O	O	
qualche	O	O	O	O	
strattagemma	O	O	O	O	
per	O	O	O	O	
salvare	O	O	O	O	
la	O	O	O	O	
situazione	O	O	O	O	
e	O	O	O	O	
il	B-GPE	O	O	O	
Regno	I-GPE	O	O	O	
dalla	O	O	O	O	
rovina	O	O	O	O	
,	O	O	O	O	
avrebbe	O	O	O	O	
potuto	O	O	O	O	
il	B-PER	O	O	O	
Re	I-PER	O	O	O	
segretamente	O	O	O	O	
giacersi	O	O	O	O	
con	O	O	O	O	
altra	B-PER	O	O	O	
donna	I-PER	O	O	O	
,	O	O	O	O	
fingere	O	O	O	O	
una	O	O	O	O	
nuova	O	O	O	O	
gestazione	O	O	O	O	
della	O	O	O	O	
Regina	B-PER	O	O	O	
,	O	O	O	O	
operare	O	O	O	O	
sapientemente	O	O	O	O	
il	O	O	O	O	
baratto	O	O	O	O	
,	O	O	O	O	
come	O	O	O	O	
in	O	O	O	O	
mille	O	O	O	O	
altri	O	O	O	O	
casi	O	O	O	O	
del	O	O	O	O	
genere	O	O	O	O	
erasi	O	O	O	O	
usato	O	O	O	O	
.	O	O	O	O	

—	O	O	O	O	
Mai	O	O	O	O	
!	O	O	O	O	

E	O	O	O	O	
su	O	O	O	O	
questa	O	O	O	O	
faccenda	O	O	O	O	
il	O	O	O	O	
conte	B-PER	O	O	O	
Ercole	I-PER	O	O	O	
Pagano	I-PER	O	O	O	
Silf	I-PER	O	O	O	
non	O	O	O	O	
era	O	O	O	O	
mai	O	O	O	O	
riuscito	O	O	O	O	
ad	O	O	O	O	
attaccare	O	O	O	O	
un	O	O	O	O	
filo	O	O	O	O	
solo	O	O	O	O	
al	O	O	O	O	
braccio	O	O	O	O	
del	O	O	O	O	
Monarca	B-PER	O	O	O	
e	O	O	O	O	
il	O	O	O	O	
pugno	O	O	O	O	
Ludovico	B-PER	O	O	O	
era	O	O	O	O	
sempre	O	O	O	O	
caduto	O	O	O	O	
disperatamente	O	O	O	O	
senza	O	O	O	O	
pietà	O	O	O	O	
e	O	O	O	O	
fuori	O	O	O	O	
di	O	O	O	O	
tempo	O	O	O	O	
.	O	O	O	O	

Non	O	O	O	O	
c	O	O	O	O	
'	O	O	O	O	
era	O	O	O	O	
che	O	O	O	O	
una	O	O	O	O	
via	O	O	O	O	
,	O	O	O	O	
sottoporre	O	O	O	O	
la	B-PER	O	O	O	
Regina	I-PER	O	O	O	
ad	O	O	O	O	
un	O	O	O	O	
'	O	O	O	O	
ultima	O	O	O	O	
estrema	O	O	O	O	
prova	O	O	O	O	
e	O	O	O	O	
fu	O	O	O	O	
fatto	O	O	O	O	
.	O	O	O	O	

I	B-PER	O	O	O	
medici	I-PER	O	O	O	
,	O	O	O	O	
dopo	O	O	O	O	
avere	O	O	O	O	
preparata	O	O	O	O	
l	B-PER	O	O	O	
'	I-PER	O	O	O	
augusta	I-PER	O	O	O	
donna	I-PER	O	O	O	
al	O	O	O	O	
cimento	O	O	O	O	
,	O	O	O	O	
e	O	O	O	O	
avere	O	O	O	O	
cercato	O	O	O	O	
prima	O	O	O	O	
ogni	O	O	O	O	
mezzo	O	O	O	O	
per	O	O	O	O	
sollevarla	O	O	O	O	
e	O	O	O	O	
rinforzarla	O	O	O	O	
,	O	O	O	O	
si	O	O	O	O	
espressero	O	O	O	O	
che	O	O	O	O	
pure	O	O	O	O	
essendo	O	O	O	O	
assai	O	O	O	O	
pericoloso	O	O	O	O	
il	O	O	O	O	
farlo	O	O	O	O	
si	O	O	O	O	
poteva	O	O	O	O	
tentare	O	O	O	O	
,	O	O	O	O	
e	O	O	O	O	
fu	O	O	O	O	
l	O	O	O	O	
'	O	O	O	O	
avvento	O	O	O	O	
,	O	O	O	O	
il	B-PER	O	O	O	
decimo	I-PER	O	O	O	
,	O	O	O	O	
della	O	O	O	O	
principessa	B-PER	O	O	O	
Genovieffa	I-PER	O	O	O	
.	O	O	O	O	

E	O	O	O	O	
siccome	O	O	O	O	
Sua	B-PER	O	O	O	
Maestà	I-PER	O	O	O	
aveva	O	O	O	O	
resistito	O	O	O	O	
,	O	O	O	O	
pure	O	O	O	O	
soffrendo	O	O	O	O	
orribilmente	O	O	O	O	
,	O	O	O	O	
Ludovico	B-PER	O	O	O	
XII	I-PER	O	O	O	
con	O	O	O	O	
tutta	O	O	O	O	
la	O	O	O	O	
furia	O	O	O	O	
della	O	O	O	O	
sua	O	O	O	O	
disperazione	O	O	O	O	
la	O	O	O	O	
costrinse	O	O	O	O	
brutalmente	O	O	O	O	
ad	O	O	O	O	
un	O	O	O	O	
undicesimo	O	O	O	O	
fatto	O	O	O	O	
del	O	O	O	O	
genere	O	O	O	O	
che	O	O	O	O	
fu	O	O	O	O	
l	O	O	O	O	
'	O	O	O	O	
avvento	O	O	O	O	
della	O	O	O	O	
principessa	B-PER	O	O	O	
Penelope	I-PER	O	O	O	
,	O	O	O	O	
durante	O	O	O	O	
il	O	O	O	O	
quale	O	O	O	O	
la	B-PER	O	O	O	
Regina	I-PER	O	O	O	
fu	O	O	O	O	
dichiarata	O	O	O	O	
perduta	O	O	O	O	
.	O	O	O	O	

Nè	O	O	O	O	
si	O	O	O	O	
sa	O	O	O	O	
come	O	O	O	O	
riuscì	O	O	O	O	
dipoi	O	O	O	O	
a	O	O	O	O	
tenersi	O	O	O	O	
in	O	O	O	O	
vita	O	O	O	O	
,	O	O	O	O	
ma	O	O	O	O	
rimase	O	O	O	O	
in	O	O	O	O	
condizioni	O	O	O	O	
tali	O	O	O	O	
da	O	O	O	O	
non	O	O	O	O	
potersi	O	O	O	O	
più	O	O	O	O	
sollevare	O	O	O	O	
,	O	O	O	O	
e	O	O	O	O	
colla	O	O	O	O	
bocca	O	O	O	O	
sempre	O	O	O	O	
aperta	O	O	O	O	
come	O	O	O	O	
i	O	O	O	O	
pesci	O	O	O	O	
.	O	O	O	O	

Era	O	O	O	O	
avvenuto	O	O	O	O	
da	O	O	O	O	
due	O	O	O	O	
anni	O	O	O	O	
il	O	O	O	O	
parto	O	O	O	O	
tragico	O	O	O	O	
della	O	O	O	O	
principessa	B-PER	O	O	O	
Penelope	I-PER	O	O	O	
.	O	O	O	O	

Il	B-PER	O	O	O	
Re	I-PER	O	O	O	
compariva	O	O	O	O	
ora	O	O	O	O	
solo	O	O	O	O	
,	O	O	O	O	
come	O	O	O	O	
un	B-PER	O	O	O	
vedovo	I-PER	O	O	O	
,	O	O	O	O	
nelle	O	O	O	O	
grandi	O	O	O	O	
solennità	O	O	O	O	
dello	O	O	O	O	
Stato	B-ORG	O	O	O	
,	O	O	O	O	
guardava	O	O	O	O	
torvo	O	O	O	O	
,	O	O	O	O	
minaccioso	O	O	O	O	
,	O	O	O	O	
il	B-PER	O	O	O	
popolo	I-PER	O	O	O	
suo	I-PER	O	O	O	
,	O	O	O	O	
ultimamente	O	O	O	O	
aveva	O	O	O	O	
firmato	O	O	O	O	
una	O	O	O	O	
sentenza	O	O	O	O	
di	O	O	O	O	
morte	O	O	O	O	
colla	O	O	O	O	
più	O	O	O	O	
grande	O	O	O	O	
naturalezza	O	O	O	O	
di	O	O	O	O	
questo	B-LOC	O	O	O	
mondo	I-LOC	O	O	O	
,	O	O	O	O	
cosa	O	O	O	O	
mai	O	O	O	O	
avvenuta	O	O	O	O	
in	O	O	O	O	
Birònia	B-GPE	O	O	O	
.	O	O	O	O	

Tutto	B-GPE	O	O	O	
il	I-GPE	O	O	O	
Regno	I-GPE	O	O	O	
ne	O	O	O	O	
era	O	O	O	O	
turbato	O	O	O	O	
,	O	O	O	O	
sconvolto	O	O	O	O	
.	O	O	O	O	

Consultati	O	O	O	O	
ancora	O	O	O	O	
una	O	O	O	O	
volta	O	O	O	O	
e	O	O	O	O	
chirurghi	B-PER	O	O	O	
e	I-PER	O	O	O	
ostetrici	I-PER	O	O	O	
e	I-PER	O	O	O	
specialisti	I-PER	O	O	O	
e	O	O	O	O	
fattone	O	O	O	O	
venire	O	O	O	O	
uno	B-PER	O	O	O	
apposta	O	O	O	O	
dall	O	O	O	O	
'	O	O	O	O	
America	B-GPE	O	O	O	
,	O	O	O	O	
dopo	O	O	O	O	
due	O	O	O	O	
anni	O	O	O	O	
sua	B-PER	O	O	O	
Maestà	I-PER	O	O	O	
si	O	O	O	O	
era	O	O	O	O	
ridotto	O	O	O	O	
a	O	O	O	O	
questo	O	O	O	O	
ultimo	O	O	O	O	
inumano	O	O	O	O	
tentativo	O	O	O	O	
pure	O	O	O	O	
nella	O	O	O	O	
certezza	O	O	O	O	
che	O	O	O	O	
la	B-PER	O	O	O	
Regina	I-PER	O	O	O	
vi	O	O	O	O	
sarebbe	O	O	O	O	
rimasta	O	O	O	O	
definitivamente	O	O	O	O	
uccisa	O	O	O	O	
.	O	O	O	O	

Ma	O	O	O	O	
che	O	O	O	O	
voleva	O	O	O	O	
dire	O	O	O	O	
ormai	O	O	O	O	
?	O	O	O	O	

S	O	O	O	O	
'	O	O	O	O	
ella	O	O	O	O	
avesse	O	O	O	O	
dato	O	O	O	O	
alla	O	O	O	O	
luce	O	O	O	O	
l	B-PER	O	O	O	
'	I-PER	O	O	O	
anelato	I-PER	O	O	O	
erede	I-PER	O	O	O	
?	O	O	O	O	

L	B-PER	O	O	O	
'	I-PER	O	O	O	
eroe	I-PER	O	O	O	
!	O	O	O	O	

S	O	O	O	O	
'	O	O	O	O	
ella	O	O	O	O	
moriva	O	O	O	O	
,	O	O	O	O	
moriva	O	O	O	O	
sì	O	O	O	O	
eroicamente	O	O	O	O	
per	O	O	O	O	
la	O	O	O	O	
sua	O	O	O	O	
patria	O	O	O	O	
!	O	O	O	O	

E	O	O	O	O	
il	O	O	O	O	
conte	B-PER	O	O	O	
Ercole	I-PER	O	O	O	
Pagano	I-PER	O	O	O	
Silf	I-PER	O	O	O	
,	O	O	O	O	
e	O	O	O	O	
tutti	O	B-PER	O	O	
i	O	I-PER	O	O	
dignitari	O	I-PER	O	O	
e	O	I-PER	O	O	
medici	O	I-PER	O	O	
della	O	I-PER	O	O	
corte	B-ORG	I-PER	O	O	
,	O	O	O	O	
e	O	O	O	O	
lo	O	O	O	O	
stesso	O	O	O	O	
monsignore	B-PER	O	O	O	
Vicario	I-PER	O	O	O	
,	O	O	O	O	
e	O	O	O	O	
Monsignora	O	B-PER	O	O	
Superiora	O	I-PER	O	O	
delle	O	I-PER	O	O	
Clarisse	B-PER	I-PER	O	O	
,	O	O	O	O	
e	O	O	O	O	
Monsignora	O	B-PER	O	O	
Generalissima	O	I-PER	O	O	
delle	O	I-PER	O	O	
Rocchettine	B-PER	I-PER	O	O	
ve	O	O	O	O	
l	O	O	O	O	
'	O	O	O	O	
avevano	O	O	O	O	
persuasa	O	O	O	O	
.	O	O	O	O	

