PARTE	O	O	O	O	
PRIMA	O	O	O	O	
.	O	O	O	O	

I	O	O	O	O	
.	O	O	O	O	

Piove	O	O	O	O	
.	O	O	O	O	

Il	O	O	O	O	
biondo	O	B-PER	O	O	
e	O	I-PER	O	O	
rubicondo	O	I-PER	O	O	
signor	O	I-PER	O	O	
Trüb	O	I-PER	O	O	
,	O	I-PER	O	O	
seniore	O	I-PER	O	O	
,	O	I-PER	O	O	
il	O	I-PER	O	O	
socio	O	I-PER	O	O	
gerente	O	I-PER	O	O	
della	O	I-PER	O	O	
Tête	B-GPE	I-PER	O	O	
-	I-GPE	I-PER	O	O	
pointue	I-GPE	I-PER	O	O	
a	I-GPE	I-PER	O	O	
Villars	I-GPE	I-PER	O	O	
-	I-GPE	I-PER	O	O	
Ollon	I-GPE	I-PER	O	O	
,	O	O	O	O	
attraversa	O	O	O	O	
frettoloso	O	O	O	O	
,	O	O	O	O	
con	O	O	O	O	
i	O	O	O	O	
soliti	O	O	O	O	
inchini	O	O	O	O	
,	O	O	O	O	
sgambetti	O	O	O	O	
e	O	O	O	O	
saltetti	O	O	O	O	
,	O	O	O	O	
l	O	B-FAC	O	O	
'	O	I-FAC	O	O	
atrio	O	I-FAC	O	O	
oscuro	O	I-FAC	O	O	
e	O	I-FAC	O	O	
basso	O	I-FAC	O	O	
dell	O	I-FAC	O	O	
'	O	I-FAC	O	O	
albergo	B-FAC	I-FAC	O	O	
,	O	O	O	O	
in	O	O	O	O	
quell	O	O	O	O	
'	O	O	O	O	
ora	O	O	O	O	
mattutina	O	O	O	O	
già	O	O	O	O	
brulicante	O	O	O	O	
di	O	O	O	O	
forestieri	B-PER	O	O	O	
;	O	O	O	O	
si	O	O	O	O	
ferma	O	O	O	O	
sul	O	O	O	O	
portone	O	O	O	O	
,	O	O	O	O	
alza	O	O	O	O	
gli	O	O	O	O	
occhi	O	O	O	O	
verso	O	O	O	O	
il	O	O	O	O	
cielo	O	O	O	O	
bigio	O	O	O	O	
...	O	O	O	O	
poi	O	O	O	O	
si	O	O	O	O	
avanza	O	O	O	O	
fin	O	O	O	O	
a	O	O	O	O	
mezzo	O	O	O	O	
all	O	O	O	O	
'	O	O	O	O	
alta	B-FAC	O	O	O	
terrazza	I-FAC	O	O	O	
,	O	O	O	O	
stendendo	O	O	O	O	
le	O	O	O	O	
mani	O	O	O	O	
aperte	O	O	O	O	
:	O	O	O	O	
piove	O	O	O	O	
.	O	O	O	O	

—	O	O	O	O	
Tempo	O	O	O	O	
ladro	O	O	O	O	
!	O	O	O	O	

Il	O	O	O	O	
signor	B-PER	O	O	O	
Trüb	I-PER	O	O	O	
si	O	O	O	O	
tira	O	O	O	O	
giù	O	O	O	O	
con	O	O	O	O	
due	O	O	O	O	
dita	O	O	O	O	
e	O	O	O	O	
si	O	O	O	O	
ferma	O	O	O	O	
sul	O	O	O	O	
naso	O	O	O	O	
gli	O	O	O	O	
occhiali	O	O	O	O	
d	O	O	O	O	
'	O	O	O	O	
oro	O	O	O	O	
,	O	O	O	O	
che	O	O	O	O	
porta	O	O	O	O	
in	O	O	O	O	
mezzo	O	O	O	O	
alla	O	O	O	O	
fronte	O	O	O	O	
,	O	O	O	O	
e	O	O	O	O	
continua	O	O	O	O	
,	O	O	O	O	
borbottando	O	O	O	O	
,	O	O	O	O	
le	O	O	O	O	
osservazioni	O	O	O	O	
meteorologiche	O	O	O	O	
.	O	O	O	O	

—	O	O	O	O	
Acqua	O	O	O	O	
!	O	O	O	O	

...	O	O	O	O	
Presto	O	O	O	O	
!	O	O	O	O	

...	O	O	O	O	
A	O	O	O	O	
catinelle	O	O	O	O	
!	O	O	O	O	

Infatti	O	O	O	O	
le	O	O	O	O	
tre	O	O	O	O	
punte	O	O	O	O	
della	O	O	O	O	
Dent	B-LOC	O	O	O	
du	I-LOC	O	O	O	
Midi	I-LOC	O	O	O	
sono	O	O	O	O	
coperte	O	O	O	O	
da	O	O	O	O	
un	O	O	O	O	
'	O	O	O	O	
enorme	O	O	O	O	
cappa	O	O	O	O	
di	O	O	O	O	
piombo	O	O	O	O	
e	O	O	O	O	
il	O	O	O	O	
dorso	O	O	O	O	
della	O	O	O	O	
grande	B-LOC	O	O	O	
montagna	I-LOC	O	O	O	
nera	I-LOC	O	O	O	
e	I-LOC	O	O	O	
rocciosa	I-LOC	O	O	O	
è	O	O	O	O	
sparso	O	O	O	O	
,	O	O	O	O	
qua	O	O	O	O	
e	O	O	O	O	
là	O	O	O	O	
,	O	O	O	O	
di	O	O	O	O	
bianchi	O	O	O	O	
nuvoloni	O	O	O	O	
che	O	O	O	O	
si	O	O	O	O	
rincorrono	O	O	O	O	
spinti	O	O	O	O	
dal	O	O	O	O	
vento	O	O	O	O	
,	O	O	O	O	
si	O	O	O	O	
allungano	O	O	O	O	
,	O	O	O	O	
si	O	O	O	O	
assottigliano	O	O	O	O	
,	O	O	O	O	
sembrano	O	O	O	O	
quasi	O	O	O	O	
dileguarsi	O	O	O	O	
;	O	O	O	O	
ma	O	O	O	O	
poi	O	O	O	O	
ritornano	O	O	O	O	
e	O	O	O	O	
si	O	O	O	O	
riallacciano	O	O	O	O	
accavallandosi	O	O	O	O	
,	O	O	O	O	
più	O	O	O	O	
densi	O	O	O	O	
e	O	O	O	O	
più	O	O	O	O	
gonfi	O	O	O	O	
.	O	O	O	O	

—	O	O	O	O	
Tempo	O	O	O	O	
ladro	O	O	O	O	
!	O	O	O	O	

Ti	O	O	O	O	
domandavo	O	O	O	O	
un	O	O	O	O	
po	O	O	O	O	
'	O	O	O	O	
di	O	O	O	O	
sole	O	O	O	O	
,	O	O	O	O	
soltanto	O	O	O	O	
per	O	O	O	O	
oggi	O	O	O	O	
e	O	O	O	O	
per	O	O	O	O	
domani	O	O	O	O	
!	O	O	O	O	

Il	B-LOC	O	O	O	
largo	I-LOC	O	O	O	
piano	I-LOC	O	O	O	
della	I-LOC	O	O	O	
valle	I-LOC	O	O	O	
sottostante	I-LOC	O	O	O	
,	O	O	O	O	
attraversato	O	O	O	O	
dalla	O	O	O	O	
striscia	B-LOC	O	O	O	
torbida	I-LOC	O	O	O	
del	I-LOC	O	O	O	
Rodano	I-LOC	O	O	O	
,	O	O	O	O	
i	O	B-GPE	O	O	
bianchi	O	I-GPE	O	O	
villaggi	O	I-GPE	O	O	
delle	O	I-GPE	O	O	
due	B-LOC	I-GPE	O	O	
rive	I-LOC	I-GPE	O	O	
,	O	O	O	O	
i	O	O	O	O	
Châletsdisseminati	O	O	O	O	
sul	O	O	O	O	
pendio	B-LOC	O	O	O	
dei	I-LOC	O	O	O	
monti	I-LOC	O	O	O	
raggruppati	O	O	O	O	
lungo	O	O	O	O	
la	B-LOC	O	O	O	
curva	I-LOC	O	O	O	
delle	I-LOC	O	O	O	
colline	I-LOC	O	O	O	
,	O	O	O	O	
tutto	O	O	O	O	
,	O	O	O	O	
insomma	O	O	O	O	
,	O	O	O	O	
il	B-LOC	O	O	O	
vasto	I-LOC	O	O	O	
paesaggio	I-LOC	O	O	O	
così	I-LOC	O	O	O	
verde	I-LOC	O	O	O	
,	I-LOC	O	O	O	
così	I-LOC	O	O	O	
vario	I-LOC	O	O	O	
e	I-LOC	O	O	O	
così	I-LOC	O	O	O	
colorito	I-LOC	O	O	O	
,	O	O	O	O	
sparisce	O	O	O	O	
a	O	O	O	O	
mano	O	O	O	O	
a	O	O	O	O	
mano	O	O	O	O	
sotto	O	O	O	O	
la	O	O	O	O	
nebbia	O	O	O	O	
fumicosa	O	O	O	O	
che	O	O	O	O	
si	O	O	O	O	
avanza	O	O	O	O	
e	O	O	O	O	
si	O	O	O	O	
diffonde	O	O	O	O	
,	O	O	O	O	
mentre	O	O	O	O	
le	O	O	O	O	
prime	O	O	O	O	
gocce	O	O	O	O	
cominciano	O	O	O	O	
a	O	O	O	O	
crepitare	O	O	O	O	
qua	O	O	O	O	
e	O	O	O	O	
là	O	O	O	O	
sulla	O	O	O	O	
terrazza	B-FAC	O	O	O	
.	O	O	O	O	

—	O	O	O	O	
Non	O	O	O	O	
ti	O	O	O	O	
domando	O	O	O	O	
,	O	O	O	O	
Giove	O	O	O	O	
cane	O	O	O	O	
,	O	O	O	O	
altro	O	O	O	O	
che	O	O	O	O	
un	O	O	O	O	
po	O	O	O	O	
'	O	O	O	O	
di	O	O	O	O	
sole	O	O	O	O	
oggi	O	O	O	O	
e	O	O	O	O	
domani	O	O	O	O	
!	O	O	O	O	

Per	O	O	O	O	
rimpolpettarmi	O	O	O	O	
le	O	O	O	O	
ossa	O	O	O	O	
!	O	O	O	O	

Una	B-PER	O	O	O	
grande	I-PER	O	O	O	
famiglia	I-PER	O	O	O	
di	I-PER	O	O	O	
prim	I-PER	O	O	O	
'	I-PER	O	O	O	
ordine	I-PER	O	O	O	
!	O	O	O	O	

Otto	B-PER	O	O	O	
signori	I-PER	O	O	O	
e	O	O	O	O	
dieci	B-PER	O	O	O	
persone	I-PER	O	O	O	
di	I-PER	O	O	O	
servizio	I-PER	O	O	O	
!	O	O	O	O	

L	B-PER	O	O	O	
'	I-PER	O	O	O	
albergatore	I-PER	O	O	O	
volge	O	O	O	O	
gli	O	O	O	O	
occhi	O	O	O	O	
dalla	O	O	O	O	
parte	O	O	O	O	
di	O	O	O	O	
Ginevra	B-PER	O	O	O	
:	O	O	O	O	
buio	O	O	O	O	
;	O	O	O	O	
ancora	O	O	O	O	
più	O	O	O	O	
buio	O	O	O	O	
!	O	O	O	O	

—	O	O	O	O	
Ahi	O	O	O	O	
!	O	O	O	O	

Ahi	O	O	O	O	
!	O	O	O	O	

...	O	O	O	O	
Quando	O	O	O	O	
la	O	O	O	O	
burrasca	O	O	O	O	
viene	O	O	O	O	
dal	O	O	O	O	
lago	B-LOC	O	O	O	
,	O	O	O	O	
ce	O	O	O	O	
n	O	O	O	O	
'	O	O	O	O	
è	O	O	O	O	
per	O	O	O	O	
una	O	O	O	O	
settimana	O	O	O	O	
!	O	O	O	O	

Ad	O	O	O	O	
un	O	O	O	O	
tratto	O	O	O	O	
,	O	O	O	O	
per	O	O	O	O	
quanto	O	O	O	O	
il	O	O	O	O	
cielo	O	O	O	O	
continui	O	O	O	O	
a	O	O	O	O	
rabbuiarsi	O	O	O	O	
,	O	O	O	O	
la	O	O	O	O	
faccia	O	O	O	O	
del	O	O	O	O	
signor	B-PER	O	O	O	
Trüb	I-PER	O	O	O	
si	O	O	O	O	
rischiara	O	O	O	O	
.	O	O	O	O	

È	O	O	O	O	
uscito	O	O	O	O	
sulla	O	O	O	O	
terrazza	B-FAC	O	O	O	
un	B-PER	O	O	O	
cliente	I-PER	O	O	O	
del	O	O	O	O	
primo	B-FAC	O	O	O	
piano	I-FAC	O	O	O	
,	O	O	O	O	
—	O	O	O	O	
camera	B-FAC	O	O	O	
d	I-FAC	O	O	O	
'	I-FAC	O	O	O	
angolo	I-FAC	O	O	O	
con	I-FAC	O	O	O	
salotto	I-FAC	O	O	O	
;	O	O	O	O	
—	O	O	O	O	
il	O	O	O	O	
barone	B-PER	O	O	O	
Marco	I-PER	O	O	O	
Danova	I-PER	O	O	O	
.	O	O	O	O	

—	O	O	O	O	
Signor	B-PER	O	O	O	
barone	I-PER	O	O	O	
,	O	O	O	O	
buon	O	O	O	O	
giorno	O	O	O	O	
!	O	O	O	O	

I	O	O	O	O	
miei	O	O	O	O	
rispetti	O	O	O	O	
,	O	O	O	O	
signor	B-PER	O	O	O	
barone	I-PER	O	O	O	
!	O	O	O	O	

Ma	O	O	O	O	
il	O	O	O	O	
signor	B-PER	O	O	O	
barone	I-PER	O	O	O	
,	I-PER	O	O	O	
un	I-PER	O	O	O	
ex	I-PER	O	O	O	
veneziano	I-PER	O	O	O	
che	O	O	O	O	
in	O	O	O	O	
Alessandria	B-GPE	O	O	O	
d	I-GPE	O	O	O	
'	I-GPE	O	O	O	
Egitto	I-GPE	O	O	O	
a	O	O	O	O	
furia	O	O	O	O	
di	O	O	O	O	
rubare	O	O	O	O	
milioni	O	O	O	O	
ha	O	O	O	O	
perduto	O	O	O	O	
persino	O	O	O	O	
la	O	O	O	O	
pronunzia	O	O	O	O	
,	O	O	O	O	
non	O	O	O	O	
risponde	O	O	O	O	
ai	O	O	O	O	
profondi	O	O	O	O	
salamelecchi	O	O	O	O	
.	O	O	O	O	

È	O	O	O	O	
furente	O	O	O	O	
:	O	O	O	O	
il	O	O	O	O	
naso	O	O	O	O	
adunco	O	O	O	O	
sembra	O	O	O	O	
un	O	O	O	O	
becco	O	O	O	O	
minaccioso	O	O	O	O	
;	O	O	O	O	
il	O	O	O	O	
viso	O	O	O	O	
tondo	O	O	O	O	
,	O	O	O	O	
circondato	O	O	O	O	
dalla	O	O	O	O	
corta	O	O	O	O	
barbetta	O	O	O	O	
nera	O	O	O	O	
—	O	O	O	O	
troppo	O	O	O	O	
nera	O	O	O	O	
!	O	O	O	O	

—	O	O	O	O	
non	O	O	O	O	
è	O	O	O	O	
più	O	O	O	O	
giallo	O	O	O	O	
,	O	O	O	O	
ma	O	O	O	O	
verde	O	O	O	O	
.	O	O	O	O	

—	O	O	O	O	
Al	O	O	O	O	
diavolo	O	O	O	O	
voi	O	O	O	O	
,	O	O	O	O	
e	O	O	O	O	
i	O	O	O	O	
vostri	O	O	O	O	
prognostici	O	O	O	O	
!	O	O	O	O	

Piove	O	O	O	O	
!	O	O	O	O	

...	O	O	O	O	
Non	O	O	O	O	
vedete	O	O	O	O	
?	O	O	O	O	

Piove	O	O	O	O	
!	O	O	O	O	

—	O	O	O	O	
Il	B-PER	O	O	O	
terribile	I-PER	O	O	O	
barone	I-PER	O	O	O	
aggrotta	O	O	O	O	
le	O	O	O	O	
ciglia	O	O	O	O	
fissando	O	O	O	O	
il	B-PER	O	O	O	
povero	I-PER	O	O	O	
albergatore	I-PER	O	O	O	
e	O	O	O	O	
incrocia	O	O	O	O	
le	O	O	O	O	
braccia	O	O	O	O	
sul	O	O	O	O	
petto	O	O	O	O	
.	O	O	O	O	

Rispondete	O	O	O	O	
,	O	O	O	O	
uomo	B-PER	O	O	O	
barometro	I-PER	O	O	O	
.	O	O	O	O	

Piove	O	O	O	O	
,	O	O	O	O	
sì	O	O	O	O	
o	O	O	O	O	
no	O	O	O	O	
?	O	O	O	O	

—	O	O	O	O	
Quattro	O	O	O	O	
goccet	O	O	O	O	
...	O	O	O	O	
tine	O	O	O	O	
!	O	O	O	O	

—	O	O	O	O	
Il	O	O	O	O	
signor	B-PER	O	O	O	
Trüb	I-PER	O	O	O	
sorride	O	O	O	O	
amabile	O	O	O	O	
e	O	O	O	O	
rimane	O	O	O	O	
curvo	O	O	O	O	
a	O	O	O	O	
mezzo	O	O	O	O	
inchino	O	O	O	O	
.	O	O	O	O	

—	O	O	O	O	
Quattro	O	O	O	O	
goccettine	O	O	O	O	
,	O	O	O	O	
ma	O	O	O	O	
non	O	O	O	O	
fa	O	O	O	O	
niente	O	O	O	O	
!	O	O	O	O	

—	O	O	O	O	
Come	O	O	O	O	
non	O	O	O	O	
fa	O	O	O	O	
niente	O	O	O	O	
?	O	O	O	O	

—	O	O	O	O	
Voglio	O	O	O	O	
dire	O	O	O	O	
,	O	O	O	O	
signor	B-PER	O	O	O	
barone	I-PER	O	O	O	
,	O	O	O	O	
una	O	O	O	O	
piccola	O	O	O	O	
burraschet	O	O	O	O	
...	O	O	O	O	
tina	O	O	O	O	
di	O	O	O	O	
passaggio	O	O	O	O	
!	O	O	O	O	

Domani	O	O	O	O	
...	O	O	O	O	
L	B-PER	O	O	O	
'	I-PER	O	O	O	
egizio	I-PER	O	O	O	
venezian	I-PER	O	O	O	
diventa	O	O	O	O	
ancora	O	O	O	O	
più	O	O	O	O	
verde	O	O	O	O	
.	O	O	O	O	

—	O	O	O	O	
Domani	O	O	O	O	
?	O	O	O	O	

È	O	O	O	O	
una	O	O	O	O	
settimana	O	O	O	O	
che	O	O	O	O	
dite	O	O	O	O	
sempre	O	O	O	O	
domani	O	O	O	O	
,	O	O	O	O	
e	O	O	O	O	
diventa	O	O	O	O	
persino	O	O	O	O	
una	O	O	O	O	
indecenza	O	O	O	O	
!	O	O	O	O	

Diciotto	O	O	O	O	
ore	O	O	O	O	
di	O	O	O	O	
ferrovia	B-VEH	O	O	O	
da	O	O	O	O	
Milano	B-GPE	O	O	O	
,	O	O	O	O	
cinque	O	O	O	O	
ore	O	O	O	O	
di	O	O	O	O	
carrozza	B-VEH	O	O	O	
e	O	O	O	O	
salire	O	O	O	O	
mille	O	O	O	O	
trecento	O	O	O	O	
metri	O	O	O	O	
...	O	O	O	O	
per	O	O	O	O	
annegare	O	O	O	O	
!	O	O	O	O	

Il	O	O	O	O	
rubicondo	B-PER	O	O	O	
Trüb	I-PER	O	O	O	
,	O	O	O	O	
all	O	O	O	O	
'	O	O	O	O	
uscita	O	O	O	O	
tanto	O	O	O	O	
arguta	O	O	O	O	
del	O	O	O	O	
briosissimo	B-PER	O	O	O	
signor	I-PER	O	O	O	
barone	I-PER	O	O	O	
,	O	O	O	O	
dà	O	O	O	O	
in	O	O	O	O	
una	O	O	O	O	
risata	O	O	O	O	
formidabile	O	O	O	O	
,	O	O	O	O	
rialzandosi	O	O	O	O	
gli	O	O	O	O	
occhiali	O	O	O	O	
sulla	O	O	O	O	
fronte	O	O	O	O	
.	O	O	O	O	

—	O	O	O	O	
C	O	O	O	O	
'	O	O	O	O	
è	O	O	O	O	
poco	O	O	O	O	
da	O	O	O	O	
ridere	O	O	O	O	
!	O	O	O	O	

C	O	O	O	O	
'	O	O	O	O	
è	O	O	O	O	
da	O	O	O	O	
fare	O	O	O	O	
le	O	O	O	O	
valige	O	O	O	O	
e	O	O	O	O	
scappare	O	O	O	O	
,	O	O	O	O	
magari	O	O	O	O	
in	O	O	O	O	
barca	B-VEH	O	O	O	
!	O	O	O	O	

L	B-PER	O	O	O	
'	I-PER	O	O	O	
albergatore	I-PER	O	O	O	
si	O	O	O	O	
caccia	O	O	O	O	
le	O	O	O	O	
mani	O	O	O	O	
,	O	O	O	O	
disperato	O	O	O	O	
,	O	O	O	O	
nei	O	O	O	O	
capelli	O	O	O	O	
folti	O	O	O	O	
e	O	O	O	O	
crespi	O	O	O	O	
.	O	O	O	O	

—	O	O	O	O	
Partire	O	O	O	O	
?	O	O	O	O	

Adesso	O	O	O	O	
?	O	O	O	O	

Quando	O	O	O	O	
comincia	O	O	O	O	
il	O	O	O	O	
bel	O	O	O	O	
tempo	O	O	O	O	
?	O	O	O	O	

—	O	O	O	O	
Comincia	O	O	O	O	
?	O	O	O	O	

—	O	O	O	O	
La	O	O	O	O	
voce	O	O	O	O	
del	O	O	O	O	
signor	B-PER	O	O	O	
barone	I-PER	O	O	O	
sembra	O	O	O	O	
un	O	O	O	O	
ruggito	O	O	O	O	
e	O	O	O	O	
un	O	O	O	O	
grugnito	O	O	O	O	
.	O	O	O	O	

—	O	O	O	O	
Comincia	O	O	O	O	
?	O	O	O	O	

—	O	O	O	O	
È	O	O	O	O	
...	O	O	O	O	
è	O	O	O	O	
la	O	O	O	O	
coda	O	O	O	O	
!	O	O	O	O	

È	O	O	O	O	
la	O	O	O	O	
fine	O	O	O	O	
!	O	O	O	O	

Tutte	O	O	O	O	
le	O	O	O	O	
previsioni	O	O	O	O	
sono	O	O	O	O	
più	O	O	O	O	
che	O	O	O	O	
favorevolissime	O	O	O	O	
!	O	O	O	O	

Il	O	O	O	O	
barometro	O	O	O	O	
si	O	O	O	O	
alza	O	O	O	O	
!	O	O	O	O	

La	O	O	O	O	
corda	O	O	O	O	
del	O	O	O	O	
lift	O	O	O	O	
è	O	O	O	O	
molle	O	O	O	O	
,	O	O	O	O	
molle	O	O	O	O	
,	O	O	O	O	
molle	O	O	O	O	
...	O	O	O	O	
—	O	O	O	O	
Finitela	O	O	O	O	
!	O	O	O	O	

Non	O	O	O	O	
avete	O	O	O	O	
mai	O	O	O	O	
detto	O	O	O	O	
una	O	O	O	O	
volta	O	O	O	O	
che	O	O	O	O	
la	O	O	O	O	
corda	O	O	O	O	
è	O	O	O	O	
dura	O	O	O	O	
,	O	O	O	O	
e	O	O	O	O	
piove	O	O	O	O	
sempre	O	O	O	O	
!	O	O	O	O	

—	O	O	O	O	
Si	O	O	O	O	
persuada	O	O	O	O	
,	O	O	O	O	
signor	B-PER	O	O	O	
barone	I-PER	O	O	O	
!	O	O	O	O	

E	O	O	O	O	
poi	O	O	O	O	
...	O	O	O	O	
Senta	O	O	O	O	
,	O	O	O	O	
signor	B-PER	O	O	O	
barone	I-PER	O	O	O	
:	O	O	O	O	
le	O	O	O	O	
voglio	O	O	O	O	
dire	O	O	O	O	
una	O	O	O	O	
cosa	O	O	O	O	
sola	O	O	O	O	
.	O	O	O	O	

Se	O	O	O	O	
non	O	O	O	O	
la	O	O	O	O	
smette	O	O	O	O	
questo	O	O	O	O	
Giove	O	O	O	O	
cane	O	O	O	O	
,	O	O	O	O	
sarebbe	O	O	O	O	
un	O	O	O	O	
assassinio	O	O	O	O	
!	O	O	O	O	

No	O	O	O	O	
!	O	O	O	O	

No	O	O	O	O	
!	O	O	O	O	

Impossibile	O	O	O	O	
!	O	O	O	O	

Io	O	O	O	O	
sono	O	O	O	O	
sempre	O	O	O	O	
stato	O	O	O	O	
fortunato	O	O	O	O	
e	O	O	O	O	
porto	O	O	O	O	
fortuna	O	O	O	O	
ai	O	O	O	O	
miei	B-PER	O	O	O	
forestieri	I-PER	O	O	O	
!	O	O	O	O	

Anche	O	O	O	O	
l	O	O	O	O	
'	O	O	O	O	
anno	O	O	O	O	
scorso	O	O	O	O	
...	O	O	O	O	
—	O	O	O	O	
Avanti	O	O	O	O	
,	O	O	O	O	
avanti	O	O	O	O	
!	O	O	O	O	

Che	O	O	O	O	
cosa	O	O	O	O	
devo	O	O	O	O	
sentire	O	O	O	O	
?	O	O	O	O	

—	O	O	O	O	
Ho	O	O	O	O	
ricevuto	O	O	O	O	
stamattina	O	O	O	O	
un	O	O	O	O	
telegramma	O	O	O	O	
...	O	O	O	O	
Devo	O	O	O	O	
averlo	O	O	O	O	
qui	O	O	O	O	
!	O	O	O	O	

—	O	O	O	O	
L	B-PER	O	O	O	
'	I-PER	O	O	O	
albergatore	I-PER	O	O	O	
lo	O	O	O	O	
cerca	O	O	O	O	
,	O	O	O	O	
ma	O	O	O	O	
non	O	O	O	O	
lo	O	O	O	O	
trova	O	O	O	O	
.	O	O	O	O	

—	O	O	O	O	
Si	O	O	O	O	
tratta	O	O	O	O	
di	O	O	O	O	
una	B-PER	O	O	O	
grande	I-PER	O	O	O	
famiglia	I-PER	O	O	O	
italiana	I-PER	O	O	O	
!	O	O	O	O	

Un	O	O	O	O	
mazzetto	O	O	O	O	
,	O	O	O	O	
proprio	O	O	O	O	
chic	O	O	O	O	
,	O	O	O	O	
di	O	O	O	O	
signore	B-PER	O	O	O	
giovani	I-PER	O	O	O	
,	I-PER	O	O	O	
bellissime	I-PER	O	O	O	
.	O	O	O	O	

Il	O	O	O	O	
naso	O	O	O	O	
-	O	O	O	O	
becco	O	O	O	O	
del	O	O	O	O	
barone	B-PER	O	O	O	
Danova	I-PER	O	O	O	
ha	O	O	O	O	
una	O	O	O	O	
vampa	O	O	O	O	
e	O	O	O	O	
un	O	O	O	O	
tremolìo	O	O	O	O	
.	O	O	O	O	

Di	O	O	O	O	
signore	B-PER	O	O	O	
giovani	I-PER	O	O	O	
e	I-PER	O	O	O	
belle	I-PER	O	O	O	
egli	O	O	O	O	
aveva	O	O	O	O	
già	O	O	O	O	
notata	O	O	O	O	
e	O	O	O	O	
deplorata	O	O	O	O	
la	O	O	O	O	
mancanza	O	O	O	O	
alla	O	O	O	O	
Tête	B-GPE	O	O	O	
-	I-GPE	O	O	O	
pointue	I-GPE	O	O	O	
.	O	O	O	O	

L	B-PER	O	O	O	
'	I-PER	O	O	O	
altro	I-PER	O	O	O	
,	O	O	O	O	
continua	O	O	O	O	
imperturbabile	O	O	O	O	
:	O	O	O	O	
—	O	O	O	O	
Prenderebbero	O	O	O	O	
tutto	B-FAC	O	O	O	
il	I-FAC	O	O	O	
grande	I-FAC	O	O	O	
appartamento	I-FAC	O	O	O	
della	I-FAC	O	O	O	
balconata	I-FAC	O	O	O	
,	O	O	O	O	
al	O	O	O	O	
primo	B-FAC	O	O	O	
piano	I-FAC	O	O	O	
,	O	O	O	O	
con	O	O	O	O	
due	B-FAC	O	O	O	
balconi	I-FAC	O	O	O	
,	O	O	O	O	
e	O	O	O	O	
un	B-FAC	O	O	O	
altro	I-FAC	O	O	O	
appartamento	I-FAC	O	O	O	
al	I-FAC	O	O	O	
secondo	I-FAC	O	O	O	
.	O	O	O	O	

Otto	B-PER	O	O	O	
signori	I-PER	O	O	O	
e	O	O	O	O	
dieci	B-PER	O	O	O	
servitori	I-PER	O	O	O	
che	O	O	O	O	
mi	O	O	O	O	
riempirebbero	O	O	O	O	
appunto	O	O	O	O	
anche	O	O	O	O	
il	B-FAC	O	O	O	
terzo	I-FAC	O	O	O	
e	I-FAC	O	O	O	
quarto	I-FAC	O	O	O	
piano	I-FAC	O	O	O	
!	O	O	O	O	

—	O	O	O	O	
Sette	O	O	O	O	
od	O	O	O	O	
ottocento	O	O	O	O	
franchi	O	O	O	O	
al	O	O	O	O	
giorno	O	O	O	O	
!	O	O	O	O	

Capirà	O	O	O	O	
,	O	O	O	O	
signor	B-PER	O	O	O	
barone	I-PER	O	O	O	
,	O	O	O	O	
se	O	O	O	O	
piove	O	O	O	O	
oggi	O	O	O	O	
o	O	O	O	O	
domani	O	O	O	O	
,	O	O	O	O	
quando	O	O	O	O	
la	O	O	O	O	
comitiva	O	O	O	O	
è	O	O	O	O	
a	O	O	O	O	
Bex	B-GPE	O	O	O	
,	O	O	O	O	
invece	O	O	O	O	
di	O	O	O	O	
scendere	O	O	O	O	
dal	O	O	O	O	
treno	B-VEH	O	O	O	
,	O	O	O	O	
tira	O	O	O	O	
diritto	O	O	O	O	
!	O	O	O	O	

Garantisco	O	O	O	O	
,	O	O	O	O	
garantisco	O	O	O	O	
io	O	O	O	O	
:	O	O	O	O	
per	O	O	O	O	
domani	O	O	O	O	
una	O	O	O	O	
splendida	O	O	O	O	
giornata	O	O	O	O	
!	O	O	O	O	

...	O	O	O	O	
Vede	O	O	O	O	
?	O	O	O	O	

Vede	O	O	O	O	
?	O	O	O	O	

Si	O	O	O	O	
volti	O	O	O	O	
!	O	O	O	O	

Guardi	O	O	O	O	
le	O	O	O	O	
punte	B-LOC	O	O	O	
dei	I-LOC	O	O	O	
Diablerets	I-LOC	O	O	O	
:	O	O	O	O	
cominciano	O	O	O	O	
a	O	O	O	O	
scoprirsi	O	O	O	O	
!	O	O	O	O	

—	O	O	O	O	
Non	O	O	O	O	
bisogna	O	O	O	O	
guardare	O	O	O	O	
la	O	O	O	O	
Dent	B-LOC	O	O	O	
du	I-LOC	O	O	O	
Midi	I-LOC	O	O	O	
?	O	O	O	O	

—	O	O	O	O	
La	O	O	O	O	
sera	O	O	O	O	
;	O	O	O	O	
ma	O	O	O	O	
la	O	O	O	O	
mattina	O	O	O	O	
il	O	O	O	O	
grande	O	O	O	O	
oroscopo	O	O	O	O	
,	O	O	O	O	
infallibile	O	O	O	O	
...	O	O	O	O	
sono	O	O	O	O	
i	B-LOC	O	O	O	
Diablerets	I-LOC	O	O	O	
.	O	O	O	O	

Marco	B-PER	O	O	O	
Danova	I-PER	O	O	O	
rimane	O	O	O	O	
scosso	O	O	O	O	
da	O	O	O	O	
tanta	O	O	O	O	
sicurezza	O	O	O	O	
.	O	O	O	O	

—	O	O	O	O	
Allora	O	O	O	O	
,	O	O	O	O	
finalmente	O	O	O	O	
,	O	O	O	O	
potrò	O	O	O	O	
fare	O	O	O	O	
questa	O	O	O	O	
famosa	O	O	O	O	
gita	O	O	O	O	
al	O	O	O	O	
Chamossaire	B-LOC	O	O	O	
?	O	O	O	O	

—	O	O	O	O	
Sicuro	O	O	O	O	
!	O	O	O	O	

—	O	O	O	O	
Il	O	O	O	O	
signor	B-PER	O	O	O	
Trüb	I-PER	O	O	O	
si	O	O	O	O	
offende	O	O	O	O	
quasi	O	O	O	O	
al	O	O	O	O	
minimo	O	O	O	O	
dubbio	O	O	O	O	
.	O	O	O	O	

—	O	O	O	O	
Lei	O	O	O	O	
,	O	O	O	O	
signor	B-PER	O	O	O	
barone	I-PER	O	O	O	
,	O	O	O	O	
vada	O	O	O	O	
tranquillo	O	O	O	O	
a	O	O	O	O	
fare	O	O	O	O	
la	O	O	O	O	
sua	O	O	O	O	
brava	O	O	O	O	
colazione	O	O	O	O	
e	O	O	O	O	
per	O	O	O	O	
domani	O	O	O	O	
penso	O	O	O	O	
io	O	O	O	O	
:	O	O	O	O	
sveglia	O	O	O	O	
alle	O	O	O	O	
sei	O	O	O	O	
,	O	O	O	O	
—	O	O	O	O	
basta	O	O	O	O	
alle	O	O	O	O	
sei	O	O	O	O	
,	O	O	O	O	
—	O	O	O	O	
e	O	O	O	O	
alle	O	O	O	O	
sei	O	O	O	O	
e	O	O	O	O	
mezzo	O	O	O	O	
,	O	O	O	O	
tutto	O	O	O	O	
pronto	O	O	O	O	
:	O	O	O	O	
cavalcatura	O	O	O	O	
,	O	O	O	O	
guida	O	O	O	O	
e	O	O	O	O	
un	O	O	O	O	
bel	O	O	O	O	
sole	O	O	O	O	
...	O	O	O	O	
di	O	O	O	O	
prim	O	O	O	O	
'	O	O	O	O	
ordine	O	O	O	O	
!	O	O	O	O	

La	O	O	O	O	
promessa	O	O	O	O	
d	O	O	O	O	
'	O	O	O	O	
un	O	O	O	O	
bel	O	O	O	O	
sereno	O	O	O	O	
per	O	O	O	O	
il	O	O	O	O	
giorno	O	O	O	O	
dopo	O	O	O	O	
è	O	O	O	O	
sempre	O	O	O	O	
,	O	O	O	O	
anche	O	O	O	O	
quando	O	O	O	O	
ci	O	O	O	O	
si	O	O	O	O	
è	O	O	O	O	
abituati	O	O	O	O	
,	O	O	O	O	
uno	O	O	O	O	
dei	O	O	O	O	
pochi	O	O	O	O	
godimenti	O	O	O	O	
che	O	O	O	O	
offra	O	O	O	O	
la	B-LOC	O	O	O	
montagna	I-LOC	O	O	O	
quando	O	O	O	O	
piove	O	O	O	O	
.	O	O	O	O	

Marco	B-PER	O	O	O	
Danova	I-PER	O	O	O	
,	I-PER	O	O	O	
rabbonito	I-PER	O	O	O	
,	O	O	O	O	
apre	O	O	O	O	
l	O	O	O	O	
'	O	O	O	O	
ombrello	O	O	O	O	
e	O	O	O	O	
,	O	O	O	O	
dopo	O	O	O	O	
aver	O	O	O	O	
raccomandato	O	O	O	O	
al	O	O	O	O	
signor	B-PER	O	O	O	
Trüb	I-PER	O	O	O	
che	O	O	O	O	
il	O	O	O	O	
mulo	O	O	O	O	
sia	O	O	O	O	
tranquillo	O	O	O	O	
e	O	O	O	O	
la	O	O	O	O	
guida	O	O	O	O	
sicura	O	O	O	O	
,	O	O	O	O	
se	O	O	O	O	
ne	O	O	O	O	
va	O	O	O	O	
con	O	O	O	O	
passo	O	O	O	O	
quasi	O	O	O	O	
automatico	O	O	O	O	
,	O	O	O	O	
alzando	O	O	O	O	
una	O	O	O	O	
dopo	O	O	O	O	
l	O	O	O	O	
'	O	O	O	O	
altra	O	O	O	O	
le	O	O	O	O	
gambette	O	O	O	O	
ad	O	O	O	O	
arco	O	O	O	O	
e	O	O	O	O	
dondolandosi	O	O	O	O	
,	O	O	O	O	
tutto	O	O	O	O	
pancetta	O	O	O	O	
.	O	O	O	O	

La	O	O	O	O	
nebbia	O	O	O	O	
,	O	O	O	O	
continua	O	O	O	O	
a	O	O	O	O	
salire	O	O	O	O	
a	O	O	O	O	
salire	O	O	O	O	
,	O	O	O	O	
a	O	O	O	O	
correre	O	O	O	O	
,	O	O	O	O	
ad	O	O	O	O	
addensarsi	O	O	O	O	
più	O	O	O	O	
rapidamente	O	O	O	O	
.	O	O	O	O	

Ad	O	O	O	O	
un	O	O	O	O	
tratto	O	O	O	O	
,	O	O	O	O	
un	O	O	O	O	
raggio	O	O	O	O	
di	O	O	O	O	
sole	O	O	O	O	
pallido	O	O	O	O	
,	O	O	O	O	
obliquo	O	O	O	O	
,	O	O	O	O	
attraversa	O	O	O	O	
e	O	O	O	O	
rompe	O	O	O	O	
il	O	O	O	O	
fitto	O	O	O	O	
tendone	O	O	O	O	
:	O	O	O	O	
appare	O	O	O	O	
in	O	O	O	O	
una	O	O	O	O	
tinta	O	O	O	O	
giallastra	O	O	O	O	
la	O	O	O	O	
curva	O	O	O	O	
di	O	O	O	O	
una	B-LOC	O	O	O	
collina	I-LOC	O	O	O	
...	O	O	O	O	
poi	O	O	O	O	
la	O	O	O	O	
punta	O	O	O	O	
di	O	O	O	O	
una	O	O	O	O	
roccia	O	O	O	O	
e	O	O	O	O	
subito	O	O	O	O	
un	O	O	O	O	
rovescione	O	O	O	O	
,	O	O	O	O	
con	O	O	O	O	
una	O	O	O	O	
raffica	O	O	O	O	
di	O	O	O	O	
vento	O	O	O	O	
così	O	O	O	O	
impetuosa	O	O	O	O	
che	O	O	O	O	
porta	O	O	O	O	
il	O	O	O	O	
signor	B-PER	O	O	O	
Trüb	I-PER	O	O	O	
,	O	O	O	O	
come	O	O	O	O	
di	O	O	O	O	
volo	O	O	O	O	
,	O	O	O	O	
dentro	O	O	O	O	
l	B-FAC	O	O	O	
'	I-FAC	O	O	O	
albergo	I-FAC	O	O	O	
.	O	O	O	O	

Grida	O	O	O	O	
,	O	O	O	O	
strilli	O	O	O	O	
e	O	O	O	O	
le	O	O	O	O	
più	O	O	O	O	
furiose	O	O	O	O	
e	O	O	O	O	
varie	O	O	O	O	
invettive	O	O	O	O	
internazionali	O	O	O	O	
echeggiano	O	O	O	O	
sotto	O	O	O	O	
l	B-FAC	O	O	O	
'	I-FAC	O	O	O	
atrio	I-FAC	O	O	O	
.	O	O	O	O	

Le	B-PER	O	O	O	
signore	I-PER	O	O	O	
hanno	O	O	O	O	
paura	O	O	O	O	
del	O	O	O	O	
temporale	O	O	O	O	
:	O	O	O	O	
si	O	O	O	O	
chiudono	O	O	O	O	
le	O	O	O	O	
finestre	O	O	O	O	
,	O	O	O	O	
si	O	O	O	O	
accende	O	O	O	O	
la	O	O	O	O	
luce	O	O	O	O	
elettrica	O	O	O	O	
.	O	O	O	O	

Il	O	O	O	O	
signor	B-PER	O	O	O	
Trüb	I-PER	O	O	O	
,	O	O	O	O	
mogio	O	O	O	O	
,	O	O	O	O	
mogio	O	O	O	O	
,	O	O	O	O	
sgambetti	O	O	O	O	
,	O	O	O	O	
saltetti	O	O	O	O	
e	O	O	O	O	
via	O	O	O	O	
di	O	O	O	O	
corsa	O	O	O	O	
per	O	O	O	O	
rifugiarsi	O	O	O	O	
nel	O	O	O	O	
bureau	B-FAC	O	O	O	
!	O	O	O	O	

Ma	O	O	O	O	
lì	O	O	O	O	
,	O	O	O	O	
proprio	O	O	O	O	
sull	O	O	O	O	
'	O	O	O	O	
uscio	O	O	O	O	
,	O	O	O	O	
mentre	O	O	O	O	
si	O	O	O	O	
asciuga	O	O	O	O	
con	O	O	O	O	
il	O	O	O	O	
fazzoletto	O	O	O	O	
le	O	O	O	O	
mani	O	O	O	O	
e	O	O	O	O	
l	O	O	O	O	
'	O	O	O	O	
abito	O	O	O	O	
,	O	O	O	O	
ecco	O	O	O	O	
quella	B-PER	O	O	O	
strega	I-PER	O	O	O	
verde	I-PER	O	O	O	
e	I-PER	O	O	O	
brontolona	I-PER	O	O	O	
di	I-PER	O	O	O	
missis	I-PER	O	O	O	
Eyre	I-PER	O	O	O	
:	O	O	O	O	
—	O	O	O	O	
Bella	O	O	O	O	
ciornata	O	O	O	O	
,	O	O	O	O	
signor	B-PER	O	O	O	
Trüb	I-PER	O	O	O	
!	O	O	O	O	

Missis	B-PER	O	O	O	
Eyre	I-PER	O	O	O	
,	O	O	O	O	
—	O	O	O	O	
terzo	B-FAC	O	O	O	
piano	I-FAC	O	O	O	
,	O	O	O	O	
camera	B-FAC	O	O	O	
di	I-FAC	O	O	O	
dietro	I-FAC	O	O	O	
,	O	O	O	O	
senza	O	O	O	O	
balcone	B-FAC	O	O	O	
,	O	O	O	O	
—	O	O	O	O	
riceve	O	O	O	O	
un	O	O	O	O	
inchino	O	O	O	O	
,	O	O	O	O	
niente	O	O	O	O	
più	O	O	O	O	
del	O	O	O	O	
necessario	O	O	O	O	
.	O	O	O	O	

—	O	O	O	O	
Scusi	O	O	O	O	
;	O	O	O	O	
sono	O	O	O	O	
in	O	O	O	O	
ritardo	O	O	O	O	
;	O	O	O	O	
ho	O	O	O	O	
la	O	O	O	O	
corrispondenza	O	O	O	O	
ancora	O	O	O	O	
da	O	O	O	O	
guardare	O	O	O	O	
...	O	O	O	O	
Il	O	O	O	O	
signor	B-PER	O	O	O	
Trüb	I-PER	O	O	O	
,	O	O	O	O	
si	O	O	O	O	
avvicina	O	O	O	O	
alla	O	O	O	O	
scrivania	O	O	O	O	
,	O	O	O	O	
e	O	O	O	O	
comincia	O	O	O	O	
ad	O	O	O	O	
aprire	O	O	O	O	
,	O	O	O	O	
a	O	O	O	O	
sfogliare	O	O	O	O	
le	O	O	O	O	
lettere	O	O	O	O	
che	O	O	O	O	
vi	O	O	O	O	
sono	O	O	O	O	
ammucchiate	O	O	O	O	
.	O	O	O	O	

Missis	B-PER	O	O	O	
Eyre	I-PER	O	O	O	
,	O	O	O	O	
tien	O	O	O	O	
duro	O	O	O	O	
.	O	O	O	O	

—	O	O	O	O	
E	O	O	O	O	
così	O	O	O	O	
?	O	O	O	O	

...	O	O	O	O	
I	B-PER	O	O	O	
D	I-PER	O	O	O	
'	I-PER	O	O	O	
Orea	I-PER	O	O	O	
e	O	O	O	O	
i	B-PER	O	O	O	
Moncavallo	I-PER	O	O	O	
,	O	O	O	O	
verranno	O	O	O	O	
da	O	O	O	O	
Aigle	B-GPE	O	O	O	
o	O	O	O	O	
da	O	O	O	O	
Bex	B-GPE	O	O	O	
?	O	O	O	O	

—	O	O	O	O	
Vedremo	O	O	O	O	
.	O	O	O	O	

Secondo	O	O	O	O	
...	O	O	O	O	
il	O	O	O	O	
tempo	O	O	O	O	
.	O	O	O	O	

—	O	O	O	O	
Vedere	O	O	O	O	
?	O	O	O	O	

...	O	O	O	O	
Piove	O	O	O	O	
che	O	O	O	O	
Dio	B-PER	O	O	O	
la	O	O	O	O	
manda	O	O	O	O	
!	O	O	O	O	

Che	O	O	O	O	
cosa	O	O	O	O	
volete	O	O	O	O	
vedere	O	O	O	O	
?	O	O	O	O	

Il	O	O	O	O	
Diluvio	O	O	O	O	
universale	O	O	O	O	
?	O	O	O	O	

—	O	O	O	O	
Che	O	O	O	O	
diluvio	O	O	O	O	
?	O	O	O	O	

Domani	O	O	O	O	
,	O	O	O	O	
sole	O	O	O	O	
!	O	O	O	O	

Garantito	O	O	O	O	
!	O	O	O	O	

—	O	O	O	O	
Cià	O	O	O	O	
.	O	O	O	O	

A	O	O	O	O	
Villars	B-GPE	O	O	O	
sempre	O	O	O	O	
così	O	O	O	O	
.	O	O	O	O	

Piove	O	O	O	O	
oggi	O	O	O	O	
,	O	O	O	O	
e	O	O	O	O	
fa	O	O	O	O	
bel	O	O	O	O	
tempo	O	O	O	O	
...	O	O	O	O	
domani	O	O	O	O	
!	O	O	O	O	

Brontola	O	O	O	O	
,	O	O	O	O	
brontola	O	O	O	O	
,	O	O	O	O	
ma	O	O	O	O	
a	O	O	O	O	
missis	B-PER	O	O	O	
Eyre	I-PER	O	O	O	
,	O	O	O	O	
poco	O	O	O	O	
importa	O	O	O	O	
della	O	O	O	O	
pioggia	O	O	O	O	
o	O	O	O	O	
del	O	O	O	O	
bel	O	O	O	O	
tempo	O	O	O	O	
.	O	O	O	O	

Ella	O	O	O	O	
,	O	O	O	O	
invece	O	O	O	O	
,	O	O	O	O	
vuol	O	O	O	O	
sapere	O	O	O	O	
se	O	O	O	O	
i	B-PER	O	O	O	
D	I-PER	O	O	O	
'	I-PER	O	O	O	
Orea	I-PER	O	O	O	
e	O	O	O	O	
i	B-PER	O	O	O	
Moncavallo	I-PER	O	O	O	
faranno	O	O	O	O	
la	O	O	O	O	
salita	O	O	O	O	
da	O	O	O	O	
Aigle	B-GPE	O	O	O	
,	O	O	O	O	
in	O	O	O	O	
carrozza	B-VEH	O	O	O	
,	O	O	O	O	
e	O	O	O	O	
con	O	O	O	O	
quanti	O	O	O	O	
landò	O	O	O	O	
,	O	O	O	O	
oppure	O	O	O	O	
da	O	O	O	O	
Bex	B-GPE	O	O	O	
in	O	O	O	O	
ferrovia	B-VEH	O	O	O	
elettrica	I-VEH	O	O	O	
,	O	O	O	O	
con	O	O	O	O	
un	B-VEH	O	O	O	
treno	I-VEH	O	O	O	
espresso	I-VEH	O	O	O	
,	O	O	O	O	
o	O	O	O	O	
con	O	O	O	O	
l	B-VEH	O	O	O	
'	I-VEH	O	O	O	
ordinario	I-VEH	O	O	O	
.	O	O	O	O	

Vuol	O	O	O	O	
sapere	O	O	O	O	
il	O	O	O	O	
numero	O	O	O	O	
delle	O	O	O	O	
persone	B-PER	O	O	O	
di	I-PER	O	O	O	
servizio	I-PER	O	O	O	
,	O	O	O	O	
il	O	O	O	O	
numero	O	O	O	O	
dei	O	O	O	O	
bauli	O	O	O	O	
,	O	O	O	O	
e	O	O	O	O	
se	O	O	O	O	
i	B-PER	O	O	O	
D	I-PER	O	O	O	
'	I-PER	O	O	O	
Orea	I-PER	O	O	O	
e	O	O	O	O	
i	B-PER	O	O	O	
Moncavallo	I-PER	O	O	O	
pranzeranno	O	O	O	O	
à	O	O	O	O	
table	B-FAC	O	O	O	
d	I-FAC	O	O	O	
'	I-FAC	O	O	O	
hôte	I-FAC	O	O	O	
o	O	O	O	O	
al	O	O	O	O	
restaurant	B-FAC	O	O	O	
,	O	O	O	O	
a	O	O	O	O	
pensione	O	O	O	O	
o	O	O	O	O	
alla	O	O	O	O	
carta	B-FAC	O	O	O	
.	O	O	O	O	

Vuol	O	O	O	O	
sapere	O	O	O	O	
,	O	O	O	O	
se	O	O	O	O	
a	O	O	O	O	
quella	O	O	O	O	
grande	O	O	O	O	
baraonda	O	O	O	O	
italiana	O	O	O	O	
è	O	O	O	O	
stato	O	O	O	O	
fissato	O	O	O	O	
il	O	B-FAC	O	O	
solo	O	I-FAC	O	O	
appartamento	O	I-FAC	O	O	
del	O	I-FAC	O	O	
primo	B-FAC	I-FAC	O	O	
piano	I-FAC	I-FAC	O	O	
,	O	O	O	O	
oppure	O	O	O	O	
anche	O	O	O	O	
le	B-FAC	O	O	O	
camere	I-FAC	O	O	O	
disponibili	I-FAC	O	O	O	
del	I-FAC	O	O	O	
secondo	I-FAC	O	O	O	
.	O	O	O	O	

Vuol	O	O	O	O	
sapere	O	O	O	O	
,	O	O	O	O	
ed	O	O	O	O	
è	O	O	O	O	
questo	O	O	O	O	
che	O	O	O	O	
più	O	O	O	O	
le	O	O	O	O	
preme	O	O	O	O	
,	O	O	O	O	
se	O	O	O	O	
la	B-PER	O	O	O	
marmaglia	I-PER	O	O	O	
del	I-PER	O	O	O	
servidorame	I-PER	O	O	O	
sarà	O	O	O	O	
mandata	O	O	O	O	
su	O	O	O	O	
,	O	O	O	O	
al	O	O	O	O	
quarto	B-FAC	O	O	O	
piano	I-FAC	O	O	O	
,	O	O	O	O	
come	O	O	O	O	
è	O	O	O	O	
l	O	O	O	O	
'	O	O	O	O	
uso	O	O	O	O	
e	O	O	O	O	
la	O	O	O	O	
convenienza	O	O	O	O	
,	O	O	O	O	
oppure	O	O	O	O	
se	O	O	O	O	
quel	O	O	O	O	
vero	O	O	O	O	
oste	O	O	O	O	
esoso	O	O	O	O	
e	O	O	O	O	
volgare	O	O	O	O	
del	O	O	O	O	
signor	B-PER	O	O	O	
Trüb	I-PER	O	O	O	
matura	O	O	O	O	
nell	O	O	O	O	
'	O	O	O	O	
animo	O	O	O	O	
l	O	O	O	O	
'	O	O	O	O	
indelicatezza	O	O	O	O	
e	O	O	O	O	
la	O	O	O	O	
prepotenza	O	O	O	O	
di	O	O	O	O	
cacciarne	O	O	O	O	
una	O	O	O	O	
parte	O	O	O	O	
anche	O	O	O	O	
al	O	O	O	O	
terzo	O	O	O	O	
e	O	O	O	O	
persino	O	O	O	O	
...	O	O	O	O	
nel	O	O	O	O	
suo	B-FAC	O	O	O	
corridoio	I-FAC	O	O	O	
!	O	O	O	O	

È	O	O	O	O	
tutto	O	O	O	O	
questo	O	O	O	O	
che	O	O	O	O	
la	O	O	O	O	
turba	O	O	O	O	
,	O	O	O	O	
che	O	O	O	O	
l	O	O	O	O	
'	O	O	O	O	
agita	O	O	O	O	
,	O	O	O	O	
che	O	O	O	O	
la	O	O	O	O	
tiene	O	O	O	O	
in	O	O	O	O	
ansia	O	O	O	O	
e	O	O	O	O	
in	O	O	O	O	
curiosità	O	O	O	O	
.	O	O	O	O	

Ed	O	O	O	O	
è	O	O	O	O	
così	O	O	O	O	
tutti	O	O	O	O	
i	O	O	O	O	
giorni	O	O	O	O	
e	O	O	O	O	
tutto	O	O	O	O	
l	O	O	O	O	
'	O	O	O	O	
anno	O	O	O	O	
:	O	O	O	O	
il	O	O	O	O	
suo	O	O	O	O	
divertimento	O	O	O	O	
,	O	O	O	O	
i	O	O	O	O	
suoi	O	O	O	O	
discorsi	O	O	O	O	
,	O	O	O	O	
le	O	O	O	O	
sue	O	O	O	O	
dispute	O	O	O	O	
,	O	O	O	O	
le	O	O	O	O	
sue	O	O	O	O	
scommesse	O	O	O	O	
,	O	O	O	O	
sempre	O	O	O	O	
lì	O	O	O	O	
!	O	O	O	O	

Chi	O	O	O	O	
arriva	O	O	O	O	
e	O	O	O	O	
chi	O	O	O	O	
parte	O	O	O	O	
dall	O	O	O	O	
'	O	O	O	O	
albergo	B-FAC	O	O	O	
.	O	O	O	O	

Il	O	O	O	O	
suo	O	O	O	O	
mondo	O	O	O	O	
,	O	O	O	O	
d	O	O	O	O	
'	O	O	O	O	
estate	O	O	O	O	
,	O	O	O	O	
è	O	O	O	O	
la	O	O	O	O	
Tête	B-FAC	O	O	O	
-	I-FAC	O	O	O	
pointue	I-FAC	O	O	O	
;	O	O	O	O	
d	O	O	O	O	
'	O	O	O	O	
autunno	O	O	O	O	
,	O	O	O	O	
Villa	B-FAC	O	O	O	
d	I-FAC	O	O	O	
'	I-FAC	O	O	O	
Este	I-FAC	O	O	O	
,	O	O	O	O	
sul	O	O	O	O	
lago	B-LOC	O	O	O	
di	I-LOC	O	O	O	
Como	I-LOC	O	O	O	
;	O	O	O	O	
d	O	O	O	O	
'	O	O	O	O	
inverno	O	O	O	O	
,	O	O	O	O	
l	O	O	O	O	
'	O	O	O	O	
hôtel	B-FAC	O	O	O	
-	I-FAC	O	O	O	
Royal	I-FAC	O	O	O	
a	O	O	O	O	
San	B-GPE	O	O	O	
Remo	I-GPE	O	O	O	
.	O	O	O	O	

E	O	O	O	O	
la	O	O	O	O	
sua	O	O	O	O	
occupazione	O	O	O	O	
costante	O	O	O	O	
di	O	O	O	O	
tutto	O	O	O	O	
l	O	O	O	O	
'	O	O	O	O	
anno	O	O	O	O	
e	O	O	O	O	
in	O	O	O	O	
tutti	B-FAC	O	O	O	
gli	I-FAC	O	O	O	
alberghi	I-FAC	O	O	O	
,	O	O	O	O	
è	O	O	O	O	
quella	O	O	O	O	
di	O	O	O	O	
far	O	O	O	O	
valere	O	O	O	O	
,	O	O	O	O	
per	O	O	O	O	
sè	O	O	O	O	
,	O	O	O	O	
tutti	O	O	O	O	
i	O	O	O	O	
diritti	O	O	O	O	
e	O	O	O	O	
i	O	O	O	O	
vantaggi	O	O	O	O	
che	O	O	O	O	
le	O	O	O	O	
accorda	O	O	O	O	
la	O	O	O	O	
pensione	O	O	O	O	
,	O	O	O	O	
e	O	O	O	O	
di	O	O	O	O	
far	O	O	O	O	
osservare	O	O	O	O	
agli	O	O	O	O	
altri	B-PER	O	O	O	
,	O	O	O	O	
scrupolosamente	O	O	O	O	
,	O	O	O	O	
tutte	O	O	O	O	
le	O	O	O	O	
leggi	O	O	O	O	
e	O	O	O	O	
le	O	O	O	O	
prescrizioni	O	O	O	O	
e	O	O	O	O	
le	O	O	O	O	
interdizioni	O	O	O	O	
della	O	O	O	O	
sala	B-FAC	O	O	O	
di	I-FAC	O	O	O	
lettura	I-FAC	O	O	O	
,	O	O	O	O	
della	O	O	O	O	
sala	B-FAC	O	O	O	
di	I-FAC	O	O	O	
conversazione	I-FAC	O	O	O	
,	O	O	O	O	
della	O	O	O	O	
sala	B-FAC	O	O	O	
di	I-FAC	O	O	O	
musica	I-FAC	O	O	O	
e	I-FAC	O	O	O	
di	I-FAC	O	O	O	
ballo	I-FAC	O	O	O	
.	O	O	O	O	

Se	O	O	O	O	
appena	O	O	O	O	
appena	O	O	O	O	
missis	B-PER	O	O	O	
Eyre	I-PER	O	O	O	
vede	O	O	O	O	
accendere	O	O	O	O	
una	O	O	O	O	
sigaretta	O	O	O	O	
fuori	O	O	O	O	
dal	O	O	O	O	
fumatoio	B-FAC	O	O	O	
—	O	O	O	O	
subito	O	O	O	O	
pronto	O	O	O	O	
—	O	O	O	O	
manda	O	O	O	O	
un	B-PER	O	O	O	
cameriere	I-PER	O	O	O	
a	O	O	O	O	
farla	O	O	O	O	
spegnere	O	O	O	O	
.	O	O	O	O	

Se	O	O	O	O	
manca	O	O	O	O	
un	O	O	O	O	
giornale	O	O	O	O	
,	O	O	O	O	
per	O	O	O	O	
un	O	O	O	O	
momento	O	O	O	O	
,	O	O	O	O	
nella	O	O	O	O	
sala	B-FAC	O	O	O	
di	I-FAC	O	O	O	
lettura	I-FAC	O	O	O	
,	O	O	O	O	
si	O	O	O	O	
precipita	O	O	O	O	
dal	O	O	O	O	
portiere	B-PER	O	O	O	
a	O	O	O	O	
gridare	O	O	O	O	
e	O	O	O	O	
a	O	O	O	O	
strepitare	O	O	O	O	
;	O	O	O	O	
se	O	O	O	O	
alle	O	O	O	O	
undici	O	O	O	O	
in	O	O	O	O	
punto	O	O	O	O	
il	O	O	O	O	
pianoforte	O	O	O	O	
non	O	O	O	O	
si	O	O	O	O	
ferma	O	O	O	O	
a	O	O	O	O	
mezzo	O	O	O	O	
della	O	O	O	O	
battuta	O	O	O	O	
,	O	O	O	O	
la	O	O	O	O	
mattina	O	O	O	O	
dopo	O	O	O	O	
,	O	O	O	O	
prima	O	O	O	O	
del	O	O	O	O	
caffè	O	O	O	O	
e	O	O	O	O	
latte	O	O	O	O	
,	O	O	O	O	
ecco	O	O	O	O	
tanto	O	O	O	O	
di	O	O	O	O	
reclamo	O	O	O	O	
specificato	O	O	O	O	
nella	O	O	O	O	
sala	B-FAC	O	O	O	
della	I-FAC	O	O	O	
direzione	I-FAC	O	O	O	
.	O	O	O	O	

Il	O	O	O	O	
grido	O	O	O	O	
della	O	O	O	O	
sua	O	O	O	O	
anima	O	O	O	O	
è	O	O	O	O	
uno	O	O	O	O	
e	O	O	O	O	
trino	O	O	O	O	
:	O	O	O	O	
proibito	O	O	O	O	
-	O	O	O	O	
defendu	O	O	O	O	
-	O	O	O	O	
verboten	O	O	O	O	
.	O	O	O	O	

Che	O	O	O	O	
importa	O	O	O	O	
a	O	O	O	O	
missis	B-PER	O	O	O	
Eyre	I-PER	O	O	O	
della	O	O	O	O	
pioggia	O	O	O	O	
o	O	O	O	O	
del	O	O	O	O	
bel	O	O	O	O	
tempo	O	O	O	O	
?	O	O	O	O	

...	O	O	O	O	
Non	O	O	O	O	
fa	O	O	O	O	
mai	O	O	O	O	
una	O	O	O	O	
escursione	O	O	O	O	
perchè	O	O	O	O	
soffre	O	O	O	O	
di	O	O	O	O	
giramento	O	O	O	O	
;	O	O	O	O	
non	O	O	O	O	
va	O	O	O	O	
mai	O	O	O	O	
in	O	O	O	O	
carrozza	B-VEH	O	O	O	
per	O	O	O	O	
economia	O	O	O	O	
,	O	O	O	O	
non	O	O	O	O	
esce	O	O	O	O	
mai	O	O	O	O	
dall	O	O	O	O	
'	O	O	O	O	
albergo	B-FAC	O	O	O	
,	O	O	O	O	
certo	O	O	O	O	
per	O	O	O	O	
il	O	O	O	O	
timore	O	O	O	O	
che	O	O	O	O	
qualche	B-PER	O	O	O	
ineducatissimo	I-PER	O	O	O	
colga	O	O	O	O	
l	O	O	O	O	
'	O	O	O	O	
occasione	O	O	O	O	
per	O	O	O	O	
impadronirsi	O	O	O	O	
della	O	O	O	O	
sua	O	O	O	O	
poltroncina	O	O	O	O	
,	O	O	O	O	
del	O	O	O	O	
suo	O	O	O	O	
tavolino	O	O	O	O	
,	O	O	O	O	
del	O	O	O	O	
suo	O	O	O	O	
giornale	O	O	O	O	
o	O	O	O	O	
del	O	O	O	O	
suo	O	O	O	O	
solito	O	O	O	O	
posto	O	O	O	O	
al	O	O	O	O	
suo	B-FAC	O	O	O	
solito	I-FAC	O	O	O	
balcone	I-FAC	O	O	O	
della	I-FAC	O	O	O	
veranda	I-FAC	O	O	O	
.	O	O	O	O	

Acqua	O	O	O	O	
o	O	O	O	O	
sole	O	O	O	O	
...	O	O	O	O	
non	O	O	O	O	
ne	O	O	O	O	
prende	O	O	O	O	
mai	O	O	O	O	
.	O	O	O	O	

Missis	B-PER	O	O	O	
Eyre	I-PER	O	O	O	
si	O	O	O	O	
gode	O	O	O	O	
il	B-LOC	O	O	O	
lago	I-LOC	O	O	O	
,	O	O	O	O	
il	B-LOC	O	O	O	
mare	I-LOC	O	O	O	
,	O	O	O	O	
la	B-LOC	O	O	O	
montagna	I-LOC	O	O	O	
,	O	O	O	O	
sempre	O	O	O	O	
dalla	O	O	O	O	
finestra	O	O	O	O	
!	O	O	O	O	

—	O	O	O	O	
L	O	O	O	O	
'	O	O	O	O	
autunno	O	O	O	O	
scorso	O	O	O	O	
,	O	O	O	O	
a	O	O	O	O	
Villa	B-FAC	O	O	O	
d	I-FAC	O	O	O	
'	I-FAC	O	O	O	
Este	I-FAC	O	O	O	
,	O	O	O	O	
per	O	O	O	O	
soli	O	O	O	O	
quindici	O	O	O	O	
ciorni	O	O	O	O	
,	O	O	O	O	
quella	B-PER	O	O	O	
gente	I-PER	O	O	O	
aveva	O	O	O	O	
portato	O	O	O	O	
cinquantotto	O	O	O	O	
bauli	O	O	O	O	
!	O	O	O	O	

Non	O	O	O	O	
si	O	O	O	O	
poteva	O	O	O	O	
più	O	O	O	O	
camminare	O	O	O	O	
nel	O	O	O	O	
corridoio	B-FAC	O	O	O	
!	O	O	O	O	

Tutto	O	O	O	O	
pieno	O	O	O	O	
!	O	O	O	O	

Il	O	O	O	O	
signor	B-PER	O	O	O	
Trüb	I-PER	O	O	O	
,	O	O	O	O	
non	O	O	O	O	
potendo	O	O	O	O	
liberarsi	O	O	O	O	
della	O	O	O	O	
vecchia	B-PER	O	O	O	
,	O	O	O	O	
pensa	O	O	O	O	
di	O	O	O	O	
ottenerne	O	O	O	O	
,	O	O	O	O	
almeno	O	O	O	O	
,	O	O	O	O	
qualche	O	O	O	O	
utile	O	O	O	O	
informazione	O	O	O	O	
.	O	O	O	O	

—	O	O	O	O	
Gente	B-PER	O	O	O	
...	O	O	O	O	
che	O	O	O	O	
spende	O	O	O	O	
?	O	O	O	O	

—	O	O	O	O	
Gente	B-PER	O	O	O	
disordinata	I-PER	O	O	O	
!	O	O	O	O	

Confusione	O	O	O	O	
,	O	O	O	O	
gridamento	O	O	O	O	
,	O	O	O	O	
rivoluzione	O	O	O	O	
!	O	O	O	O	

Portieri	B-PER	O	O	O	
,	O	O	O	O	
camerieri	B-PER	O	O	O	
,	O	O	O	O	
giornali	O	O	O	O	
,	O	O	O	O	
biliardo	O	O	O	O	
,	O	O	O	O	
pianoforte	O	O	O	O	
,	O	O	O	O	
tennis	O	O	O	O	
,	O	O	O	O	
tutto	O	O	O	O	
per	O	O	O	O	
loro	O	O	O	O	
!	O	O	O	O	

I	B-PER	O	O	O	
forestieri	I-PER	O	O	O	
s	O	O	O	O	
'	O	O	O	O	
indispettiscono	O	O	O	O	
e	O	O	O	O	
partono	O	O	O	O	
!	O	O	O	O	

Il	O	O	O	O	
signor	B-PER	O	O	O	
Trüb	I-PER	O	O	O	
non	O	O	O	O	
s	O	O	O	O	
'	O	O	O	O	
inquieta	O	O	O	O	
:	O	O	O	O	
—	O	O	O	O	
Grande	B-PER	O	O	O	
famiglia	I-PER	O	O	O	
?	O	O	O	O	

...	O	O	O	O	
Titolata	O	O	O	O	
?	O	O	O	O	

—	O	O	O	O	
I	B-PER	O	O	O	
Moncavallo	I-PER	O	O	O	
sono	O	O	O	O	
di	O	O	O	O	
Napoli	B-GPE	O	O	O	
!	O	O	O	O	

Funiculì	O	O	O	O	
-	O	O	O	O	
Funiculà	O	O	O	O	
!	O	O	O	O	

Molti	O	O	O	O	
titoli	O	O	O	O	
:	O	O	O	O	
duchi	B-PER	O	O	O	
,	I-PER	O	O	O	
principi	I-PER	O	O	O	
,	I-PER	O	O	O	
marchesi	I-PER	O	O	O	
,	O	O	O	O	
ma	O	O	O	O	
niente	O	O	O	O	
capitali	O	O	O	O	
.	O	O	O	O	

I	B-PER	O	O	O	
D	I-PER	O	O	O	
'	I-PER	O	O	O	
Orea	I-PER	O	O	O	
sono	O	O	O	O	
di	O	O	O	O	
Bologna	B-GPE	O	O	O	
.	O	O	O	O	

Molti	O	O	O	O	
capitali	O	O	O	O	
,	O	O	O	O	
ma	O	O	O	O	
niente	O	O	O	O	
titoli	O	O	O	O	
.	O	O	O	O	

Molini	O	O	O	O	
e	O	O	O	O	
mortadella	O	O	O	O	
.	O	O	O	O	

Una	B-PER	O	O	O	
Moncavallo	I-PER	O	O	O	
,	I-PER	O	O	O	
bellissima	I-PER	O	O	O	
,	O	O	O	O	
ha	O	O	O	O	
sposato	O	O	O	O	
il	O	O	O	O	
cavalier	B-PER	O	O	O	
Luciano	I-PER	O	O	O	
D	I-PER	O	O	O	
'	I-PER	O	O	O	
Orea	I-PER	O	O	O	
che	O	O	O	O	
spende	O	O	O	O	
tesori	O	O	O	O	
per	O	O	O	O	
la	O	O	O	O	
Fanfan	B-PER	O	O	O	
Trécoeur	I-PER	O	O	O	
,	I-PER	O	O	O	
la	I-PER	O	O	O	
celebre	I-PER	O	O	O	
canzonettista	I-PER	O	O	O	
delle	I-PER	O	O	O	
Folies	I-PER	O	O	O	
Parisiennes	I-PER	O	O	O	
,	O	O	O	O	
dalle	O	O	O	O	
gambe	O	O	O	O	
irresistibili	O	O	O	O	
!	O	O	O	O	

Ve	O	O	O	O	
la	O	O	O	O	
farò	O	O	O	O	
vedere	O	O	O	O	
.	O	O	O	O	

—	O	O	O	O	
È	O	O	O	O	
qui	O	O	O	O	
?	O	O	O	O	

...	O	O	O	O	
—	O	O	O	O	
No	O	O	O	O	
.	O	O	O	O	

Vi	O	O	O	O	
farò	O	O	O	O	
vedere	O	O	O	O	
la	O	O	O	O	
cartolina	O	O	O	O	
.	O	O	O	O	

Adesso	O	O	O	O	
la	O	O	O	O	
Fanfan	B-PER	O	O	O	
vuol	O	O	O	O	
andare	O	O	O	O	
in	O	O	O	O	
Italia	B-GPE	O	O	O	
a	O	O	O	O	
studiare	O	O	O	O	
.	O	O	O	O	

Vuol	O	O	O	O	
far	O	O	O	O	
carriera	O	O	O	O	
.	O	O	O	O	

Vuol	O	O	O	O	
arrivare	O	O	O	O	
alla	O	O	O	O	
Scala	O	B-FAC	O	O	
di	O	I-FAC	O	O	
Milano	B-GPE	I-FAC	O	O	
!	O	O	O	O	

Ha	O	O	O	O	
però	O	O	O	O	
,	O	O	O	O	
di	O	O	O	O	
buono	O	O	O	O	
,	O	O	O	O	
che	O	O	O	O	
è	O	O	O	O	
tisica	O	O	O	O	
.	O	O	O	O	

Per	O	O	O	O	
questo	O	O	O	O	
i	B-PER	O	O	O	
Moncavallo	I-PER	O	O	O	
,	O	O	O	O	
vivono	O	O	O	O	
in	O	O	O	O	
speranze	O	O	O	O	
e	O	O	O	O	
intanto	O	O	O	O	
...	O	O	O	O	
—	O	O	O	O	
pazienza	O	O	O	O	
e	O	O	O	O	
tutti	O	O	O	O	
cito	O	O	O	O	
—	O	O	O	O	
come	O	O	O	O	
dicevano	O	O	O	O	
a	O	O	O	O	
Villa	B-FAC	O	O	O	
d	I-FAC	O	O	O	
'	I-FAC	O	O	O	
Este	I-FAC	O	O	O	
!	O	O	O	O	

Suonano	O	O	O	O	
le	O	O	O	O	
dieci	O	O	O	O	
,	O	O	O	O	
l	O	O	O	O	
'	O	O	O	O	
ora	O	O	O	O	
della	O	O	O	O	
posta	O	O	O	O	
.	O	O	O	O	

Missis	B-PER	O	O	O	
Eyre	I-PER	O	O	O	
si	O	O	O	O	
alza	O	O	O	O	
:	O	O	O	O	
deve	O	O	O	O	
andare	O	O	O	O	
per	O	O	O	O	
essere	O	O	O	O	
la	O	O	O	O	
prima	O	O	O	O	
ad	O	O	O	O	
impadronirsi	O	O	O	O	
del	O	O	O	O	
Times	O	O	O	O	
.	O	O	O	O	

—	O	O	O	O	
E	O	O	O	O	
la	B-PER	O	O	O	
carovana	I-PER	O	O	O	
della	I-PER	O	O	O	
servitù	I-PER	O	O	O	
?	O	O	O	O	

Avrete	O	O	O	O	
posto	O	O	O	O	
per	O	O	O	O	
tutti	B-PER	O	O	O	
,	O	O	O	O	
al	O	O	O	O	
quarto	B-FAC	O	O	O	
piano	I-FAC	O	O	O	
?	O	O	O	O	

L	B-PER	O	O	O	
'	I-PER	O	O	O	
albergatore	I-PER	O	O	O	
capisce	O	O	O	O	
l	O	O	O	O	
'	O	O	O	O	
antifona	O	O	O	O	
,	O	O	O	O	
ma	O	O	O	O	
non	O	O	O	O	
si	O	O	O	O	
sgomenta	O	O	O	O	
.	O	O	O	O	

—	O	O	O	O	
All	O	O	O	O	
'	O	O	O	O	
occorrenza	O	O	O	O	
ci	O	O	O	O	
sono	O	O	O	O	
molte	B-FAC	O	O	O	
camere	I-FAC	O	O	O	
libere	I-FAC	O	O	O	
anche	O	O	O	O	
al	O	O	O	O	
terzo	O	O	O	O	
!	O	O	O	O	

Ecco	O	O	O	O	
!	O	O	O	O	

Proprio	O	O	O	O	
vero	O	O	O	O	
!	O	O	O	O	

Quell	B-PER	O	O	O	
'	I-PER	O	O	O	
oste	I-PER	O	O	O	
esoso	I-PER	O	O	O	
e	I-PER	O	O	O	
spilorcio	I-PER	O	O	O	
,	O	O	O	O	
non	O	O	O	O	
ha	O	O	O	O	
nessun	O	O	O	O	
ritegno	O	O	O	O	
!	O	O	O	O	

—	O	O	O	O	
Spero	O	O	O	O	
bene	O	O	O	O	
,	O	O	O	O	
che	O	O	O	O	
in	O	O	O	O	
questo	O	O	O	O	
caso	O	O	O	O	
,	O	O	O	O	
ci	O	O	O	O	
saranno	O	O	O	O	
ordini	O	O	O	O	
severissimi	O	O	O	O	
.	O	O	O	O	

Niente	O	O	O	O	
chiasso	O	O	O	O	
nel	O	O	O	O	
corridoio	B-FAC	O	O	O	
!	O	O	O	O	

—	O	O	O	O	
Non	O	O	O	O	
dubiti	O	O	O	O	
.	O	O	O	O	

—	O	O	O	O	
Proibitissimo	O	O	O	O	
alla	O	O	O	O	
mattina	O	O	O	O	
di	O	O	O	O	
pulire	O	O	O	O	
i	O	O	O	O	
panni	O	O	O	O	
e	O	O	O	O	
alla	O	O	O	O	
sera	O	O	O	O	
di	O	O	O	O	
farvi	O	O	O	O	
conversazione	O	O	O	O	
!	O	O	O	O	

Siamo	O	O	O	O	
intesi	O	O	O	O	
.	O	O	O	O	

—	O	O	O	O	
Non	O	O	O	O	
dubiti	O	O	O	O	
.	O	O	O	O	

L	B-PER	O	O	O	
'	I-PER	O	O	O	
aristocratica	I-PER	O	O	O	
missis	I-PER	O	O	O	
non	O	O	O	O	
è	O	O	O	O	
tranquilla	O	O	O	O	
.	O	O	O	O	

Si	O	O	O	O	
avvia	O	O	O	O	
verso	O	O	O	O	
l	O	O	O	O	
'	O	O	O	O	
uscio	O	O	O	O	
con	O	O	O	O	
le	O	O	O	O	
ciglia	O	O	O	O	
aggrottate	O	O	O	O	
,	O	O	O	O	
poi	O	O	O	O	
si	O	O	O	O	
ferma	O	O	O	O	
e	O	O	O	O	
si	O	O	O	O	
volta	O	O	O	O	
dura	O	O	O	O	
,	O	O	O	O	
diritta	O	O	O	O	
,	O	O	O	O	
come	O	O	O	O	
un	O	O	O	O	
palo	O	O	O	O	
.	O	O	O	O	

—	O	O	O	O	
Oggi	O	O	O	O	
è	O	O	O	O	
giovedì	O	O	O	O	
?	O	O	O	O	

—	O	O	O	O	
Oggi	O	O	O	O	
...	O	O	O	O	
è	O	O	O	O	
giovedì	O	O	O	O	
.	O	O	O	O	

—	O	O	O	O	
Favoritemi	O	O	O	O	
carta	O	O	O	O	
e	O	O	O	O	
busta	O	O	O	O	
.	O	O	O	O	

—	O	O	O	O	
A	O	O	O	O	
lei	O	O	O	O	
!	O	O	O	O	

—	O	O	O	O	
Vado	O	O	O	O	
a	O	O	O	O	
scrivere	O	O	O	O	
al	O	O	O	O	
colonnello	B-PER	O	O	O	
,	O	O	O	O	
a	O	O	O	O	
mio	B-PER	O	O	O	
marito	I-PER	O	O	O	
.	O	O	O	O	

La	O	O	O	O	
lettera	O	O	O	O	
impostata	O	O	O	O	
il	O	O	O	O	
giovedì	O	O	O	O	
,	O	O	O	O	
trova	O	O	O	O	
le	O	O	O	O	
coincidenze	O	O	O	O	
e	O	O	O	O	
arriva	O	O	O	O	
a	O	O	O	O	
Calcutta	B-GPE	O	O	O	
in	O	O	O	O	
soli	O	O	O	O	
venti	O	O	O	O	
ciorni	O	O	O	O	
.	O	O	O	O	

Adesso	O	O	O	O	
si	O	O	O	O	
fa	O	O	O	O	
presto	O	O	O	O	
!	O	O	O	O	

Il	O	O	O	O	
colonnello	B-PER	O	O	O	
Eyre	I-PER	O	O	O	
ha	O	O	O	O	
percorsa	O	O	O	O	
tutta	O	O	O	O	
la	O	O	O	O	
sua	O	O	O	O	
lunga	O	O	O	O	
carriera	O	O	O	O	
,	O	O	O	O	
rimanendo	O	O	O	O	
sempre	O	O	O	O	
alla	O	O	O	O	
distanza	O	O	O	O	
...	O	O	O	O	
di	O	O	O	O	
una	O	O	O	O	
ventina	O	O	O	O	
di	O	O	O	O	
giorni	O	O	O	O	
da	O	O	O	O	
sua	B-PER	O	O	O	
moglie	I-PER	O	O	O	
.	O	O	O	O	

