Sul	O	O	O	O	
Piazzale	B-FAC	O	O	O	
di	I-FAC	O	O	O	
Porta	I-FAC	O	O	O	
Roma	I-FAC	O	O	O	
erano	O	O	O	O	
poche	B-PER	O	O	O	
persone	I-PER	O	O	O	
:	O	O	O	O	
deserta	O	O	O	O	
la	O	B-LOC	O	O	
via	O	I-LOC	O	O	
del	O	I-LOC	O	O	
laboratorio	B-FAC	I-LOC	O	O	
pirotecnico	I-FAC	I-LOC	O	O	
,	O	O	O	O	
deserta	O	O	O	O	
l	O	O	O	O	
'	O	O	O	O	
altra	O	O	O	O	
di	O	O	O	O	
faccia	O	O	O	O	
ad	O	O	O	O	
essa	O	O	O	O	
,	O	O	O	O	
ove	O	O	O	O	
,	O	O	O	O	
in	O	O	O	O	
sul	O	O	O	O	
principio	O	O	O	O	
,	O	O	O	O	
è	O	O	O	O	
la	B-FAC	O	O	O	
semplice	I-FAC	O	O	O	
e	I-FAC	O	O	O	
nuda	I-FAC	O	O	O	
fabbrica	I-FAC	O	O	O	
dell	I-FAC	O	O	O	
'	I-FAC	O	O	O	
Arcivescovado	I-FAC	O	O	O	
e	O	O	O	O	
seguono	O	O	O	O	
appresso	O	O	O	O	
altre	B-FAC	O	O	O	
fabbriche	I-FAC	O	O	O	
basse	I-FAC	O	O	O	
e	O	O	O	O	
si	O	O	O	O	
arriva	O	O	O	O	
finalmente	O	O	O	O	
alla	O	O	O	O	
Riviera	B-LOC	O	O	O	
Casilina	I-LOC	O	O	O	
,	O	O	O	O	
incoronata	O	O	O	O	
da	O	O	O	O	
una	B-FAC	O	O	O	
fila	I-FAC	O	O	O	
di	I-FAC	O	O	O	
case	I-FAC	O	O	O	
.	O	O	O	O	

L	O	O	O	O	
'	O	O	O	O	
ora	O	O	O	O	
del	O	O	O	O	
tramonto	O	O	O	O	
avanzava	O	O	O	O	
.	O	O	O	O	

Un	O	O	O	O	
lume	O	O	O	O	
dorato	O	O	O	O	
che	O	O	O	O	
,	O	O	O	O	
poc	O	O	O	O	
'	O	O	O	O	
anzi	O	O	O	O	
,	O	O	O	O	
aveva	O	O	O	O	
tutto	O	O	O	O	
acceso	O	O	O	O	
,	O	O	O	O	
nel	O	O	O	O	
lontano	O	O	O	O	
,	O	O	O	O	
il	B-LOC	O	O	O	
dosso	I-LOC	O	O	O	
fuggevole	I-LOC	O	O	O	
de	I-LOC	O	O	O	
'	I-LOC	O	O	O	
Tifati	I-LOC	O	O	O	
,	O	O	O	O	
si	O	O	O	O	
raccoglieva	O	O	O	O	
in	O	O	O	O	
coda	O	O	O	O	
a	O	O	O	O	
'	O	O	O	O	
monti	B-LOC	O	O	O	
,	O	O	O	O	
laggiù	O	O	O	O	
,	O	O	O	O	
a	O	O	O	O	
manca	O	O	O	O	
,	O	O	O	O	
ove	O	O	O	O	
la	O	O	O	O	
terra	O	O	O	O	
e	O	O	O	O	
la	B-LOC	O	O	O	
collina	I-LOC	O	O	O	
s	O	O	O	O	
'	O	O	O	O	
univano	O	O	O	O	
e	O	O	O	O	
dove	O	O	O	O	
pareva	O	O	O	O	
che	O	O	O	O	
l	O	O	O	O	
'	O	O	O	O	
ultima	O	O	O	O	
arborea	O	O	O	O	
decorazione	O	O	O	O	
di	O	O	O	O	
quelle	B-LOC	O	O	O	
gobbe	I-LOC	O	O	O	
immani	I-LOC	O	O	O	
declinasse	O	O	O	O	
nell	O	O	O	O	
'	O	O	O	O	
immensa	B-LOC	O	O	O	
e	I-LOC	O	O	O	
aperta	I-LOC	O	O	O	
campagna	I-LOC	O	O	O	
,	O	O	O	O	
verso	O	O	O	O	
Roma	B-GPE	O	O	O	
lontana	O	O	O	O	
.	O	O	O	O	

Tutto	O	O	O	O	
intorno	O	O	O	O	
taceva	O	O	O	O	
di	O	O	O	O	
quel	O	O	O	O	
greve	O	O	O	O	
silenzio	O	O	O	O	
invernale	O	O	O	O	
che	O	O	O	O	
pesa	O	O	O	O	
su	O	O	O	O	
Capua	O	B-GPE	O	O	
,	O	I-GPE	O	O	
la	O	I-GPE	O	O	
triste	O	I-GPE	O	O	
città	O	I-GPE	O	O	
delle	O	I-GPE	O	O	
chiese	B-FAC	I-GPE	O	O	
e	O	I-GPE	O	O	
delle	O	I-GPE	O	O	
caserme	B-FAC	I-GPE	O	O	
.	O	O	O	O	

Sul	O	O	O	O	
ponte	O	B-FAC	O	O	
del	O	I-FAC	O	O	
Volturno	B-LOC	I-FAC	O	O	
,	O	O	O	O	
rivolte	O	O	O	O	
le	O	O	O	O	
spalle	O	O	O	O	
alla	O	O	O	O	
Riviera	B-LOC	O	O	O	
Casilina	I-LOC	O	O	O	
,	O	O	O	O	
e	O	O	O	O	
alta	O	O	O	O	
dal	O	O	O	O	
parapetto	B-FAC	O	O	O	
,	O	O	O	O	
si	O	O	O	O	
stagliava	O	O	O	O	
sul	O	O	O	O	
livido	O	O	O	O	
cielo	O	O	O	O	
la	O	O	O	O	
statua	O	O	O	O	
di	O	O	O	O	
San	B-PER	O	O	O	
Giovanni	I-PER	O	O	O	
Nepomuceno	I-PER	O	O	O	
:	O	O	O	O	
un	O	O	O	O	
braccio	O	O	O	O	
era	O	O	O	O	
steso	O	O	O	O	
al	O	O	O	O	
fiume	B-LOC	O	O	O	
e	O	O	O	O	
ne	O	O	O	O	
benediceva	O	O	O	O	
il	O	O	O	O	
queto	O	O	O	O	
cammino	O	O	O	O	
trascorrente	O	O	O	O	
lungo	O	O	O	O	
l	B-LOC	O	O	O	
'	I-LOC	O	O	O	
umide	I-LOC	O	O	O	
rive	I-LOC	O	O	O	
,	O	O	O	O	
ad	O	O	O	O	
occidente	O	O	O	O	
.	O	O	O	O	

Erano	O	O	O	O	
ancor	O	O	O	O	
vive	O	O	O	O	
,	O	O	O	O	
nel	O	O	O	O	
marmo	O	O	O	O	
barocco	O	O	O	O	
,	O	O	O	O	
la	O	O	O	O	
testa	O	O	O	O	
del	O	O	O	O	
santo	O	O	O	O	
e	O	O	O	O	
il	O	O	O	O	
busto	O	O	O	O	
suo	O	O	O	O	
quasi	O	O	O	O	
tutto	O	O	O	O	
:	O	O	O	O	
le	O	O	O	O	
parti	O	O	O	O	
inferiori	O	O	O	O	
,	O	O	O	O	
già	O	O	O	O	
investite	O	O	O	O	
dall	O	O	O	O	
'	O	O	O	O	
ombra	O	O	O	O	
,	O	O	O	O	
aveano	O	O	O	O	
apparenza	O	O	O	O	
confusa	O	O	O	O	
.	O	O	O	O	

Sotto	O	O	O	O	
la	O	O	O	O	
statua	O	O	O	O	
,	O	O	O	O	
addossati	O	O	O	O	
al	O	O	O	O	
parapetto	B-FAC	O	O	O	
,	O	O	O	O	
due	B-PER	O	O	O	
uomini	I-PER	O	O	O	
contemplavano	O	O	O	O	
il	O	O	O	O	
tramonto	O	O	O	O	
e	O	O	O	O	
,	O	O	O	O	
di	O	O	O	O	
volta	O	O	O	O	
in	O	O	O	O	
volta	O	O	O	O	
,	O	O	O	O	
accennavano	O	O	O	O	
a	O	O	O	O	
qualcosa	O	O	O	O	
lontana	O	O	O	O	
,	O	O	O	O	
in	O	O	O	O	
quel	O	O	O	O	
punto	O	O	O	O	
nota	O	O	O	O	
soltanto	O	O	O	O	
a	O	O	O	O	
'	O	O	O	O	
lor	O	O	O	O	
occhi	O	O	O	O	
o	O	O	O	O	
alla	O	O	O	O	
loro	O	O	O	O	
immaginazione	O	O	O	O	
poi	O	O	O	O	
che	O	O	O	O	
di	O	O	O	O	
faccia	O	O	O	O	
ad	O	O	O	O	
essi	O	O	O	O	
,	O	O	O	O	
oltre	O	O	O	O	
al	O	O	O	O	
ponte	B-FAC	O	O	O	
ferroviario	I-FAC	O	O	O	
,	O	O	O	O	
parallelo	O	O	O	O	
a	O	O	O	O	
questo	O	O	O	O	
su	O	O	O	O	
cui	O	O	O	O	
stavano	O	O	O	O	
e	O	O	O	O	
ch	O	O	O	O	
'	O	O	O	O	
era	O	O	O	O	
di	O	O	O	O	
remota	O	O	O	O	
origine	O	O	O	O	
romana	O	O	O	O	
,	O	O	O	O	
nulla	O	O	O	O	
pareva	O	O	O	O	
che	O	O	O	O	
turbasse	O	O	O	O	
,	O	O	O	O	
lungo	O	O	O	O	
il	B-LOC	O	O	O	
fiume	I-LOC	O	O	O	
e	O	O	O	O	
nel	O	O	O	O	
cielo	O	O	O	O	
e	O	O	O	O	
nel	O	O	O	O	
piano	B-LOC	O	O	O	
sterminato	I-LOC	O	O	O	
,	O	O	O	O	
la	O	O	O	O	
silenziosa	O	O	O	O	
agonia	O	O	O	O	
del	O	O	O	O	
giorno	O	O	O	O	
.	O	O	O	O	

A	O	O	O	O	
un	O	O	O	O	
momento	O	O	O	O	
una	O	O	O	O	
rapida	O	O	O	O	
nuvola	O	O	O	O	
si	O	O	O	O	
librò	O	O	O	O	
e	O	O	O	O	
si	O	O	O	O	
scompose	O	O	O	O	
alle	O	O	O	O	
origini	O	O	O	O	
del	O	O	O	O	
ponte	B-FAC	O	O	O	
di	I-FAC	O	O	O	
ferro	I-FAC	O	O	O	
,	O	O	O	O	
mascherate	O	O	O	O	
da	O	O	O	O	
un	B-FAC	O	O	O	
breve	I-FAC	O	O	O	
caseggiato	I-FAC	O	O	O	
e	O	O	O	O	
dai	O	O	O	O	
pioppi	O	O	O	O	
della	O	O	O	O	
sponda	B-LOC	O	O	O	
cittadina	I-LOC	O	O	O	
.	O	O	O	O	

Apparve	O	O	O	O	
un	B-VEH	O	O	O	
treno	I-VEH	O	O	O	
,	O	O	O	O	
fischiante	O	O	O	O	
,	O	O	O	O	
nero	O	O	O	O	
,	O	O	O	O	
sterminato	O	O	O	O	
,	O	O	O	O	
il	O	B-VEH	O	O	
treno	O	I-VEH	O	O	
di	O	I-VEH	O	O	
Roma	B-GPE	I-VEH	O	O	
,	O	O	O	O	
che	O	O	O	O	
per	O	O	O	O	
due	O	O	O	O	
o	O	O	O	O	
tre	O	O	O	O	
secondi	O	O	O	O	
fuggì	O	O	O	O	
su	O	O	O	O	
per	O	O	O	O	
le	O	O	O	O	
arcate	O	O	O	O	
romoreggianti	O	O	O	O	
e	O	O	O	O	
d	O	O	O	O	
'	O	O	O	O	
un	O	O	O	O	
subito	O	O	O	O	
sparve	O	O	O	O	
,	O	O	O	O	
come	O	O	O	O	
penetrando	O	O	O	O	
,	O	O	O	O	
rimpetto	O	O	O	O	
,	O	O	O	O	
nelle	O	O	O	O	
viscere	O	O	O	O	
della	O	O	O	O	
collina	B-LOC	O	O	O	
,	O	O	O	O	
all	O	O	O	O	
'	O	O	O	O	
opposta	B-LOC	O	O	O	
sponda	I-LOC	O	O	O	
del	I-LOC	O	O	O	
fiume	I-LOC	O	O	O	
.	O	O	O	O	

Rimasero	O	O	O	O	
nell	O	O	O	O	
'	O	O	O	O	
aria	O	O	O	O	
vibrante	O	O	O	O	
,	O	O	O	O	
per	O	O	O	O	
pochi	O	O	O	O	
attimi	O	O	O	O	
,	O	O	O	O	
l	O	O	O	O	
'	O	O	O	O	
eco	O	O	O	O	
lamentosa	O	O	O	O	
dell	O	O	O	O	
'	O	O	O	O	
ultimo	O	O	O	O	
grido	O	O	O	O	
della	O	O	O	O	
macchina	B-VEH	O	O	O	
e	O	O	O	O	
un	O	O	O	O	
lieve	O	O	O	O	
fumo	O	O	O	O	
diffuso	O	O	O	O	
,	O	O	O	O	
che	O	O	O	O	
subito	O	O	O	O	
si	O	O	O	O	
sciolse	O	O	O	O	
.	O	O	O	O	

Allora	O	O	O	O	
i	B-PER	O	O	O	
due	I-PER	O	O	O	
uomini	I-PER	O	O	O	
si	O	O	O	O	
staccarono	O	O	O	O	
dal	O	O	O	O	
parapetto	B-FAC	O	O	O	
e	O	O	O	O	
parlando	O	O	O	O	
piano	O	O	O	O	
,	O	O	O	O	
con	O	O	O	O	
le	O	O	O	O	
mani	O	O	O	O	
in	O	O	O	O	
saccoccia	O	O	O	O	
,	O	O	O	O	
col	O	O	O	O	
capo	O	O	O	O	
basso	O	O	O	O	
,	O	O	O	O	
scesero	O	O	O	O	
lentamente	O	O	O	O	
dal	O	O	O	O	
ponte	O	B-FAC	O	O	
nella	O	I-FAC	O	O	
piazza	B-FAC	I-FAC	O	O	
.	O	O	O	O	

Alle	O	O	O	O	
spalle	O	O	O	O	
loro	O	O	O	O	
cominciava	O	O	O	O	
a	O	O	O	O	
nereggiare	O	O	O	O	
la	O	B-FAC	O	O	
torre	O	I-FAC	O	O	
del	O	I-FAC	O	O	
ponte	B-FAC	I-FAC	O	O	
;	O	O	O	O	
la	O	O	O	O	
scaletta	O	O	O	O	
che	O	O	O	O	
va	O	O	O	O	
fino	O	O	O	O	
al	O	O	O	O	
sommo	O	O	O	O	
di	O	O	O	O	
essa	O	O	O	O	
appena	O	O	O	O	
s	O	O	O	O	
'	O	O	O	O	
intravedeva	O	O	O	O	
.	O	O	O	O	

Ma	O	O	O	O	
un	O	O	O	O	
lume	O	O	O	O	
brillò	O	O	O	O	
a	O	O	O	O	
un	O	O	O	O	
tratto	O	O	O	O	
in	O	O	O	O	
cima	O	O	O	O	
ad	O	O	O	O	
un	O	O	O	O	
palo	O	O	O	O	
forcuto	O	O	O	O	
,	O	O	O	O	
piantato	O	O	O	O	
sul	O	O	O	O	
parapetto	B-FAC	O	O	O	
destro	I-FAC	O	O	O	
ove	O	O	O	O	
esso	O	O	O	O	
quasi	O	O	O	O	
s	O	O	O	O	
'	O	O	O	O	
univa	O	O	O	O	
alle	O	O	O	O	
mura	B-FAC	O	O	O	
della	I-FAC	O	O	O	
torre	I-FAC	O	O	O	
;	O	O	O	O	
e	O	O	O	O	
allora	O	O	O	O	
gli	O	O	O	O	
ultimi	O	O	O	O	
gradini	O	O	O	O	
biancheggiarono	O	O	O	O	
,	O	O	O	O	
mentre	O	O	O	O	
il	B-PER	O	O	O	
soldato	I-PER	O	O	O	
che	O	O	O	O	
aveva	O	O	O	O	
acceso	O	O	O	O	
il	O	O	O	O	
lume	O	O	O	O	
scivolava	O	O	O	O	
lungo	O	O	O	O	
il	O	O	O	O	
palo	O	O	O	O	
e	O	O	O	O	
il	B-FAC	O	O	O	
parapetto	I-FAC	O	O	O	
a	O	O	O	O	
terra	O	O	O	O	
e	O	O	O	O	
scompariva	O	O	O	O	
sotto	O	O	O	O	
l	B-FAC	O	O	O	
'	I-FAC	O	O	O	
androne	I-FAC	O	O	O	
abbuiato	I-FAC	O	O	O	
,	O	O	O	O	
la	O	O	O	O	
cui	O	O	O	O	
sonorità	O	O	O	O	
fu	O	O	O	O	
brevemente	O	O	O	O	
risvegliata	O	O	O	O	
da	O	O	O	O	
un	O	O	O	O	
acuto	O	O	O	O	
zufolio	O	O	O	O	
,	O	O	O	O	
che	O	O	O	O	
cessò	O	O	O	O	
pur	O	O	O	O	
subito	O	O	O	O	
.	O	O	O	O	

Tornò	O	O	O	O	
,	O	O	O	O	
alto	O	O	O	O	
,	O	O	O	O	
il	O	O	O	O	
silenzio	O	O	O	O	
,	O	O	O	O	
e	O	O	O	O	
il	B-FAC	O	O	O	
vecchio	I-FAC	O	O	O	
ponte	I-FAC	O	O	O	
rimase	O	O	O	O	
deserto	O	O	O	O	
affatto	O	O	O	O	
.	O	O	O	O	

Chi	O	O	O	O	
si	O	O	O	O	
fosse	O	O	O	O	
in	O	O	O	O	
quell	O	O	O	O	
'	O	O	O	O	
ora	O	O	O	O	
,	O	O	O	O	
arrivando	O	O	O	O	
dal	O	O	O	O	
Corso	B-LOC	O	O	O	
Appio	I-LOC	O	O	O	
soffermato	O	O	O	O	
sul	O	O	O	O	
Piazzale	B-FAC	O	O	O	
di	I-FAC	O	O	O	
Porta	I-FAC	O	O	O	
Roma	I-FAC	O	O	O	
avrebbe	O	O	O	O	
potuto	O	O	O	O	
cogliere	O	O	O	O	
nel	O	O	O	O	
suo	O	O	O	O	
più	O	O	O	O	
penetrante	O	O	O	O	
momento	O	O	O	O	
lo	O	O	O	O	
spettacolo	O	O	O	O	
della	O	O	O	O	
caduta	O	O	O	O	
del	O	O	O	O	
giorno	O	O	O	O	
.	O	O	O	O	

Erano	O	O	O	O	
le	O	O	O	O	
cose	O	O	O	O	
più	O	O	O	O	
vicine	O	O	O	O	
allo	O	O	O	O	
sguardo	O	O	O	O	
il	B-LOC	O	O	O	
fiume	I-LOC	O	O	O	
,	O	O	O	O	
il	B-FAC	O	O	O	
ponte	I-FAC	O	O	O	
antico	I-FAC	O	O	O	
,	O	O	O	O	
le	B-LOC	O	O	O	
rive	I-LOC	O	O	O	
scure	I-LOC	O	O	O	
e	O	O	O	O	
la	B-FAC	O	O	O	
torre	I-FAC	O	O	O	
che	O	O	O	O	
terminava	O	O	O	O	
il	O	O	O	O	
passo	O	O	O	O	
del	O	O	O	O	
ponte	B-FAC	O	O	O	
:	O	O	O	O	
di	O	O	O	O	
là	O	O	O	O	
dalla	O	O	O	O	
riva	B-LOC	O	O	O	
superiore	I-LOC	O	O	O	
erano	O	O	O	O	
campagne	B-LOC	O	O	O	
invisibili	I-LOC	O	O	O	
,	I-LOC	O	O	O	
nascoste	I-LOC	O	O	O	
,	O	O	O	O	
e	O	O	O	O	
più	O	O	O	O	
in	O	O	O	O	
là	O	O	O	O	
finalmente	O	O	O	O	
stavano	O	O	O	O	
i	B-LOC	O	O	O	
monti	I-LOC	O	O	O	
,	O	O	O	O	
con	O	O	O	O	
interrotto	O	O	O	O	
disegno	O	O	O	O	
,	O	O	O	O	
coloriti	O	O	O	O	
d	O	O	O	O	
'	O	O	O	O	
un	O	O	O	O	
verde	O	O	O	O	
ancor	O	O	O	O	
tenero	O	O	O	O	
.	O	O	O	O	

Un	O	O	O	O	
roseo	O	O	O	O	
lume	O	O	O	O	
persisteva	O	O	O	O	
ov	O	O	O	O	
'	O	O	O	O	
essi	O	O	O	O	
inclinavano	O	O	O	O	
al	O	O	O	O	
piano	O	O	O	O	
:	O	O	O	O	
qui	O	O	O	O	
l	O	O	O	O	
'	O	O	O	O	
ultima	O	O	O	O	
fiamma	O	O	O	O	
del	O	O	O	O	
sole	O	O	O	O	
v	O	O	O	O	
'	O	O	O	O	
accendeva	O	O	O	O	
le	B-LOC	O	O	O	
cime	I-LOC	O	O	O	
d	I-LOC	O	O	O	
'	I-LOC	O	O	O	
un	I-LOC	O	O	O	
bosco	I-LOC	O	O	O	
.	O	O	O	O	

Ma	O	O	O	O	
sotto	O	O	O	O	
quel	O	O	O	O	
dolce	O	O	O	O	
fuoco	O	O	O	O	
il	B-LOC	O	O	O	
fiume	I-LOC	O	O	O	
,	O	O	O	O	
lento	O	O	O	O	
,	O	O	O	O	
quasi	O	O	O	O	
immoto	O	O	O	O	
in	O	O	O	O	
quel	O	O	O	O	
punto	O	O	O	O	
,	O	O	O	O	
non	O	O	O	O	
se	O	O	O	O	
ne	O	O	O	O	
colorava	O	O	O	O	
.	O	O	O	O	

Rispecchiava	O	O	O	O	
,	O	O	O	O	
invece	O	O	O	O	
,	O	O	O	O	
la	B-LOC	O	O	O	
verde	I-LOC	O	O	O	
e	I-LOC	O	O	O	
soprastante	I-LOC	O	O	O	
collina	I-LOC	O	O	O	
e	O	O	O	O	
le	O	O	O	O	
acque	O	O	O	O	
luccicavano	O	O	O	O	
verdeggiando	O	O	O	O	
,	O	O	O	O	
immobili	O	O	O	O	
come	O	O	O	O	
quelle	O	O	O	O	
d	O	O	O	O	
'	O	O	O	O	
un	B-LOC	O	O	O	
lago	I-LOC	O	O	O	
percosso	I-LOC	O	O	O	
dal	I-LOC	O	O	O	
mite	I-LOC	O	O	O	
chiarore	I-LOC	O	O	O	
della	I-LOC	O	O	O	
luna	I-LOC	O	O	O	
.	O	O	O	O	

Il	B-FAC	O	O	O	
ponte	I-FAC	O	O	O	
di	I-FAC	O	O	O	
ferro	I-FAC	O	O	O	
,	I-FAC	O	O	O	
nero	I-FAC	O	O	O	
e	I-FAC	O	O	O	
tagliente	I-FAC	O	O	O	
,	O	O	O	O	
correva	O	O	O	O	
su	O	O	O	O	
quell	O	O	O	O	
'	O	O	O	O	
acque	O	O	O	O	
.	O	O	O	O	

E	O	O	O	O	
sul	O	O	O	O	
ponte	B-FAC	O	O	O	
,	O	O	O	O	
e	O	O	O	O	
sul	O	O	O	O	
fiume	B-LOC	O	O	O	
e	O	O	O	O	
sul	O	O	O	O	
tramonto	O	O	O	O	
era	O	O	O	O	
un	O	O	O	O	
cielo	O	O	O	O	
minaccioso	O	O	O	O	
:	O	O	O	O	
alcune	O	O	O	O	
nuvole	O	O	O	O	
basse	O	O	O	O	
vi	O	O	O	O	
si	O	O	O	O	
rincorrevano	O	O	O	O	
,	O	O	O	O	
si	O	O	O	O	
gonfiavano	O	O	O	O	
a	O	O	O	O	
mano	O	O	O	O	
a	O	O	O	O	
mano	O	O	O	O	
,	O	O	O	O	
s	O	O	O	O	
'	O	O	O	O	
aggrovigliavano	O	O	O	O	
:	O	O	O	O	
le	O	O	O	O	
lor	O	O	O	O	
creste	O	O	O	O	
mobili	O	O	O	O	
e	O	O	O	O	
serpentine	O	O	O	O	
lambivano	O	O	O	O	
nell	O	O	O	O	
'	O	O	O	O	
alto	O	O	O	O	
una	O	O	O	O	
sottile	O	O	O	O	
fascia	O	O	O	O	
di	O	O	O	O	
cielo	O	O	O	O	
rimasta	O	O	O	O	
pallida	O	O	O	O	
e	O	O	O	O	
pura	O	O	O	O	
,	O	O	O	O	
e	O	O	O	O	
lentamente	O	O	O	O	
la	O	O	O	O	
conquistavano	O	O	O	O	
.	O	O	O	O	

Fra	O	O	O	O	
tanto	O	O	O	O	
,	O	O	O	O	
come	O	O	O	O	
generata	O	O	O	O	
dalla	O	O	O	O	
lontana	B-LOC	O	O	O	
e	I-LOC	O	O	O	
invisibile	I-LOC	O	O	O	
campagna	I-LOC	O	O	O	
,	O	O	O	O	
una	O	O	O	O	
massa	O	O	O	O	
vaporosa	O	O	O	O	
,	O	O	O	O	
grigiastra	O	O	O	O	
e	O	O	O	O	
fitta	O	O	O	O	
,	O	O	O	O	
assorgeva	O	O	O	O	
rapidamente	O	O	O	O	
all	O	O	O	O	
'	O	O	O	O	
orizzonte	O	O	O	O	
:	O	O	O	O	
era	O	O	O	O	
come	O	O	O	O	
una	O	O	O	O	
uguale	O	O	O	O	
cortina	O	O	O	O	
di	O	O	O	O	
fumo	O	O	O	O	
che	O	O	O	O	
si	O	O	O	O	
levasse	O	O	O	O	
da	O	O	O	O	
terra	O	O	O	O	
e	O	O	O	O	
cercasse	O	O	O	O	
di	O	O	O	O	
raggiungere	O	O	O	O	
,	O	O	O	O	
progredendo	O	O	O	O	
,	O	O	O	O	
le	O	O	O	O	
nuvole	O	O	O	O	
sparse	O	O	O	O	
più	O	O	O	O	
in	O	O	O	O	
alto	O	O	O	O	
.	O	O	O	O	

Difatti	O	O	O	O	
le	O	O	O	O	
investì	O	O	O	O	
a	O	O	O	O	
un	O	O	O	O	
tratto	O	O	O	O	
e	O	O	O	O	
con	O	O	O	O	
quelle	O	O	O	O	
si	O	O	O	O	
confuse	O	O	O	O	
e	O	O	O	O	
si	O	O	O	O	
allargò	O	O	O	O	
.	O	O	O	O	

Nel	O	O	O	O	
medesimo	O	O	O	O	
tempo	O	O	O	O	
fu	O	O	O	O	
un	O	O	O	O	
borbottio	O	O	O	O	
dietro	O	O	O	O	
la	O	O	O	O	
cortina	O	O	O	O	
,	O	O	O	O	
un	O	O	O	O	
rombo	O	O	O	O	
lieve	O	O	O	O	
e	O	O	O	O	
trascorrente	O	O	O	O	
,	O	O	O	O	
che	O	O	O	O	
per	O	O	O	O	
poco	O	O	O	O	
parlò	O	O	O	O	
pur	O	O	O	O	
al	O	O	O	O	
dosso	B-LOC	O	O	O	
dei	I-LOC	O	O	O	
monti	I-LOC	O	O	O	
con	O	O	O	O	
più	O	O	O	O	
debole	O	O	O	O	
voce	O	O	O	O	
,	O	O	O	O	
e	O	O	O	O	
quivi	O	O	O	O	
si	O	O	O	O	
spense	O	O	O	O	
.	O	O	O	O	

Ora	O	O	O	O	
il	O	O	O	O	
cielo	O	O	O	O	
s	O	O	O	O	
'	O	O	O	O	
era	O	O	O	O	
tutto	O	O	O	O	
oscurato	O	O	O	O	
.	O	O	O	O	

Tuttavia	O	O	O	O	
durava	O	O	O	O	
ancora	O	O	O	O	
in	O	O	O	O	
coda	O	O	O	O	
a	O	O	O	O	
'	O	O	O	O	
Tifati	B-LOC	O	O	O	
,	O	O	O	O	
il	O	O	O	O	
lume	O	O	O	O	
del	O	O	O	O	
sole	O	O	O	O	
:	O	O	O	O	
la	O	O	O	O	
rosea	O	O	O	O	
fiamma	O	O	O	O	
,	O	O	O	O	
diminuita	O	O	O	O	
ma	O	O	O	O	
viva	O	O	O	O	
,	O	O	O	O	
ardeva	O	O	O	O	
ancora	O	O	O	O	
in	O	O	O	O	
quel	O	O	O	O	
punto	O	O	O	O	
.	O	O	O	O	

Un	O	O	O	O	
'	O	O	O	O	
ombra	O	O	O	O	
scivolò	O	O	O	O	
rapidamente	O	O	O	O	
sotto	O	O	O	O	
il	B-FAC	O	O	O	
muro	I-FAC	O	O	O	
dell	I-FAC	O	O	O	
'	I-FAC	O	O	O	
Arcivescovado	I-FAC	O	O	O	
e	O	O	O	O	
,	O	O	O	O	
a	O	O	O	O	
un	O	O	O	O	
tratto	O	O	O	O	
,	O	O	O	O	
se	O	O	O	O	
ne	O	O	O	O	
spiccò	O	O	O	O	
e	O	O	O	O	
prese	O	O	O	O	
forma	O	O	O	O	
,	O	O	O	O	
dirizzandosi	O	O	O	O	
al	O	O	O	O	
Ponte	B-FAC	O	O	O	
d	I-FAC	O	O	O	
'	I-FAC	O	O	O	
Annibale	I-FAC	O	O	O	
.	O	O	O	O	

Una	B-PER	O	O	O	
donna	I-PER	O	O	O	
.	O	O	O	O	

E	O	O	O	O	
pareva	O	O	O	O	
giovane	O	O	O	O	
,	O	O	O	O	
dal	O	O	O	O	
facile	O	O	O	O	
moto	O	O	O	O	
,	O	O	O	O	
e	O	O	O	O	
dal	O	O	O	O	
disegno	O	O	O	O	
della	O	O	O	O	
persona	O	O	O	O	
e	O	O	O	O	
dall	O	O	O	O	
'	O	O	O	O	
incesso	O	O	O	O	
.	O	O	O	O	

Pareva	O	O	O	O	
,	O	O	O	O	
da	O	O	O	O	
che	O	O	O	O	
le	O	O	O	O	
pieghe	O	O	O	O	
di	O	O	O	O	
uno	O	O	O	O	
scialle	O	O	O	O	
scuro	O	O	O	O	
,	O	O	O	O	
che	O	O	O	O	
dalla	O	O	O	O	
testa	O	O	O	O	
le	O	O	O	O	
ricascava	O	O	O	O	
sulle	O	O	O	O	
spalle	O	O	O	O	
e	O	O	O	O	
sul	O	O	O	O	
petto	O	O	O	O	
,	O	O	O	O	
le	O	O	O	O	
ombreggiavano	O	O	O	O	
tutta	O	O	O	O	
la	O	O	O	O	
faccia	O	O	O	O	
.	O	O	O	O	

L	O	O	O	O	
'	O	O	O	O	
ora	O	O	O	O	
già	O	O	O	O	
tarda	O	O	O	O	
raddoppiava	O	O	O	O	
il	O	O	O	O	
pallido	O	O	O	O	
mistero	O	O	O	O	
di	O	O	O	O	
quel	O	O	O	O	
volto	O	O	O	O	
,	O	O	O	O	
biancheggiante	O	O	O	O	
,	O	O	O	O	
con	O	O	O	O	
apparenza	O	O	O	O	
indefinibile	O	O	O	O	
,	O	O	O	O	
tra	O	O	O	O	
lo	O	O	O	O	
sparato	O	O	O	O	
del	O	O	O	O	
panno	O	O	O	O	
.	O	O	O	O	

Tuttavia	O	O	O	O	
,	O	O	O	O	
com	O	O	O	O	
'	O	O	O	O	
ella	O	O	O	O	
,	O	O	O	O	
per	O	O	O	O	
un	O	O	O	O	
momento	O	O	O	O	
,	O	O	O	O	
quasi	O	O	O	O	
irresoluta	O	O	O	O	
,	O	O	O	O	
s	O	O	O	O	
'	O	O	O	O	
arrestava	O	O	O	O	
nel	O	O	O	O	
piazzale	B-FAC	O	O	O	
,	O	O	O	O	
un	B-PER	O	O	O	
fanciullo	I-PER	O	O	O	
la	O	O	O	O	
riconobbe	O	O	O	O	
e	O	O	O	O	
le	O	O	O	O	
si	O	O	O	O	
fece	O	O	O	O	
da	O	O	O	O	
presso	O	O	O	O	
.	O	O	O	O	

Il	B-PER	O	O	O	
fanciullo	I-PER	O	O	O	
veniva	O	O	O	O	
dal	O	O	O	O	
Corso	B-LOC	O	O	O	
Appio	I-LOC	O	O	O	
e	O	O	O	O	
andava	O	O	O	O	
verso	O	O	O	O	
Riva	B-LOC	O	O	O	
Casilina	I-LOC	O	O	O	
:	O	O	O	O	
portava	O	O	O	O	
la	O	O	O	O	
cartella	O	O	O	O	
dei	O	O	O	O	
suoi	O	O	O	O	
libri	O	O	O	O	
attaccata	O	O	O	O	
al	O	O	O	O	
dosso	O	O	O	O	
con	O	O	O	O	
due	O	O	O	O	
brevi	O	O	O	O	
corregge	O	O	O	O	
che	O	O	O	O	
passavano	O	O	O	O	
sotto	O	O	O	O	
le	O	O	O	O	
scapule	O	O	O	O	
e	O	O	O	O	
in	O	O	O	O	
una	O	O	O	O	
mano	O	O	O	O	
aveva	O	O	O	O	
una	O	O	O	O	
riga	O	O	O	O	
di	O	O	O	O	
legno	O	O	O	O	
con	O	O	O	O	
la	O	O	O	O	
quale	O	O	O	O	
,	O	O	O	O	
camminando	O	O	O	O	
e	O	O	O	O	
zufolando	O	O	O	O	
,	O	O	O	O	
egli	O	O	O	O	
si	O	O	O	O	
percoteva	O	O	O	O	
la	O	O	O	O	
coscia	O	O	O	O	
.	O	O	O	O	

—	O	O	O	O	
Letizia	B-PER	O	O	O	
!	O	O	O	O	

—	O	O	O	O	
esclamò	O	O	O	O	
.	O	O	O	O	

E	O	O	O	O	
ristette	O	O	O	O	
davanti	O	O	O	O	
alla	O	O	O	O	
donna	B-PER	O	O	O	
,	O	O	O	O	
interrogandola	O	O	O	O	
con	O	O	O	O	
gli	O	O	O	O	
azzurri	O	O	O	O	
occhi	O	O	O	O	
contenti	O	O	O	O	
,	O	O	O	O	
pieni	O	O	O	O	
di	O	O	O	O	
candido	O	O	O	O	
e	O	O	O	O	
inconscio	O	O	O	O	
riso	O	O	O	O	
infantile	O	O	O	O	
.	O	O	O	O	

La	B-PER	O	O	O	
donna	I-PER	O	O	O	
,	O	O	O	O	
sorpresa	O	O	O	O	
,	O	O	O	O	
si	O	O	O	O	
trasse	O	O	O	O	
addietro	O	O	O	O	
e	O	O	O	O	
si	O	O	O	O	
guardò	O	O	O	O	
attorno	O	O	O	O	
.	O	O	O	O	

Altri	O	O	O	O	
non	O	O	O	O	
era	O	O	O	O	
sul	O	O	O	O	
piazzale	B-FAC	O	O	O	
in	O	O	O	O	
fuori	O	O	O	O	
di	O	O	O	O	
lei	O	O	O	O	
e	O	O	O	O	
dello	O	O	O	O	
scolaretto	B-PER	O	O	O	
;	O	O	O	O	
le	O	O	O	O	
lor	O	O	O	O	
due	O	O	O	O	
figure	O	O	O	O	
nere	O	O	O	O	
,	O	O	O	O	
vicine	O	O	O	O	
,	O	O	O	O	
differenti	O	O	O	O	
segnavano	O	O	O	O	
,	O	O	O	O	
solitarie	O	O	O	O	
,	O	O	O	O	
la	O	O	O	O	
vastità	O	O	O	O	
della	O	O	O	O	
via	B-LOC	O	O	O	
,	O	O	O	O	
chiara	O	O	O	O	
ancora	O	O	O	O	
per	O	O	O	O	
lungo	O	O	O	O	
tratto	O	O	O	O	
e	O	O	O	O	
pulita	O	O	O	O	
.	O	O	O	O	

La	B-PER	O	O	O	
donna	I-PER	O	O	O	
tremava	O	O	O	O	
,	O	O	O	O	
borbottava	O	O	O	O	
parole	O	O	O	O	
che	O	O	O	O	
il	B-PER	O	O	O	
fanciulletto	I-PER	O	O	O	
non	O	O	O	O	
riesciva	O	O	O	O	
a	O	O	O	O	
comprendere	O	O	O	O	
.	O	O	O	O	

Lo	O	O	O	O	
guardò	O	O	O	O	
,	O	O	O	O	
a	O	O	O	O	
un	O	O	O	O	
punto	O	O	O	O	
,	O	O	O	O	
smarritamente	O	O	O	O	
,	O	O	O	O	
come	O	O	O	O	
se	O	O	O	O	
più	O	O	O	O	
non	O	O	O	O	
lo	O	O	O	O	
riconoscesse	O	O	O	O	
,	O	O	O	O	
e	O	O	O	O	
seguitò	O	O	O	O	
a	O	O	O	O	
restar	O	O	O	O	
muta	O	O	O	O	
.	O	O	O	O	

—	O	O	O	O	
Dove	O	O	O	O	
vai	O	O	O	O	
?	O	O	O	O	

—	O	O	O	O	
disse	O	O	O	O	
il	B-PER	O	O	O	
piccino	I-PER	O	O	O	
.	O	O	O	O	

E	O	O	O	O	
subito	O	O	O	O	
soggiunse	O	O	O	O	
:	O	O	O	O	
—	O	O	O	O	
Io	O	O	O	O	
vengo	O	O	O	O	
dalla	O	O	O	O	
scuola	B-FAC	O	O	O	
.	O	O	O	O	

È	O	O	O	O	
finita	O	O	O	O	
più	O	O	O	O	
tardi	O	O	O	O	
,	O	O	O	O	
oggi	O	O	O	O	
.	O	O	O	O	

Ora	O	O	O	O	
vado	O	O	O	O	
a	O	O	O	O	
casa	B-FAC	O	O	O	
.	O	O	O	O	

Ho	O	O	O	O	
i	O	O	O	O	
guanti	O	O	O	O	
:	O	O	O	O	
guarda	O	O	O	O	
.	O	O	O	O	

E	O	O	O	O	
le	O	O	O	O	
mostrò	O	O	O	O	
la	O	O	O	O	
mano	O	O	O	O	
inguantata	O	O	O	O	
,	O	O	O	O	
in	O	O	O	O	
cui	O	O	O	O	
serrava	O	O	O	O	
il	O	O	O	O	
quadrello	O	O	O	O	
.	O	O	O	O	

L	O	O	O	O	
'	O	O	O	O	
altra	O	O	O	O	
egli	O	O	O	O	
aveva	O	O	O	O	
ficcata	O	O	O	O	
nella	O	O	O	O	
saccoccia	O	O	O	O	
dei	O	O	O	O	
pantaloncini	O	O	O	O	
,	O	O	O	O	
fino	O	O	O	O	
al	O	O	O	O	
gomito	O	O	O	O	
.	O	O	O	O	

La	O	O	O	O	
cavò	O	O	O	O	
,	O	O	O	O	
lentamente	O	O	O	O	
,	O	O	O	O	
e	O	O	O	O	
la	O	O	O	O	
levò	O	O	O	O	
,	O	O	O	O	
aperta	O	O	O	O	
.	O	O	O	O	

Era	O	O	O	O	
gonfia	O	O	O	O	
e	O	O	O	O	
arrossata	O	O	O	O	
;	O	O	O	O	
l	O	O	O	O	
'	O	O	O	O	
epidermide	O	O	O	O	
,	O	O	O	O	
sul	O	O	O	O	
dosso	O	O	O	O	
,	O	O	O	O	
vi	O	O	O	O	
si	O	O	O	O	
screpolava	O	O	O	O	
e	O	O	O	O	
si	O	O	O	O	
rigava	O	O	O	O	
di	O	O	O	O	
piccoli	O	O	O	O	
solchi	O	O	O	O	
lividi	O	O	O	O	
.	O	O	O	O	

Il	B-PER	O	O	O	
piccino	I-PER	O	O	O	
la	O	O	O	O	
mostrò	O	O	O	O	
,	O	O	O	O	
lamentando	O	O	O	O	
.	O	O	O	O	

—	O	O	O	O	
Vedi	O	O	O	O	
,	O	O	O	O	
ho	O	O	O	O	
i	O	O	O	O	
geloni	O	O	O	O	
.	O	O	O	O	

Ella	O	O	O	O	
taceva	O	O	O	O	
,	O	O	O	O	
guardandolo	O	O	O	O	
.	O	O	O	O	

Non	O	O	O	O	
lo	O	O	O	O	
ascoltava	O	O	O	O	
.	O	O	O	O	

Il	B-PER	O	O	O	
piccino	I-PER	O	O	O	
non	O	O	O	O	
seppe	O	O	O	O	
dir	O	O	O	O	
altro	O	O	O	O	
e	O	O	O	O	
tornò	O	O	O	O	
a	O	O	O	O	
domandare	O	O	O	O	
:	O	O	O	O	
—	O	O	O	O	
Dove	O	O	O	O	
vai	O	O	O	O	
,	O	O	O	O	
Letizia	B-PER	O	O	O	
?	O	O	O	O	

Or	O	O	O	O	
ella	O	O	O	O	
,	O	O	O	O	
improvvisamente	O	O	O	O	
si	O	O	O	O	
chinava	O	O	O	O	
sopra	O	O	O	O	
di	O	O	O	O	
lui	O	O	O	O	
,	O	O	O	O	
gli	O	O	O	O	
gettava	O	O	O	O	
un	O	O	O	O	
braccio	O	O	O	O	
attorno	O	O	O	O	
al	O	O	O	O	
collo	O	O	O	O	
,	O	O	O	O	
si	O	O	O	O	
traeva	O	O	O	O	
addosso	O	O	O	O	
il	B-PER	O	O	O	
ragazzetto	I-PER	O	O	O	
,	I-PER	O	O	O	
obbediente	I-PER	O	O	O	
,	I-PER	O	O	O	
sorridente	I-PER	O	O	O	
ancora	O	O	O	O	
.	O	O	O	O	

E	O	O	O	O	
com	O	O	O	O	
'	O	O	O	O	
egli	O	O	O	O	
credeva	O	O	O	O	
che	O	O	O	O	
volesse	O	O	O	O	
baciarlo	O	O	O	O	
accostò	O	O	O	O	
la	O	O	O	O	
gota	O	O	O	O	
e	O	O	O	O	
atteggiò	O	O	O	O	
le	O	O	O	O	
labbra	O	O	O	O	
.	O	O	O	O	

Ella	O	O	O	O	
non	O	O	O	O	
lo	O	O	O	O	
baciò	O	O	O	O	
.	O	O	O	O	

Gli	O	O	O	O	
disse	O	O	O	O	
piano	O	O	O	O	
,	O	O	O	O	
rapidamente	O	O	O	O	
,	O	O	O	O	
guardandolo	O	O	O	O	
negli	O	O	O	O	
occhi	O	O	O	O	
:	O	O	O	O	
—	O	O	O	O	
Tu	O	O	O	O	
non	O	O	O	O	
devi	O	O	O	O	
dire	O	O	O	O	
a	O	O	O	O	
nessuno	B-PER	O	O	O	
che	O	O	O	O	
m	O	O	O	O	
'	O	O	O	O	
hai	O	O	O	O	
vista	O	O	O	O	
.	O	O	O	O	

Hai	O	O	O	O	
capito	O	O	O	O	
?	O	O	O	O	

A	O	O	O	O	
nessuno	B-PER	O	O	O	
!	O	O	O	O	

E	O	O	O	O	
l	O	O	O	O	
'	O	O	O	O	
atto	O	O	O	O	
e	O	O	O	O	
il	O	O	O	O	
suono	O	O	O	O	
della	O	O	O	O	
voce	O	O	O	O	
furono	O	O	O	O	
così	O	O	O	O	
imperativi	O	O	O	O	
che	O	O	O	O	
il	B-PER	O	O	O	
piccino	I-PER	O	O	O	
,	O	O	O	O	
istintivamente	O	O	O	O	
,	O	O	O	O	
si	O	O	O	O	
ritrasse	O	O	O	O	
e	O	O	O	O	
,	O	O	O	O	
voltando	O	O	O	O	
la	O	O	O	O	
faccia	O	O	O	O	
,	O	O	O	O	
cercò	O	O	O	O	
di	O	O	O	O	
liberarsi	O	O	O	O	
.	O	O	O	O	

Ma	O	O	O	O	
Letizia	B-PER	O	O	O	
gli	O	O	O	O	
prese	O	O	O	O	
il	O	O	O	O	
mento	O	O	O	O	
nella	O	O	O	O	
mano	O	O	O	O	
,	O	O	O	O	
costrinse	O	O	O	O	
,	O	O	O	O	
più	O	O	O	O	
dolcemente	O	O	O	O	
,	O	O	O	O	
quel	O	O	O	O	
piccolo	O	O	O	O	
volto	O	O	O	O	
quasi	O	O	O	O	
impaurito	O	O	O	O	
,	O	O	O	O	
e	O	O	O	O	
lo	O	O	O	O	
rigirò	O	O	O	O	
e	O	O	O	O	
si	O	O	O	O	
piegò	O	O	O	O	
fino	O	O	O	O	
a	O	O	O	O	
disfiorarlo	O	O	O	O	
col	O	O	O	O	
suo	O	O	O	O	
.	O	O	O	O	

Ripetette	O	O	O	O	
,	O	O	O	O	
con	O	O	O	O	
voce	O	O	O	O	
più	O	O	O	O	
bassa	O	O	O	O	
,	O	O	O	O	
con	O	O	O	O	
un	O	O	O	O	
soffio	O	O	O	O	
di	O	O	O	O	
voce	O	O	O	O	
:	O	O	O	O	
—	O	O	O	O	
A	O	O	O	O	
nessuno	B-PER	O	O	O	
!	O	O	O	O	

Dimmi	O	O	O	O	
che	O	O	O	O	
non	O	O	O	O	
lo	O	O	O	O	
dirai	O	O	O	O	
a	O	O	O	O	
nessuno	B-PER	O	O	O	
!	O	O	O	O	

Me	O	O	O	O	
lo	O	O	O	O	
prometti	O	O	O	O	
,	O	O	O	O	
Paolino	B-PER	O	O	O	
?	O	O	O	O	

Su	O	O	O	O	
,	O	O	O	O	
guardami	O	O	O	O	
,	O	O	O	O	
guarda	O	O	O	O	
Letizia	B-PER	O	O	O	
tua	O	O	O	O	
....	O	O	O	O	
...	O	O	O	O	
Me	O	O	O	O	
lo	O	O	O	O	
prometti	O	O	O	O	
?	O	O	O	O	

....	O	O	O	O	
.	O	O	O	O	

Il	B-PER	O	O	O	
piccino	I-PER	O	O	O	
balbettò	O	O	O	O	
:	O	O	O	O	
—	O	O	O	O	
Sì	O	O	O	O	
....	O	O	O	O	
.	O	O	O	O	

Non	O	O	O	O	
lo	O	O	O	O	
dico	O	O	O	O	
a	O	O	O	O	
nessuno	B-PER	O	O	O	
.	O	O	O	O	

Come	O	O	O	O	
la	B-PER	O	O	O	
donna	I-PER	O	O	O	
lo	O	O	O	O	
baciava	O	O	O	O	
forte	O	O	O	O	
sulla	O	O	O	O	
guancia	O	O	O	O	
,	O	O	O	O	
egli	O	O	O	O	
le	O	O	O	O	
mormorò	O	O	O	O	
sulla	O	O	O	O	
gelida	O	O	O	O	
gota	O	O	O	O	
:	O	O	O	O	
—	O	O	O	O	
E	O	O	O	O	
a	O	O	O	O	
mamma	B-PER	O	O	O	
tua	I-PER	O	O	O	
?	O	O	O	O	

Neppure	O	O	O	O	
?	O	O	O	O	

—	O	O	O	O	
Dio	B-PER	O	O	O	
!	O	O	O	O	

—	O	O	O	O	
fece	O	O	O	O	
Letizia	B-PER	O	O	O	
,	O	O	O	O	
inorridita	O	O	O	O	
—	O	O	O	O	
Vuoi	O	O	O	O	
dirlo	O	O	O	O	
a	O	O	O	O	
mamma	B-PER	O	O	O	
?	O	O	O	O	

—	O	O	O	O	
No	O	O	O	O	
,	O	O	O	O	
no	O	O	O	O	
!	O	O	O	O	

—	O	O	O	O	
disse	O	O	O	O	
lo	B-PER	O	O	O	
scolare	I-PER	O	O	O	
,	O	O	O	O	
raccogliendo	O	O	O	O	
il	O	O	O	O	
quadrello	O	O	O	O	
che	O	O	O	O	
gli	O	O	O	O	
era	O	O	O	O	
sfuggito	O	O	O	O	
.	O	O	O	O	

Lo	O	O	O	O	
levò	O	O	O	O	
,	O	O	O	O	
con	O	O	O	O	
la	O	O	O	O	
piccola	O	O	O	O	
mano	O	O	O	O	
inguantata	O	O	O	O	
,	O	O	O	O	
e	O	O	O	O	
promise	O	O	O	O	
,	O	O	O	O	
solenne	O	O	O	O	
:	O	O	O	O	
—	O	O	O	O	
A	O	O	O	O	
nessuno	B-PER	O	O	O	
.	O	O	O	O	

Si	O	O	O	O	
rincamminò	O	O	O	O	
a	O	O	O	O	
piccoli	O	O	O	O	
passi	O	O	O	O	
,	O	O	O	O	
serio	O	O	O	O	
.	O	O	O	O	

A	O	O	O	O	
metà	O	O	O	O	
della	O	O	O	O	
via	B-LOC	O	O	O	
la	O	O	O	O	
infantile	O	O	O	O	
sua	O	O	O	O	
curiosità	O	O	O	O	
lo	O	O	O	O	
punse	O	O	O	O	
:	O	O	O	O	
si	O	O	O	O	
volse	O	O	O	O	
.	O	O	O	O	

Letizia	B-PER	O	O	O	
moveva	O	O	O	O	
al	O	O	O	O	
ponte	B-FAC	O	O	O	
,	O	O	O	O	
dirittamente	O	O	O	O	
,	O	O	O	O	
e	O	O	O	O	
la	O	O	O	O	
sua	O	O	O	O	
figura	O	O	O	O	
nera	O	O	O	O	
si	O	O	O	O	
rilevava	O	O	O	O	
,	O	O	O	O	
con	O	O	O	O	
fine	O	O	O	O	
disegno	O	O	O	O	
,	O	O	O	O	
sul	O	O	O	O	
tramonto	O	O	O	O	
.	O	O	O	O	

Parve	O	O	O	O	
a	O	O	O	O	
un	O	O	O	O	
tratto	O	O	O	O	
,	O	O	O	O	
ch	O	O	O	O	
'	O	O	O	O	
ella	O	O	O	O	
,	O	O	O	O	
soffermata	O	O	O	O	
,	O	O	O	O	
incerta	O	O	O	O	
,	O	O	O	O	
facesse	O	O	O	O	
per	O	O	O	O	
tornare	O	O	O	O	
addietro	O	O	O	O	
.	O	O	O	O	

Subito	O	O	O	O	
lo	B-PER	O	O	O	
scolare	I-PER	O	O	O	
riprese	O	O	O	O	
la	O	O	O	O	
sua	O	O	O	O	
strada	O	O	O	O	
verso	O	O	O	O	
Riva	B-LOC	O	O	O	
Casilina	I-LOC	O	O	O	
.	O	O	O	O	

Ma	O	O	O	O	
avanti	O	O	O	O	
di	O	O	O	O	
arrivare	O	O	O	O	
a	O	O	O	O	
un	B-LOC	O	O	O	
vico	I-LOC	O	O	O	
traverso	O	O	O	O	
incontro	O	O	O	O	
al	O	O	O	O	
quale	O	O	O	O	
moveva	O	O	O	O	
,	O	O	O	O	
si	O	O	O	O	
fermò	O	O	O	O	
ancora	O	O	O	O	
una	O	O	O	O	
volta	O	O	O	O	
e	O	O	O	O	
,	O	O	O	O	
sicuro	O	O	O	O	
di	O	O	O	O	
non	O	O	O	O	
esser	O	O	O	O	
visto	O	O	O	O	
,	O	O	O	O	
allungò	O	O	O	O	
il	O	O	O	O	
collo	O	O	O	O	
,	O	O	O	O	
voltandosi	O	O	O	O	
addietro	O	O	O	O	
,	O	O	O	O	
verso	O	O	O	O	
il	B-FAC	O	O	O	
piazzale	I-FAC	O	O	O	
già	O	O	O	O	
lontano	O	O	O	O	
.	O	O	O	O	

Ora	O	O	O	O	
Letizia	B-PER	O	O	O	
,	O	O	O	O	
immobile	O	O	O	O	
,	O	O	O	O	
stava	O	O	O	O	
a	O	O	O	O	
mezzo	O	O	O	O	
il	B-FAC	O	O	O	
gran	I-FAC	O	O	O	
ponte	I-FAC	O	O	O	
,	O	O	O	O	
contro	O	O	O	O	
il	B-FAC	O	O	O	
parapetto	I-FAC	O	O	O	
.	O	O	O	O	

Il	O	O	O	O	
segno	O	O	O	O	
della	O	O	O	O	
sua	O	O	O	O	
testa	O	O	O	O	
liberata	O	O	O	O	
dallo	O	O	O	O	
scialle	O	O	O	O	
,	O	O	O	O	
del	O	O	O	O	
suo	O	O	O	O	
busto	O	O	O	O	
proteso	O	O	O	O	
,	O	O	O	O	
delle	O	O	O	O	
sue	O	O	O	O	
braccia	O	O	O	O	
,	O	O	O	O	
lungo	O	O	O	O	
le	O	O	O	O	
quali	O	O	O	O	
lo	O	O	O	O	
scialle	O	O	O	O	
ricascava	O	O	O	O	
e	O	O	O	O	
che	O	O	O	O	
s	O	O	O	O	
'	O	O	O	O	
allargavano	O	O	O	O	
,	O	O	O	O	
premendolo	O	O	O	O	
co	O	O	O	O	
'	O	O	O	O	
gomiti	O	O	O	O	
,	O	O	O	O	
sul	O	O	O	O	
parapetto	B-FAC	O	O	O	
,	O	O	O	O	
era	O	O	O	O	
evidente	O	O	O	O	
.	O	O	O	O	

Il	O	O	O	O	
fuoco	O	O	O	O	
del	O	O	O	O	
tramonto	O	O	O	O	
ella	O	O	O	O	
raggiungeva	O	O	O	O	
col	O	O	O	O	
capo	O	O	O	O	
,	O	O	O	O	
eretto	O	O	O	O	
,	O	O	O	O	
immoto	O	O	O	O	
.	O	O	O	O	

Una	O	O	O	O	
dorata	O	O	O	O	
aureola	O	O	O	O	
s	O	O	O	O	
'	O	O	O	O	
effondeva	O	O	O	O	
attorno	O	O	O	O	
a	O	O	O	O	
quel	O	O	O	O	
capo	O	O	O	O	
e	O	O	O	O	
quasi	O	O	O	O	
lo	O	O	O	O	
penetrava	O	O	O	O	
e	O	O	O	O	
lo	O	O	O	O	
immaterializzava	O	O	O	O	
;	O	O	O	O	
pareva	O	O	O	O	
che	O	O	O	O	
a	O	O	O	O	
momenti	O	O	O	O	
in	O	O	O	O	
quel	O	O	O	O	
roseo	O	O	O	O	
vapore	O	O	O	O	
esso	O	O	O	O	
fosse	O	O	O	O	
per	O	O	O	O	
dissolversi	O	O	O	O	
,	O	O	O	O	
mentre	O	O	O	O	
al	O	O	O	O	
vento	O	O	O	O	
lieve	O	O	O	O	
ed	O	O	O	O	
opposto	O	O	O	O	
una	O	O	O	O	
ciocca	O	O	O	O	
di	O	O	O	O	
capelli	O	O	O	O	
,	O	O	O	O	
volta	O	O	O	O	
a	O	O	O	O	
volta	O	O	O	O	
,	O	O	O	O	
vi	O	O	O	O	
palpitava	O	O	O	O	
e	O	O	O	O	
,	O	O	O	O	
investito	O	O	O	O	
dallo	O	O	O	O	
stesso	O	O	O	O	
vento	O	O	O	O	
,	O	O	O	O	
un	O	O	O	O	
lembo	O	O	O	O	
dello	O	O	O	O	
scialle	O	O	O	O	
sbatteva	O	O	O	O	
i	O	O	O	O	
fili	O	O	O	O	
della	O	O	O	O	
sua	O	O	O	O	
frangia	O	O	O	O	
su	O	O	O	O	
quell	O	O	O	O	
'	O	O	O	O	
incendio	O	O	O	O	
lontano	O	O	O	O	
.	O	O	O	O	

II	O	O	O	O	
.	O	O	O	O	

Due	O	O	O	O	
,	O	O	O	O	
tre	O	O	O	O	
volte	O	O	O	O	
,	O	O	O	O	
perdutamente	O	O	O	O	
.	O	O	O	O	

Letizia	B-PER	O	O	O	
s	O	O	O	O	
'	O	O	O	O	
era	O	O	O	O	
sporta	O	O	O	O	
dal	O	O	O	O	
parapetto	B-FAC	O	O	O	
sul	O	O	O	O	
fiume	B-LOC	O	O	O	
tacito	I-LOC	O	O	O	
e	I-LOC	O	O	O	
lento	I-LOC	O	O	O	
.	O	O	O	O	

Avea	O	O	O	O	
chiuso	O	O	O	O	
gli	O	O	O	O	
occhi	O	O	O	O	
,	O	O	O	O	
s	O	O	O	O	
'	O	O	O	O	
era	O	O	O	O	
allungata	O	O	O	O	
sul	O	O	O	O	
parapetto	B-FAC	O	O	O	
col	O	O	O	O	
busto	O	O	O	O	
,	O	O	O	O	
col	O	O	O	O	
ventre	O	O	O	O	
,	O	O	O	O	
lasciando	O	O	O	O	
penzolar	O	O	O	O	
le	O	O	O	O	
gambe	O	O	O	O	
dentro	O	O	O	O	
del	O	O	O	O	
ponte	B-FAC	O	O	O	
;	O	O	O	O	
e	O	O	O	O	
con	O	O	O	O	
le	O	O	O	O	
braccia	O	O	O	O	
stese	O	O	O	O	
,	O	O	O	O	
irrigidite	O	O	O	O	
quasi	O	O	O	O	
sul	O	O	O	O	
vuoto	O	O	O	O	
,	O	O	O	O	
aveva	O	O	O	O	
aspettato	O	O	O	O	
che	O	O	O	O	
una	O	O	O	O	
forza	O	O	O	O	
misteriosa	O	O	O	O	
,	O	O	O	O	
fatale	O	O	O	O	
,	O	O	O	O	
implacata	O	O	O	O	
la	O	O	O	O	
sospingesse	O	O	O	O	
d	O	O	O	O	
'	O	O	O	O	
un	O	O	O	O	
subito	O	O	O	O	
.	O	O	O	O	

Ma	O	O	O	O	
al	O	O	O	O	
senso	O	O	O	O	
pauroso	O	O	O	O	
del	O	O	O	O	
vuoto	O	O	O	O	
s	O	O	O	O	
'	O	O	O	O	
erano	O	O	O	O	
ritratte	O	O	O	O	
le	O	O	O	O	
sue	O	O	O	O	
braccia	O	O	O	O	
tremanti	O	O	O	O	
,	O	O	O	O	
gli	O	O	O	O	
occhi	O	O	O	O	
suoi	O	O	O	O	
s	O	O	O	O	
'	O	O	O	O	
erano	O	O	O	O	
aperti	O	O	O	O	
e	O	O	O	O	
subito	O	O	O	O	
chiusi	O	O	O	O	
sull	O	O	O	O	
'	O	O	O	O	
acqua	O	O	O	O	
tragica	O	O	O	O	
e	O	O	O	O	
scura	O	O	O	O	
e	O	O	O	O	
più	O	O	O	O	
greve	O	O	O	O	
,	O	O	O	O	
più	O	O	O	O	
rilassato	O	O	O	O	
era	O	O	O	O	
rimasto	O	O	O	O	
quel	O	O	O	O	
corpo	O	O	O	O	
senza	O	O	O	O	
volontà	O	O	O	O	
,	O	O	O	O	
sul	O	O	O	O	
muretto	B-FAC	O	O	O	
.	O	O	O	O	

Or	O	O	O	O	
ella	O	O	O	O	
temeva	O	O	O	O	
quasi	O	O	O	O	
di	O	O	O	O	
spiccarsene	O	O	O	O	
,	O	O	O	O	
anzi	O	O	O	O	
le	O	O	O	O	
pareva	O	O	O	O	
che	O	O	O	O	
sul	O	O	O	O	
punto	O	O	O	O	
di	O	O	O	O	
scivolarne	O	O	O	O	
a	O	O	O	O	
terra	O	O	O	O	
qualcosa	O	O	O	O	
dovesse	O	O	O	O	
risospingerla	O	O	O	O	
e	O	O	O	O	
precipitarla	O	O	O	O	
dall	O	O	O	O	
'	O	O	O	O	
alto	O	O	O	O	
.	O	O	O	O	

Rimase	O	O	O	O	
prona	O	O	O	O	
sul	O	O	O	O	
parapetto	B-FAC	O	O	O	
e	O	O	O	O	
pianamente	O	O	O	O	
riaperse	O	O	O	O	
gli	O	O	O	O	
occhi	O	O	O	O	
e	O	O	O	O	
guardò	O	O	O	O	
il	B-LOC	O	O	O	
fiume	I-LOC	O	O	O	
,	O	O	O	O	
disotto	O	O	O	O	
.	O	O	O	O	

Il	O	O	O	O	
Volturno	B-LOC	O	O	O	
trascorreva	O	O	O	O	
lento	O	O	O	O	
e	O	O	O	O	
silenzioso	O	O	O	O	
tra	O	O	O	O	
le	O	O	O	O	
quattro	O	O	O	O	
arcate	O	O	O	O	
di	O	O	O	O	
fabbrica	B-ORG	O	O	O	
imperatoria	I-ORG	O	O	O	
:	O	O	O	O	
l	O	O	O	O	
'	O	O	O	O	
acqua	O	O	O	O	
torva	O	O	O	O	
,	O	O	O	O	
pareva	O	O	O	O	
,	O	O	O	O	
a	O	O	O	O	
tratti	O	O	O	O	
,	O	O	O	O	
stagnante	O	O	O	O	
,	O	O	O	O	
così	O	O	O	O	
tardo	O	O	O	O	
era	O	O	O	O	
il	O	O	O	O	
suo	O	O	O	O	
cammino	O	O	O	O	
.	O	O	O	O	

Ma	O	O	O	O	
,	O	O	O	O	
di	O	O	O	O	
volta	O	O	O	O	
in	O	O	O	O	
volta	O	O	O	O	
,	O	O	O	O	
dei	O	O	O	O	
gorghi	O	O	O	O	
l	O	O	O	O	
'	O	O	O	O	
agitavano	O	O	O	O	
,	O	O	O	O	
e	O	O	O	O	
su	O	O	O	O	
per	O	O	O	O	
la	O	O	O	O	
giallastra	O	O	O	O	
superficie	O	O	O	O	
si	O	O	O	O	
rincorrevano	O	O	O	O	
pezzi	O	O	O	O	
di	O	O	O	O	
fradicio	O	O	O	O	
legno	O	O	O	O	
e	O	O	O	O	
batuffoli	O	O	O	O	
di	O	O	O	O	
paglia	O	O	O	O	
o	O	O	O	O	
di	O	O	O	O	
fimo	O	O	O	O	
.	O	O	O	O	

Nereggiavano	O	O	O	O	
lateralmente	O	O	O	O	
le	B-LOC	O	O	O	
rive	I-LOC	O	O	O	
,	O	O	O	O	
e	O	O	O	O	
,	O	O	O	O	
più	O	O	O	O	
in	O	O	O	O	
là	O	O	O	O	
,	O	O	O	O	
sotto	O	O	O	O	
il	B-FAC	O	O	O	
ponte	I-FAC	O	O	O	
ferroviario	I-FAC	O	O	O	
,	O	O	O	O	
prima	O	O	O	O	
di	O	O	O	O	
far	O	O	O	O	
gomito	O	O	O	O	
,	O	O	O	O	
l	O	O	O	O	
'	O	O	O	O	
acqua	O	O	O	O	
,	O	O	O	O	
incorrotta	O	O	O	O	
,	O	O	O	O	
luceva	O	O	O	O	
,	O	O	O	O	
con	O	O	O	O	
aspetto	O	O	O	O	
diverso	O	O	O	O	
.	O	O	O	O	

La	B-PER	O	O	O	
donna	I-PER	O	O	O	
interrogò	O	O	O	O	
un	O	O	O	O	
'	O	O	O	O	
ultima	O	O	O	O	
volta	O	O	O	O	
il	B-LOC	O	O	O	
fiume	I-LOC	O	O	O	
.	O	O	O	O	

Or	O	O	O	O	
ne	O	O	O	O	
saliva	O	O	O	O	
un	O	O	O	O	
alito	O	O	O	O	
d	O	O	O	O	
'	O	O	O	O	
umidità	O	O	O	O	
e	O	O	O	O	
il	O	O	O	O	
liquido	O	O	O	O	
fangoso	O	O	O	O	
,	O	O	O	O	
che	O	O	O	O	
lambiva	O	O	O	O	
alle	O	O	O	O	
basi	O	O	O	O	
immani	O	O	O	O	
i	O	O	O	O	
pilastri	O	O	O	O	
quadrati	O	O	O	O	
degli	O	O	O	O	
archi	O	O	O	O	
,	O	O	O	O	
aveva	O	O	O	O	
un	O	O	O	O	
fascino	O	O	O	O	
freddo	O	O	O	O	
.	O	O	O	O	

La	O	O	O	O	
chiamava	O	O	O	O	
.	O	O	O	O	

Nulla	O	O	O	O	
pareva	O	O	O	O	
più	O	O	O	O	
propizio	O	O	O	O	
del	O	O	O	O	
silenzio	O	O	O	O	
circostante	O	O	O	O	
,	O	O	O	O	
dell	O	O	O	O	
'	O	O	O	O	
ora	O	O	O	O	
solitaria	O	O	O	O	
.	O	O	O	O	

—	O	O	O	O	
Che	O	O	O	O	
morte	O	O	O	O	
!	O	O	O	O	

—	O	O	O	O	
ella	O	O	O	O	
mormorò	O	O	O	O	
.	O	O	O	O	

E	O	O	O	O	
come	O	O	O	O	
,	O	O	O	O	
nell	O	O	O	O	
'	O	O	O	O	
atto	O	O	O	O	
in	O	O	O	O	
cui	O	O	O	O	
s	O	O	O	O	
'	O	O	O	O	
indugiava	O	O	O	O	
,	O	O	O	O	
le	O	O	O	O	
cupe	O	O	O	O	
acque	O	O	O	O	
la	O	O	O	O	
tentavano	O	O	O	O	
,	O	O	O	O	
l	O	O	O	O	
'	O	O	O	O	
attiravano	O	O	O	O	
ancora	O	O	O	O	
,	O	O	O	O	
pallidissima	O	O	O	O	
,	O	O	O	O	
vibrante	O	O	O	O	
per	O	O	O	O	
tutto	O	O	O	O	
il	O	O	O	O	
corpo	O	O	O	O	
d	O	O	O	O	
'	O	O	O	O	
un	O	O	O	O	
tremore	O	O	O	O	
improvviso	O	O	O	O	
,	O	O	O	O	
Letizia	B-PER	O	O	O	
scivolò	O	O	O	O	
sul	O	O	O	O	
ponte	B-FAC	O	O	O	
dal	O	O	O	O	
parapetto	B-FAC	O	O	O	
e	O	O	O	O	
a	O	O	O	O	
questo	O	O	O	O	
s	O	O	O	O	
'	O	O	O	O	
addossò	O	O	O	O	
,	O	O	O	O	
quasi	O	O	O	O	
mancando	O	O	O	O	
.	O	O	O	O	

Confusamente	O	O	O	O	
le	O	O	O	O	
appariva	O	O	O	O	
,	O	O	O	O	
ora	O	O	O	O	
,	O	O	O	O	
uno	O	O	O	O	
spettacolo	O	O	O	O	
novello	O	O	O	O	
.	O	O	O	O	

A	O	O	O	O	
man	O	O	O	O	
destra	O	O	O	O	
l	O	O	O	O	
'	O	O	O	O	
Arcivescovado	B-FAC	O	O	O	
,	O	O	O	O	
le	B-FAC	O	O	O	
case	I-FAC	O	O	O	
basse	I-FAC	O	O	O	
,	O	O	O	O	
una	B-LOC	O	O	O	
via	I-LOC	O	O	O	
che	O	O	O	O	
procedendo	O	O	O	O	
lungo	O	O	O	O	
le	B-FAC	O	O	O	
case	I-FAC	O	O	O	
si	O	O	O	O	
stringeva	O	O	O	O	
,	O	O	O	O	
e	O	O	O	O	
,	O	O	O	O	
nell	O	O	O	O	
'	O	O	O	O	
alto	O	O	O	O	
,	O	O	O	O	
più	O	O	O	O	
in	O	O	O	O	
là	O	O	O	O	
,	O	O	O	O	
sul	O	O	O	O	
cielo	O	O	O	O	
bianchiccio	O	O	O	O	
,	O	O	O	O	
la	B-FAC	O	O	O	
cupola	I-FAC	O	O	O	
della	I-FAC	O	O	O	
Santella	I-FAC	O	O	O	
.	O	O	O	O	

In	O	O	O	O	
fondo	O	O	O	O	
,	O	O	O	O	
rimpetto	O	O	O	O	
a	O	O	O	O	
lei	O	O	O	O	
,	O	O	O	O	
l	O	B-FAC	O	O	
'	O	I-FAC	O	O	
alto	O	I-FAC	O	O	
anfiteatro	O	I-FAC	O	O	
della	O	I-FAC	O	O	
Riviera	B-LOC	I-FAC	O	O	
Casilina	I-LOC	I-FAC	O	O	
il	O	O	O	O	
cui	O	O	O	O	
largo	O	O	O	O	
arco	O	O	O	O	
era	O	O	O	O	
terminato	O	O	O	O	
dalla	O	O	O	O	
fabbrica	B-FAC	O	O	O	
rozza	I-FAC	O	O	O	
e	I-FAC	O	O	O	
massiccia	I-FAC	O	O	O	
della	O	O	O	O	
polveriera	O	O	O	O	
.	O	O	O	O	

Le	O	O	O	O	
finestre	O	O	O	O	
di	O	O	O	O	
Riva	B-LOC	O	O	O	
Casilina	I-LOC	O	O	O	
trattenevano	O	O	O	O	
ancora	O	O	O	O	
il	O	O	O	O	
lume	O	O	O	O	
del	O	O	O	O	
tramonto	O	O	O	O	
e	O	O	O	O	
se	O	O	O	O	
ne	O	O	O	O	
accendevano	O	O	O	O	
;	O	O	O	O	
abbasso	O	O	O	O	
,	O	O	O	O	
quasi	O	O	O	O	
sull	O	O	O	O	
'	O	O	O	O	
argine	O	O	O	O	
del	O	O	O	O	
fiume	B-LOC	O	O	O	
,	O	O	O	O	
l	O	O	O	O	
'	O	O	O	O	
infame	B-LOC	O	O	O	
contrada	I-LOC	O	O	O	
Mazzamauriello	I-LOC	O	O	O	
sciorinava	O	O	O	O	
su	O	O	O	O	
d	O	O	O	O	
'	O	O	O	O	
un	B-LOC	O	O	O	
sentiero	I-LOC	O	O	O	
invisibile	I-LOC	O	O	O	
le	B-FAC	O	O	O	
sue	I-FAC	O	O	O	
due	I-FAC	O	O	O	
o	I-FAC	O	O	O	
tre	I-FAC	O	O	O	
casucce	I-FAC	O	O	O	
a	I-FAC	O	O	O	
un	I-FAC	O	O	O	
sol	I-FAC	O	O	O	
piano	I-FAC	O	O	O	
.	O	O	O	O	

Con	O	O	O	O	
la	O	O	O	O	
bocca	O	O	O	O	
serrata	O	O	O	O	
,	O	O	O	O	
con	O	O	O	O	
le	O	O	O	O	
braccia	O	O	O	O	
penzoloni	O	O	O	O	
,	O	O	O	O	
volte	O	O	O	O	
le	O	O	O	O	
spalle	O	O	O	O	
al	O	O	O	O	
tramonto	O	O	O	O	
la	B-PER	O	O	O	
donna	I-PER	O	O	O	
non	O	O	O	O	
distaccava	O	O	O	O	
lo	O	O	O	O	
sguardo	O	O	O	O	
da	O	O	O	O	
quel	B-FAC	O	O	O	
gruppo	I-FAC	O	O	O	
di	I-FAC	O	O	O	
case	I-FAC	O	O	O	
.	O	O	O	O	

Di	O	O	O	O	
là	O	O	O	O	
,	O	O	O	O	
su	O	O	O	O	
pel	O	O	O	O	
fiume	B-LOC	O	O	O	
,	O	O	O	O	
pareva	O	O	O	O	
che	O	O	O	O	
le	O	O	O	O	
arrivasse	O	O	O	O	
una	O	O	O	O	
voce	O	O	O	O	
aspettata	O	O	O	O	
,	O	O	O	O	
un	O	O	O	O	
susurro	O	O	O	O	
incitante	O	O	O	O	
.	O	O	O	O	

E	O	O	O	O	
fascinata	O	O	O	O	
,	O	O	O	O	
immobile	O	O	O	O	
,	O	O	O	O	
ella	O	O	O	O	
rimase	O	O	O	O	
lì	O	O	O	O	
ritta	O	O	O	O	
,	O	O	O	O	
tra	O	O	O	O	
le	O	O	O	O	
ombre	O	O	O	O	
che	O	O	O	O	
scendevano	O	O	O	O	
rapidamente	O	O	O	O	
sul	O	O	O	O	
ponte	B-FAC	O	O	O	
.	O	O	O	O	

L	O	O	O	O	
'	O	O	O	O	
ora	O	O	O	O	
scoccò	O	O	O	O	
all	O	O	O	O	
'	O	O	O	O	
Arcivescovado	B-FAC	O	O	O	
.	O	O	O	O	

Letizia	B-PER	O	O	O	
si	O	O	O	O	
volse	O	O	O	O	
attorno	O	O	O	O	
,	O	O	O	O	
smarrita	O	O	O	O	
.	O	O	O	O	

Era	O	O	O	O	
notte	O	O	O	O	
.	O	O	O	O	

S	O	O	O	O	
'	O	O	O	O	
era	O	O	O	O	
spento	O	O	O	O	
l	O	O	O	O	
'	O	O	O	O	
incendio	O	O	O	O	
del	O	O	O	O	
bosco	B-LOC	O	O	O	
,	O	O	O	O	
il	O	O	O	O	
cielo	O	O	O	O	
s	O	O	O	O	
'	O	O	O	O	
era	O	O	O	O	
chiuso	O	O	O	O	
,	O	O	O	O	
un	O	O	O	O	
velo	O	O	O	O	
plumbeo	O	O	O	O	
,	O	O	O	O	
subitamente	O	O	O	O	
,	O	O	O	O	
scendeva	O	O	O	O	
sulla	O	O	O	O	
Riviera	B-LOC	O	O	O	
Casilina	I-LOC	O	O	O	
e	O	O	O	O	
la	O	O	O	O	
nascondeva	O	O	O	O	
.	O	O	O	O	

Nell	O	O	O	O	
'	O	O	O	O	
ombra	O	O	O	O	
,	O	O	O	O	
alcune	O	O	O	O	
forme	O	O	O	O	
confuse	O	O	O	O	
passavano	O	O	O	O	
sullo	O	O	O	O	
spiazzo	O	O	O	O	
e	O	O	O	O	
si	O	O	O	O	
disperdevano	O	O	O	O	
.	O	O	O	O	

Allora	O	O	O	O	
ella	O	O	O	O	
scese	O	O	O	O	
dal	O	O	O	O	
ponte	B-FAC	O	O	O	
verso	O	O	O	O	
il	O	O	O	O	
Corso	B-LOC	O	O	O	
Appio	I-LOC	O	O	O	
.	O	O	O	O	

Traversò	O	O	O	O	
lo	O	O	O	O	
spiazzo	O	O	O	O	
con	O	O	O	O	
celere	O	O	O	O	
passo	O	O	O	O	
,	O	O	O	O	
tutta	O	O	O	O	
raccolta	O	O	O	O	
nello	O	O	O	O	
scialle	O	O	O	O	
,	O	O	O	O	
frettolosamente	O	O	O	O	
.	O	O	O	O	

